gloss,spoken,form
조선 시대 언제 까지 ?,조선 시대는 언제부터 언제까지였죠?,
생일 케이크 초 꽂다 .,생일 케이크 위에 초를 꽂았다.,
어떤 과목 위주 공부 ?,어떤 과목 위주로 공부하나요?,
사진 전시회 참석 하다 .,사진 전시회에 참석했다.,
김치 한국 전통 음식 .,김치는 한국의 전통 음식입니다.,
이 사이트 안전하다 ?,이 사이트는 안전한가요?,
그녀 말 솔직히 상처 받다 .,그녀의 말에는 솔직히 상처받았다.,
수업 참여 점수 어떻다 평가 ?,수업 참여 점수는 어떻게 평가해요?,
아기 수유실 위치 알리다 .,아기 수유실 위치를 알려주세요.,
이사 언제 하다 ?,이사 언제 하실 건가요?,
공부하다 피곤하다 자다 .,공부하다가 피곤해서 잤어요.,
인터넷 브라우저 쿠키 어떻게 삭제하다 ?,인터넷 브라우저 쿠키를 어떻게 삭제하나요?,
빵집 신선하다 빵 팔다 .,빵집에서는 신선한 빵을 판다.,
상품권 결제 가능 ?,상품권으로 결제할 수 있을까요?,
엄마 내 신발 보다 ?,"엄마, 내 신발 보셨어요?",
연차 사용하다 때 미리 알리다 되다 ?,연차 사용할 때는 미리 알려야 하나요?,
지금 몇 시간 걸리다 ?,지금 몇 시간 정도 걸릴까요?,
티켓 머신 작동 않다 .,티켓 머신이 작동하지 않아요.,
선생님 학생 진실 말하다 중요하다 가르치다 .,선생님은 학생들에게 진실을 말하는 중요성을 가르친다.,
교통체증 지연되다 건가요 ?,교통체증으로 지연되는 건가요?,
어디 만나다 ?,어디서 만날까요?,
인터넷 캐시 어떻게 정리하다 ?,인터넷 캐시를 어떻게 정리하나요?,
애완 동물 아프다 병원 가다 .,애완 동물이 아파서 병원에 데려갔다.,
택시 버스 중 무엇 더 빠르다 ?,택시와 버스 중 무엇이 더 빠를까요?,
여기 무료 와이파이 제공 ?,여기 무료 와이파이 제공하나요?,
청각장애인 위한 행사 정보 어디 알다 ?,청각장애인을 위한 행사 정보를 어디서 알 수 있을까요?,
1+1 행사 언제 까지 ?,1+1 행사는 언제까지 해요?,
어디 여행지 추천 ?,어떤 여행지 추천해요?,
아침 책 읽다 시간 갖다 .,아침에 책을 읽는 시간을 갖는다.,
연구비 지원 받다 가능 ?,연구비 지원을 받을 수 있나요?,
지도 교수님 면담하다 .,지도 교수님과 면담하려고 합니다.,
실험 필요 자료 찾다 .,실험에 필요한 자료를 찾고 있어요.,
이 사람 기절하다 .,이 사람이 기절했어요.,
도서관 새 책 발견 하다 .,도서관에서 새로운 책을 발견했다.,
테러 공격 사망자 수 증가하다 있다 .,테러 공격으로 인한 사망자 수가 증가하고 있다.,
모든 계획 물거품 되다 .,모든 계획이 물거품이 되었다.,
철학자 진리 다양하다 견해 가지다 .,철학자들은 진리에 대한 다양한 견해를 가지고 있다.,
행운 순간 잡다 .,행운의 순간을 잡았다,
바로 다음 비행기 언제다 ?,바로 다음 비행기는 언제에요?,
출발 전 보안 검사 받다 되다 ?,출발 전 보안 검사를 받아야 하나요?,
어리다 때 생일 기다리다 .,어릴 때는 생일이 기다려졌다.,
독서 정신 휴식 .,독서는 정신의 휴식이다.,
지금 졸업논문 쓰다 바쁘다 .,지금 졸업논문 쓰느라 바빠요.,
무열왕 어떤 일 유명하다 ?,무열왕은 어떤 일로 유명하죠?,
그 도서 베스트셀러 목록 올라가다 .,그 도서는 베스트셀러 목록에 올랐다.,
사진 스튜디오 가족 사진 찍다 .,사진 스튜디오에서 가족 사진을 찍었다.,
그 차 마시다 대화 하다 .,그와 함께 차를 마시며 대화했다.,
이 웹사이트 알림 설정 어떻게 변경하다 ?,이 웹사이트에서 알림 설정을 어떻게 변경하나요?,
지하철 갑자기 멈추다 .,지하철이 갑자기 멈췄어요.,
식사 시간 언제 ?,식사 시간이 언제인가요?,
출장 전 면회 시간 있다 ?,출장 전에 면회 시간이 있나요?,
방화문 닫다 .,방화문을 닫아주세요.,
대학원 생활 적응하다 힘들다 .,대학원 생활에 적응하느라 힘들어요.,
프린터 어떻게 사용하다 ?,이 프린터는 어떻게 사용하나요?,
가장 가깝다 지하철 역 가다 .,가장 가까운 지하철 역까지 가주세요.,
커피 무료 ?,커피는 무료인가요?,
어린이 요금 어떻게 되다 ?,어린이 요금은 어떻게 되나요?,
다음 계획 무엇 ?,다음 계획은 무엇인가요?,
그녀 소설 읽다 때 노트 작성 하다 .,그녀는 소설을 읽을 때 노트를 작성한다.,
책 일러스트 아름답다 .,책의 일러스트가 아름답다.,
수업료 할인 혜택 있다 ?,수업료 할인 혜택 있어요?,
그녀 첫 데이트 하다 .,그녀와 첫 데이트를 했다.,
아기 위하다 서비스 있다 ?,아기를 위한 서비스 있나요?,
직장 생일 파티 하다 주다 .,직장에서 생일 파티를 해 주셨다.,
이 레스토랑 국적 요리 어떤 것 전문 ?,이 레스토랑은 국적 요리는 어떤 것을 전문으로 하나요?,
병원 가다 길 잃다 .,병원 가는 길을 잃었어요.,
나 어린 아이 도덕적 가치 가르치다 프로그램 개발하다 .,나는 어린 아이들에게 도덕적 가치를 가르치는 프로그램을 개발했다.,
식물 물 주다 기분 좋아지다 .,식물에게 물을 주면서 기분이 좋아졌다.,
주차장 가득 차다 때 대기열 어디 시작 ?,주차장이 가득 찼을 때 대기열은 어디서 시작하나요?,
복장 규정 따로 있다 ?,복장 규정은 따로 있나요?,
대학원 선배 조언 구하다 .,대학원 선배의 조언을 구하고 싶어요.,
이메일 첨부파일 열리다 않다 .,이메일 첨부파일이 열리지 않아요.,
나 동생 친절하다 대하다 방법 가르치다 .,나는 동생에게 친절하게 대하는 방법을 가르쳤다.,
그녀 새 직장 입사 하다 .,그녀는 새로운 직장에 입사했다.,
이 레스토랑 평점 어떻게 되다 ?,이 레스토랑의 평점은 어떻게 되나요?,
책 읽다 참고문헌 체크 하다 .,책을 읽으면서 참고문헌을 체크한다.,
터미널 연결되다 기차 서비스 있다 ?,터미널에 연결된 기차 서비스 있나요?,
아빠 나 낚시 방법 가르치다 주다 .,아빠는 나에게 낚시하는 방법을 가르쳐 주셨다.,
기내 알코올 음료 주문하다 가능 ?,기내에서 알코올 음료 주문 가능해요?,
지하철 유실물 찾다 어떻게 하다 ?,지하철에서 유실물을 찾으려면 어떻게 해야 하나요?,
아빠 차 키 어디 두다 ?,"아빠, 차 키 어디 뒀어요?",
마을 축제 참석 하다 노래 부르다 춤 추다 .,마을의 축제에 참석해서 노래를 부르고 춤을 췄다.,
웹페이지 스크롤 자동으로 내려가다 .,웹페이지 스크롤이 자동으로 내려가네요.,
온라인 미팅 플랫폼 어떤 것 추천하다 ?,온라인 미팅 플랫폼을 어떤 것을 추천해요?,
그 사건 나 슬프다 하다 .,그 사건은 나를 슬프게 했다.,
오늘 하체 운동 위주 하다 .,오늘은 하체 운동 위주로 할게요.,
오늘 친구 30 생일 .,오늘은 친구의 30번째 생일이다.,
몇 명 구조 하다 ?,몇 명을 구조했나요?,
택시 기사님 충전기 있다 ?,"택시 기사님, 충전기 있나요?",
웹사이트 가상 화폐 결제 어떻게 하다 ?,웹사이트에서 가상 화폐 결제는 어떻게 하나요?,
이 곳 조용하다 .,이 곳은 조용하다,
주말 산책 즐기다 .,주말에는 산책을 즐긴다,
이메일 첨부하다 파일 너무 크다 전송 안되다 .,이메일에 첨부한 파일이 너무 커서 전송이 안돼요.,
터미널 간 이동하다 방법 무엇이다 ?,터미널 간 이동하는 방법은 무엇이에요?,
그녀 학생 생태학 대하다 가르치다 주다 .,그녀는 학생들에게 생태학에 대해 가르쳐 주었다.,
철학적 사유 논리적 이루어지다 .,철학적 사유는 논리적으로 이루어져야 한다.,
여기 좌회전하다 도착하다 곳 어디이다 ?,여기서 좌회전하면 도착하는 곳이 어디죠?,
그 그룹 새로운 전략 가르치다 주다 .,그는 그룹에 새로운 전략을 가르쳐 주었다.,
그녀 학생 생각하다 능력 키우다 방법 가르치다 주다 .,그녀는 학생들에게 생각하는 능력을 키우는 방법을 가르쳐 준다.,
헬스장 운동 후 상쾌하다 .,헬스장에서의 운동 후에는 상쾌했다.,
휴식 시간 잡지 보다 .,휴식 시간에는 잡지를 본다.,
선생님 학생 인생 가치 가르치다 .,선생님은 학생들에게 인생의 가치를 가르친다.,
워밍업 충분하다 ?,워밍업 충분히 했나요?,
이 웹사이트 데이터 어디 저장되다 ?,이 웹사이트의 데이터는 어디에 저장되나요?,
각본가 드라마 위해 스크립트 읽다 .,각본가는 드라마를 위해 스크립트를 읽는다.,
웹사이트 원하다 정보 찾다 수 없다 .,웹사이트에 원하는 정보를 찾을 수 없어요.,
몇 일 여행 가다 ?,몇 일 동안 여행 갔어요?,
공항 내 ATM 어디 위치하다 ?,공항 내 ATM은 어디에 위치해 있나요?,
이 티켓 몇 번 이용 가능 ?,이 티켓으로 몇 번 이용할 수 있나요?,
학회 발표 준비 어떻게 되다 ?,학회 발표 준비는 어떻게 되나요?,
태풍 남부 지역 피해 발생하다 .,태풍으로 인해 남부 지역에 피해가 발생했습니다.,
농인 공동체 활발하다 소통 .,농인 공동체는 활발하게 소통합니다.,
이 경기 누가 이기다 ?,이 경기에서 누가 이겼나요?,
과학 실험 재밌다 .,과학 실험 재밌었어요.,
병원 도움 받다 .,병원에서 도움을 받았다.,
마을회관 지역 축제 즐기다 .,마을회관에서는 지역 축제를 즐겼다.,
성과보고서 작성하다 .,성과보고서를 작성해야 돼요.,
공항 내 약국 위치 알리다 .,공항 내 약국 위치를 알려주세요.,
타기 전 교통카드 찍다 하다 ?,타기 전에 교통카드를 찍어야 하나요?,
그 요리 만들다 .,그와 함께 요리를 만들었다.,
이 책 두 권 이루어지다 .,이 책은 두 권으로 이루어져 있다.,
대게 시즌 시작 .,대게시즌이 시작됐다.,
길찾기 위해 어떤 앱 추천하다 ?,길찾기를 위해 어떤 앱을 추천하나요?,
청각 보조기기 사용 경험 있다 ?,청각보조기기 사용해 본 경험 있어요?,
출장 때 무엇 입다 ?,출장 때 무엇을 입을까요?,
이동 경로 막히다 .,이동 경로가 막혔어요.,
국내 여행지 어디 좋다 ?,국내에서 가장 좋아하는 여행지는 어디에요?,
첫 해외여행 어디 ?,첫 해외여행이 어디였어요?,
오늘 택시 운행하다 분 많다 ?,오늘 택시 운행하는 분들 많나요?,
렌터카 예약하다 어디 가다 ?,렌터카 예약하려면 어디로 가야 해요?,
내년 예산안 발표 .,내년 예산안이 발표됐다.,
수업 자료 어디 받다 ?,수업 자료 어디서 받아요?,
어제 편지 받다 너무 행복하다 .,어제 편지를 받았는데 너무 행복해했다.,
다음 비행기 연결 탑승하다 가능 ?,다음 비행기로 연결 탑승이 가능한가요?,
새롭다 카페 커피 마시다 .,새로운 카페에서 커피를 마셨다.,
영어 성적 좋다져다 어떻다 하다 ?,영어 성적 좋아지려면 어떻게 해야 해요?,
택시 예약 가능 ?,택시 예약이 가능한가요?,
그녀 추천 책 항상 흥미롭다 .,그녀의 추천책은 항상 흥미롭다.,
현지 렌트카 사용 ?,현지에서 렌트카 이용하셨나요?,
점심 무엇 먹다 ?,점심에 뭐 먹을까요?,
축제 어떤 행사 있다 ?,축제에서 어떤 행사가 있나요?,
택시 기사님 조금 빠르다 가다 .,"택시 기사님, 조금만 빨리 가주세요.",
부족하다 성과 때문 회의 있다 .,부족한 성과 때문에 회의가 있을 거에요.,
노래 가사 외우다 것 나 어렵다 .,노래 가사를 외우는 것은 나에게는 어렵다.,
장학금 신청 방법 알리다 .,장학금 신청 방법을 알려주세요.,
이 작물 언제 수확 ?,이 작물은 언제 수확하는 건가요?,
약속 날짜 정하다 .,약속 날짜를 정해주세요,
이 노래 사랑 대한 노래 이다 .,이 노래는 사랑에 대한 노래이다.,
저녁 무엇 먹다 모르다 .,저녁에 뭐 먹을 지 모르겠어요.,
처방전 어디 받다 ?,처방전을 어디서 받나요?,
오스트리아 비엔나 오페라 감상하다 .,오스트리아의 비엔나에서는 오페라를 감상했어.,
코어 운동 집중 하다 해보다 .,코어 운동 좀 더 집중해서 해보세요.,
어떤 앱 택시 부르다 ?,무슨 앱으로 택시를 호출하나요?,
내일 수술 예정 있다 .,내일 수술이 예정되어 있어요.,
이 문제 어떻게 해결 ?,이 문제를 어떻게 해결하실 건가요?,
이 사건 어떻게 생각 ?,이 사건 대해 어떻게 생각하시나요?,
팀원 모두 성과급 지급하다 .,팀원 모두에게 성과급이 지급됐어요.,
올해 성과 무엇 ?,올해의 성과는 무엇인가요?,
목표치 도달하다 안하다 .,목표치에 도달하지 못했어요.,
이번 휴가 어디 가다 ?,이번 휴가 어디로 가려고 해요?,
학부 연구생 활동 중 .,학부 연구생으로 활동 중이에요.,
그 책 대상 받다 .,그 책은 대상을 받았다.,
플라톤 이상적 정치 체제 언급하다 .,플라톤은 이상적인 정치 체제에 대해 언급했다.,
흡연하다 안 되다 ?,흡연은 안되죠?,
이 레스토랑 몇 시 닫다 ?,이 레스토랑은 몇 시에 문을 닫아요?,
학원 무엇 배우다 ?,학원에서 뭘 배워요?,
그녀 해변 소풍 하다 .,그녀와 해변에서 소풍을 했다.,
나 대구 구워 먹다 .,나는 대구를 구워 먹었다.,
시간표 바꾸다 같다 .,시간표를 바꿔야 할 것 같아요.,
행운 카드 뽑다 .,행운의 카드를 뽑았다,
휴식 충분하다 취하다 해요 .,휴식은 충분히 취하셔야 해요.,
이번 주말 파티하다 오다 ?,이번 주말에 파티하는데 오실래요?,
이번 달 고용률 높아지다 .,이번 달 고용률이 높아졌습니다.,
길에서 교통사고 나다 .,길에서 교통사고가 났어요.,
지난 주 주가 크다 폭 하락하다 .,지난 주 주가가 큰 폭으로 하락했다.,
대학원 동기 모임 가지다 .,대학원 동기들과 함께 모임을 가질까 해요.,
버스 언제 오다 ?,버스가 언제 오나요?,
그녀 나 기다리다 주다 .,그녀는 나를 기다려주었다.,
운전 하다 힘들다 .,운전하기 힘들다,
가족 함께 파티 하다 .,가족들과 함께 생일 파티를 했다.,
대화 없이 조용하다 가다 .,대화 없이 조용히 가주세요.,
연구실 커뮤니케이션 중요하다 .,연구실에서의 커뮤니케이션 중요해요.,
실험 장비 어디 대여하다 ?,실험 장비는 어디서 대여하나요?,
집 앞 마트 할인 행사 하다 .,집 앞 마트에서 할인 행사를 했다.,
수하물 빨리 가져오다 있다 ?,수하물을 빨리 가져올 수 있나요?,
농인 아티스트 전시회 열리다 .,농인 아티스트들의 전시회가 열렸다.,
빠른 대피 필요하다 .,빠른 대피가 필요해요.,
카드 소원 적다 .,생일 카드에 소원을 적었다.,
선생님 제안서 준비하다 .,선생님께서는 제안서를 준비하셨다.,
결제 카드 현금 둘다 가능 ?,결제는 카드와 현금 둘 다 가능한가요?,
철학 인생 의미 탐구하다 .,철학은 인생의 의미를 탐구한다.,
유럽 여행 계획 있다 ?,유럽 여행 계획 있어요?,
몇 시 만나다 ?,몇 시에 만날까요?,
인터넷 데이터 사용량 어떻게 확인하다 ?,인터넷 데이터 사용량을 어떻게 확인하나요?,
오늘 추천 메뉴 무엇 ?,오늘의 추천 메뉴는 무엇인가요?,
운전 중 휴대폰 사용하다 ?,운전 중에도 휴대폰 사용하시나요?,
지도 교수님 의견 중요하다 .,지도 교수님 의견이 중요해요.,
아이 노래 부르다 좋아하다 .,아이가 노래 부르는 걸 좋아해.,
택시비 얼마 ?,택시비는 얼마인가요?,
투자 비교 수익률 어떻다 ?,투자 대비 수익률이 어떤가요?,
아이 영양제 주다 되다 ?,아이에게 영양제를 주어야 할까?,
주요 경제 지표 상승세 보이다 .,주요 경제지표가 상승세를 보였다.,
오늘 나 생일 .,오늘은 내 생일이다.,
집 도둑 들어오다 .,집에 도둑이 들었다.,
다음 인터뷰 주제 무엇 ?,다음 인터뷰 주제는 무엇인가요?,
이 상품 얼마 ?,이 상품은 얼마인가요?,
여행 중 일정 따로 짜다 안하다 ?,여행 중에 별도의 일정은 짜놓지 않아요?,
친구 메시지 보내다 .,친구들이 생일 축하 메시지를 보냈다.,
연구 주제 바꾸다 .,연구 주제를 바꾸려고 합니다.,
화면 분할 보다 기능 있다 ?,화면 분할해서 보는 기능 있어?,
이번 주 방송 내용 무엇 미리 알다 주다 ?,이번 주 방송 내용이 뭔지 미리 알려줄래?,
나 노래 부르다 것 좋아하다 .,나는 노래 부르기를 좋아한다.,
당신 병원 어디 일하다 ?,당신은 어느 병원에서 일하시나요?,
새롭다 알다 사람 저녁 먹다 .,새로 알게된 사람과 저녁을 먹었다.,
생일 음악 듣다 .,생일에는 기분 좋은 음악을 듣는다.,
출장 때 비행기 표 언제 예약 ?,출장 때 비행기 표는 언제 예약해야 하나요?,
사다리 필요하다 !,사다리가 필요해요!,
웹페이지 내용 모바일 공유하다 어떻게 하다 ?,웹페이지 내용을 모바일로 공유하려면 어떻게 해야해요?,
팀 프로젝트 언제 시작하다 ?,팀 프로젝트 언제 시작해요?,
교통카드 분실하다 . 어떻게 하다 ?,교통카드를 분실했어요. 어떻게 해야하나요?,
어릴 때 이 스포츠 시작하다 ?,어릴 때부터 이 스포츠를 시작하셨나요?,
그녀 입 모양 보다 말 이해하다 .,그녀는 입모양을 보며 말을 이해해요.,
상처 부위 압박하다 .,상처 부위를 압박하세요.,
오늘 저녁 무엇 먹다 ?,오늘 저녁 뭐 먹을까요?,
그 노래 대회 1등 하다 .,그는 노래 대회에서 1등을 했다.,
생일 때마다 사진 찍다 추억 남기다 .,생일마다 사진을 찍어 추억을 남긴다.,
책 우리 다른 세상 데려가다 .,책은 우리를 다른 세상으로 데려간다.,
선생님 수업 때 물 마시다 되다 하다 .,선생님께서는 수업 시간에 물을 마셔도 된다고 하셨어.,
청각 보조기기 사용하다 잘 들리다 .,청각 보조기기를 사용하면 더 잘 들린다.,
포토샵 사진 수정 하다 .,포토샵으로 사진을 수정했다.,
부서별 성과 알다 .,부서별 성과를 알려주세요.,
대피 경로 알리다 .,대피 경로를 알려주세요.,
어린이 의자 필요하다 .,어린이 의자가 필요해요.,
커피 끓이다 되다 ?,커피 끓여도 될까요?,
수영장 아이 놀이 즐기다 보이다 .,수영장에서 아이들이 놀이를 즐기는 모습이 보였다.,
사진 작가 강의 듣다 .,사진작가의 강의를 들었다.,
아빠 회사 일 해외 출장 가다 .,아빠가 회사 일로 해외 출장 가신다.,
사진 찍다 것 나 취미 이다 .,사진을 찍는 것은 나의 취미다.,
그 자동차 운전 가르치다 학교 일하다 .,그는 자동차 운전을 가르치는 학교에서 일한다.,
인터넷 연결 문제 동영상 스트리밍 끊기다 .,인터넷 연결 문제로 동영상 스트리밍이 끊기네요.,
카페라떼 우유 커피 만들다 .,카페라떼는 우유와 커피로 만든다.,
이 온라인 클래스 환불 정책 어떻게 되다 ?,이 온라인 클래스에서 환불 정책은 어떻게 돼요?,
배터리 곧 다하다 .,배터리가 곧 다 돼요.,
집 가족 보드게임 하다 .,집에서는 가족과 보드게임을 했다.,
우리 같다 취미 공유 하다 .,우리는 같은 취미를 공유했다.,
일기장 읽히다 소설 좋아하다 .,일기장처럼 읽히는 소설을 좋아한다.,
생일 케이크 어디 사다 ?,이 생일 케이크 어디서 사셨어요?,
오랜만에 가족 시간 가지다 .,오랜만에 가족과의 시간을 가졌다.,
우리나라 최초 헌법 무엇 ?,우리나라의 최초의 헌법은 무엇이었나요?,
주차장 몇 층 있다 ?,주차장은 몇 층까지 있나요?,
컴퓨터 비밀번호 잊어버리다 .,컴퓨터 비밀번호를 잊어버렸어요.,
저자 이야기 전개 잘 쓰다 .,저자가 이야기의 전개를 잘 썼다.,
너무 춥다 .,너무 춥다,
농촌 지역 물 부족 문제 심각하다 .,농촌 지역에서 물 부족 문제가 심각하다.,
낡다 책 의미 있다 .,낡은 책도 의미가 있다.,
여행 가다 때 필요하다 무엇 ?,여행 갈 때 가장 필요한 것은 뭐에요?,
행운 열쇠 잃어버리다 .,행운의 열쇠를 잃어버렸어,
이 택시 Wi-Fi 있다 ?,이 택시에는 Wi-Fi가 있나요?,
이 온라인 게임 서버 위치 어디 ?,이 온라인 게임은 서버 위치가 어디인가요?,
전공 책 추천하다 .,전공 책 추천해주세요.,
인터넷 전화 서비스 사용하다 어떤 것 필요하다 ?,인터넷 전화 서비스를 사용하려면 어떤 것이 필요해요?,
독서 사고력 키우다 주다 .,독서는 사고력을 키워준다.,
교통카드 만료일 어떻게 확인하다 ?,교통카드의 만료일은 어떻게 확인하나요?,
최근 영화 중 재미있다 무엇 ?,최근에 본 영화 중에 가장 재미있었던 건 뭐에요?,
이 작품 누가 쓰다 ?,이 작품은 누가 쓴 건가요?,
사진 이야기 전달 하다 .,사진으로 이야기를 전달한다.,
아이 급하게 약 먹다 .,아이가 급한 약을 먹어야 해요.,
나 학생 공정하다 경쟁 중요하다 가르치다 노력하다 .,나는 학생들에게 공정한 경쟁의 중요성을 가르치려고 노력한다.,
어릴 때 여행 경험 어떻다 ?,어릴 때 여행 경험이 어떠셨나요?,
주차장 어디 있다 ?,주차장은 어디에 있나요?,
실존주의자 존재 우선성 강조하다 .,실존주의자는 존재의 우선성을 강조한다.,
영어회화 클래스 듣다 싶다 .,영어회화 클래스 듣고 싶어요.,
기분 좋다 되다 !,기분이 좋아져서 기뻐요!,
인터넷 라디오 채널 추천하다 .,인터넷 라디오 채널 추천해주세요.,
이 앱 리뷰 어디서 보다 있다 ?,이 앱에 대한 리뷰를 어디서 볼 수 있나요?,
선생닝 새로운 프로젝트 방법론 가르치다 주다 예정이다 .,선생님은 새로운 프로젝트 방법론을 가르쳐 줄 예정이다.,
라이브 공연 녹음 것 보다 더 좋다 .,라이브 공연은 녹음된 것보다 더 좋다.,
그녀 농인 .,그녀는 농인입니다.,
세상 변화 불가피하다 .,세상의 변화는 불가피하다,
그 그룹 혁신적 아이디어 생각하다 방법 가르치다 .,그는 그룹에 혁신적인 아이디어를 생각하는 방법을 가르쳤다.,
서울 국제 회담 열리다 .,서울에서 국제 회담이 열렸습니다.,
철학 책 생각 많이 하다 만들다 .,철학 책은 생각을 많이 하게 한다.,
이 기사 언제 작성 ?,이 기사 언제 작성하셨어요?,
대중교통 이용하다 앱 로그인하다 방법 무엇 ?,대중교통을 이용하는 앱에 로그인하는 방법은 뭐에요?,
버스 좌석 물건 놓다 내리다 .,버스 좌석에 물건을 놓고 내렸어요.,
온라인 서점 이 책 재고 있다 ?,온라인 서점에서 이 책의 재고가 있나요?,
새로 사다 옷 어떻다 ?,새로 산 옷 어때요?,
나 새로운 언어 가르치다 것 좋아하다 .,나는 새로운 언어를 가르치는 것을 좋아한다.,
오늘 정말 피곤하다 일찍 자다 .,오늘은 정말 피곤해서 일찍 잤다.,
숲 나뭇잎 바람소리 듣다 .,숲에서 나뭇잎의 바람소리를 들었다.,
계산서 주다 .,계산서 주세요.,
길 막히다 다른 길 가다 .,길이 막히면 다른 길로 가주세요.,
이 주차장 24시간 운영 ?,이 주차장은 24시간 운영하나요?,
응급 상황 전화번호 알리다 .,응급 상황 전화번호를 알려주세요.,
유리 조각 다치다 .,유리 조각에 다쳤어요.,
그녀 안기다 잠들다 .,그녀에게 안겨서 잠들었다.,
연극 보다 가다 너무 감동적 .,연극을 보러 갔는데 너무 감동적이었다.,
대학 강연 듣다 .,대학에서 강연을 들었다.,
논문 작성 가이드라인 무엇 ?,논문 작성 가이드라인이 뭐에요?,
공항 내 무료 샤워 시설 있다 ?,공항 내 무료 샤워 시설 있나요?,
이 옷 기계세탁 가능 ?,이 옷은 기계세탁 가능한가요?,
다음 어디 만나다 ?,다음에 어디서 만날까요?,
오랜만에 할머니 방문 하다 .,오랜만에 할머니를 방문했다.,
코로나 바이러스 확진자 수 증가하다 있다 .,코로나 바이러스 확진자 수가 증가하고 있다.,
탑승 직전 화장실 어디 있다 ?,탑승 직전에 화장실이 어디에 있나요?,
학회 참석 휴가 원하다 .,학회 참석을 위한 휴가를 원해요.,
그 노래방 높다 점수 받다 .,그는 노래방에서 높은 점수를 받았다.,
생일 때마다 회상 생각 하다 .,생일마다 회상하며 지난 해를 생각한다.,
철학자 질문하다 멈추다 않다 .,철학자는 질문하는 것을 멈추지 않는다.,
프로젝트 성공 완료하다 .,프로젝트가 성공적으로 완료됐어요.,
여기 주차 가능 ?,여기 주차할 수 있어요?,
책장 다양하다 장르 책 있다 .,책장에는 다양한 장르의 책들이 있다.,
주말 가족 바베큐 파티 하다 .,주말에 가족들과 바베큐 파티 했어요.,
팝업 광고 계속 나오다 . 어떻게 막다 ?,팝업 광고가 계속 나와요. 어떻게 막나요?,
홍수 길 잠기다 .,홍수로 인해 길이 잠겼어요.,
다음 주 다시 오다 .,다음 주에 다시 올게요.,
사진 그 순간 기억 하다 .,사진으로 그 순간을 기억한다.,
오늘 직장 조기 퇴근 하다 .,오늘은 직장에서 조기 퇴근했다.,
간호사 부르다 ?,"간호사님, 부르셨나요?",
기내 사용하다 이어폰 있다 ?,기내에서 사용 가능한 이어폰 있나요?,
브라우저 페이지 안 열리다 .,브라우저에서 페이지가 안 열려요.,
택시 타다 할인 되다 ?,택시를 타면 할인이 되나요?,
동생 축하 공연 준비 하다 .,동생이 생일 축하 공연을 준비했다.,
수학 여행 어디 가다 ?,수학 여행 어디로 가요?,
미리 예약하다 택시이다 ?,미리 예약한 택시인가요?,
면세점 위치 알리다 .,면세점 위치를 알려주세요.,
나 그 사실 알다 실망하다 .,나는 그 사실을 알고 실망했다.,
기차 여행 계획 중이다 .,기차 여행을 계획 중이다.,
책 읽다 눈물 흘리다 .,책을 읽다가 눈물을 흘렸다.,
졸업 기준 무엇 ?,졸업 기준이 뭐에요?,
도착 시간 변경되다 .,도착 시간이 변경되었어요.,
수화 농인 언어 .,수화는 농인들의 언어입니다.,
임진왜란 어떤 배경 일어나다 ?,임진왜란은 어떤 배경 하에서 일어났나요?,
국내 대기업 해외 신규 투자 발표하다 .,국내 대기업이 해외에 신규 투자를 발표했다.,
국사 공부 방법 추천 하다 주다 ?,국사 공부하는 방법 추천해주세요.,
핫도그 먹다 야구 즐기다 .,핫도그를 먹으며 야구경기를 즐겼다.,
커뮤니티 활동 자주 무엇 있다 ?,커뮤니티에서 자주 하는 활동은 무엇이 있나요?,
이번 달 결혼식 몇 번 있다 ?,이번 달에 결혼식이 몇 번 있어요.,
호텔 어디 예약 ?,호텔은 어디로 하셨어요?,
캐시백 이벤트 언제 시작 ?,캐시백 이벤트는 언제부터 시작해요?,
독서 통해 세상 알다 .,독서를 통해 세상을 안다.,
책방 새 소설 구입 하다 .,책방에서 새로운 소설을 구입했다.,
토마토 과일 분류 .,토마토는 과일로 분류된다.,
택시 기사님 휴식 시간 언제 ?,택시 기사님들의 휴식 시간은 언제인가요?,
지각하다 어떻게 하다 되다 ?,지각하면 어떻게 해야 돼요?,
그 새로운 스포츠 가르치다 클럽 강사로 일하다 있다 .,그는 새로운 스포츠를 가르치는 클럽에서 강사로 일하고 있다.,
렌터카 반납하다 곳 어디 ?,렌터카 반납하는 곳은 어디에요?,
여기 어디이다 ? 잘못 내리다 같다 .,여기가 어디죠? 잘못 내린 것 같아요.,
발표 자료 어디 받다 ?,발표 자료는 어디서 받을 수 있나요?,
차량 내부 청소 언제쯤 하다 ?,차량 내부 청소는 언제쯤 하나요?,
그 카페 커피 마시다 .,그와 함께 카페에서 커피를 마셨다.,
오늘 날씨 정말 좋다 .,오늘 날씨가 정말 좋네요.,
주말 등산 가다 .,주말에 등산 가려고 해요.,
그 꽃 나 선물 하다 .,그는 나에게 꽃을 선물했다.,
주차 인증 어디 받다 가능 ?,주차 인증은 어디서 받을 수 있나요?,
요즘 새 노래 있다 ?,요즘 새로 나온 노래 있어요?,
사람마다 인생 해석 다르다 .,사람마다 인생의 해석이 다르다,
성과 측정 도구 도입하다 .,성과 측정 도구를 도입하려고 해요.,
주변 피다 꽃 구경 하다 .,주변에 피어나는 꽃들을 구경했다.,
오늘 추천 작품 무엇 이다 ?,오늘의 추천 작품 뭐야?,
무게 초과료 얼마 ?,무게 초과료가 얼마에요?,
나 그 실망감 느끼다 .,나는 그에게 실망감을 느꼈다.,
응급 상황이다 . 도움 필요하다 !,응급 상황입니다. 도와주세요!,
독가스 새다 같다 .,독가스가 새는 것 같아요.,
공항 얼마나 걸리다 ?,공항까지 얼마나 걸리나요?,
언니 동생 놀이동산 가다 .,언니와 동생이 놀이동산에 갔다.,
당신 사용 수화 어떤 방식 ?,당신이 사용하는 수화는 어떤 방식인가요?,
학교 앞 친구 만나다 .,학교 앞에서 친구 만나기로 했어요.,
아빠 언제 집 오다 ?,아빠는 언제 집에 오시나요?,
밥 먹다 ?,밥 먹었어요?,
집 휴식 취하다 하루 보내다 .,집에서 휴식을 취하면서 하루를 보냈다.,
언제 다시 여행 가다 가능 ?,언제 다시 여행 갈 수 있을까?,
올해 몇 번 여행 가다 ?,올해는 몇 번 여행을 다녀왔나요?,
공항 버스 스케줄 알리다 .,공항 버스 스케줄을 알려주세요.,
영화관 팝콘 먹다 .,영화관에서는 팝콘을 먹었다.,
수업 준비 잘하다 ?,수업 준비 잘 했어요?,
어떤 사건 수사 중 ?,어떤 사건을 수사 중이신가요?,
웹사이트 보안 인증서 만료되다 메시지 나오다 .,웹사이트의 보안 인증서가 만료됐다는 메시지가 나와요.,
연구 위해 논문 여러 읽다 .,연구를 위해 여러 논문을 읽는다.,
공항 가깝다 호텔 어디 ?,공항에서 가장 가까운 호텔은 어디인가요?,
가족 생일 파티 놀이공원 모이다 .,가족들이 생일 파티를 위해 놀이공원에 모였다.,
피아노 연주 새롭다 배우다 .,피아노 연주를 새로 배웠다.,
다음 세트 준비 되다 ?,다음 세트 할 준비 됐어요?,
나 새로운 기술 가르치다 세미나 개최하다 .,나는 새로운 기술을 가르치는 세미나를 개최했다.,
이 운동기구 어떻게 사용 ?,이 운동기구 어떻게 사용하나요?,
오늘 아침 빵 커피 식사 하다 .,오늘 아침에는 빵과 커피로 식사했다.,
피해자 계속 늘어나다 .,피해자가 계속 늘어나요.,
스테이크 미디움 구워 주다 .,스테이크는 미디움으로 구워주세요.,
아이 습관 고치다 힘들다 .,아이 습관 고치기 힘들다.,
옛날 이야기 모으다 책 발견 하다 .,옛날 이야기를 모아놓은 책을 발견했다.,
대학 입학식 언제 ?,대학 입학식 언제에요?,
고등학교 어떤 동아리 활동 하다 ?,고등학교에서 어떤 동아리 활동 했어요?,
캠핑 준비물 무엇 ?,캠핑 갈 때 필요한 준비물 뭐에요?,
공항 내 호텔 예약하다 어디 가다 ?,공항 내 호텔을 예약하려면 어디로 가야해요?,
세상 절대적 진리 존재하다 ?,세상에 절대적 진리는 존재하는가?,
교통카드 결제 가능 ?,교통카드로 결제할 수 있나요?,
친구 BBQ 파티 축하 하다 .,친구들과 생일을 BBQ 파티로 축하했다.,
약속 장소 백화점 앞 .,약속 장소는 백화점 앞이에요,
출구 찾다 빠져나오다 .,출구를 찾아서 빠져나가요.,
웹사이트 결제 방식 어떤 것 있다 ?,웹사이트에서 결제 방식은 어떤 것들이 있나요?,
구급차 부르다 !,구급차를 부르세요!,
시험 범위 어디 까지 ?,시험 범위 어디까지에요?,
올림픽 한국 금메달 획득하다 .,올림픽에서 한국이 금메달을 획득했다.,
이 웹사이트 회원 탈퇴 어떻게 하다 ?,이 웹사이트에서 회원 탈퇴는 어떻게 해야해요?,
주차장 요금 얼마 ?,주차장 요금은 얼마인가요?,
오랜만에 피크닉 가다 싶다 .,오랜만에 피크닉 가고 싶다.,
다음 주 워크숍 참석 신청 필요하다 .,다음 주 워크숍 참석하려면 신청해야 해.,
여기 VIP 회원 혜택 있다 ?,여기 VIP 회원 혜택 있나요?,
경쟁사 비교 성과 좋다 .,경쟁사보다 성과가 좋아요.,
과일 주스 설탕 넣다 않다 .,과일 주스는 설탕을 넣지 않았다.,
의사 감사하다 전하다 .,의사님께 감사하다고 전해주세요.,
유모차 가지다 버스 타다 가능 ?,유모차를 가지고 버스에 탈 수 있나요?,
여기 테이크아웃 가능 ?,여기서 테이크아웃도 가능한가요?,
셀프 바 어디 ?,셀프 바는 어디에요?,
나 매일 저녁 책 읽다 .,나는 매일 저녁에 책을 읽는다.,
이 작품 주제 무엇 ?,이 작품은 어떤 주제로 쓰였나요?,
오늘 진료 여기 까지 .,오늘의 진료는 여기까지예요.,
이 근처 주차장 있다 ?,이 근처에 주차장이 있나요?,
그 책 쓰다 작가 .,그는 책을 쓰는 작가다.,
그녀 선물 나 주다 .,그녀가 내게 생일 선물을 주었다.,
청각장애인 일상 불편 없다 도움 주다 .,청각장애인도 일상생활에 불편함이 없도록 도와야 해요.,
그 놀이공원 가다 .,그와 함께 놀이공원에 갔다.,
선생님 숙제 오늘 있다 ?,"선생님, 오늘 숙제 있어요?",
몇 살 ?,몇 살이신 건가요?,
도덕성 문화 교육 결정되다 .,도덕성은 문화와 교육에 의해 결정된다.,
야외 캠핑 음식 만들다 .,야외에서는 캠핑 음식을 만들었다.,
겨울 여행 어디 가다 좋다 ?,겨울에는 어디로 여행 가는 게 좋아요?,
보안 검사 후 면세점 이용하다 있다 ?,보안 검사 후에도 면세점을 이용할 수 있나요?,
세일 제품 따로 전시 되다 있다 ?,세일하는 제품만 따로 전시되어 있나요?,
실험 장비 고장나다 .,실험 장비가 고장났어요.,
비행기 탑승 언제까지 가능 ?,비행기 탑승은 언제까지 가능해요?,
새로운 팀원 모집 있다 ?,새로운 팀원을 모집하고 있어요?,
맞춤 제작 가능 ?,맞춤 제작도 가능한가요?,
이 회사 복리후생 어떤 것 있다 ?,이 회사의 복리후생은 어떤 게 있나요?,
인터넷 트래픽 많다 페이지 로딩 오래 걸리다 .,인터넷 트래픽이 많아서 페이지 로딩이 오래 걸려요.,
여행 사진 앨범 만들다 ?,여행 사진 앨범 만들었어요?,
전자책 읽다 때 백라이트 조절 하다 .,전자책을 읽을 때는 백라이트를 조절한다.,
가격 왜 이렇게 비싸다 ?,가격이 왜 이렇게 비싼가요?,
MRI 검사 언제 받다 ?,MRI 검사를 언제 받을 수 있나요?,
항공사 카운터 할인 쿠폰 받다 있다 ?,항공사 카운터에서 할인 쿠폰을 받을 수 있나요?,
후식 무엇 추천하다 ?,후식으로 뭐 추천하시나요?,
음악가 아름답다 음악 만들다 .,음악가는 아름다운 음악을 만든다.,
택시 안 음식물 섭취 안 되다 ?,택시 안에서 음식물 섭취는 안되죠?,
학교 식당 밥 맛있다 .,학교 식당의 밥이 맛있다.,
비 오다 우산 주의하다 .,비가 오니 우산 주의하시길 바랍니다.,
노래 듣다 기분 좋아지다 .,노래를 들으면서 기분이 좋아졌다.,
베지테리언 메뉴 있다 ?,베지테리언 메뉴도 있나요?,
이 도로 항상 교통체증 있다 ?,이 도로는 항상 교통체증이 있나요?,
이사 준비 때문에 바쁘다 .,이사 준비로 인해 바빴다.,
해외 여행 문화충격 느끼다 ?,해외 여행 중 문화충격 느낀 적 있나요?,
읽다 재미있다 구절 밑줄 그리다 .,읽다가 재미있는 구절을 밑줄을 그었다.,
장애인 좌석 어디 있다 ?,장애인 좌석은 어디에 있나요?,
가스 냄새 나다 !,가스 냄새가 나요!,
테이블 정리하다 .,테이블 정리 좀 해주세요.,
우산 가져오다 .,우산을 가져와야겠다,
번역서 원작 선호 하다 .,번역서보다 원작을 선호한다.,
대중교통 운행 정보 어디 확인 가능 ?,대중교통 운행 정보를 어디서 확인할 수 있나요?,
어떤 증상 병원 오다 ?,어떤 증상으로 병원에 오셨나요?,
가족 같이 영화 보다 .,가족과 함께 영화를 봤다.,
너 강아지 몇 살이다 ?,너의 강아지는 몇 살이야?,
연구실 회의 언제 하다 ?,연구실 회의는 언제 하나요?,
다음 주 출장 가다 필요하다 .,다음 주에 출장을 가야 합니다.,
이 노래 음악 차트 1위 하다 .,이 노래는 음악 차트에서 1위를 했다.,
나라마다 습관 다르다 ?,나라마다 습관이 다르더라고요.,
집 얼마나 걸리다 같다 ?,집까지 얼마나 걸릴 것 같아요?,
요즘 들다 노래 추천하다 ?,요즘 들어 노래 추천해주세요.,
사진 작품 인터넷 업로드 하다 .,사진 작품을 인터넷에 업로드했다.,
월별 성과 차트 보여주다 .,월별 성과 차트를 보여줘요.,
의자 뒤로 기울이다 가능 ?,의자를 조금 뒤로 기울일 수 있나요?,
여기 어느 도로 타다 가장 빠르다 ?,여기서 어느 도로를 타면 가장 빠를까요?,
연구실 규칙 지키다 .,연구실 규칙을 지키세요.,
오늘 점심 무엇 먹다 ?,오늘 점심에 뭐 먹었어요?,
인터넷 데이터 사용량 확인하다 어떻게 하다 ?,인터넷 데이터 사용량을 확인하려면 어떻게 해야해요?,
우리 식당 저녁 먹다 .,우리는 식당에서 저녁을 먹었다.,
차 안 음식 먹다 되다 ?,차 안에서 음식을 먹어도 되나요?,
그녀 노래방 가다 .,그녀와 같이 노래방에 갔다.,
성과보고서 누락 정보 있다 .,성과보고서에 누락된 정보가 있어요.,
우리 밤 새다 이야기 하다 .,우리는 밤을 새워서 이야기했다.,
수술 성공적 .,수술이 성공적이었어요.,
여기 주차 공간 있다 ?,여기에 주차할 수 있는 공간이 있나요?,
케이크 자르다 전 촛불 끄다 .,케이크를 자르기 전에 촛불을 끄세요.,
일제 강점기 어떻게 시작 되다 ?,일제 강점기는 어떻게 시작되었나요?,
물 끊다 스위치 찾다 .,물을 끊는 스위치를 찾아주세요.,
택시 노래 틀다 되다 ?,택시에서 노래를 틀어도 될까요?,
이 요리 어떤 재료 만들다 ?,이 요리는 어떤 재료로 만들어졌나요?,
외부 회의 있다 오후 출근하다 .,외부와의 회의가 있어 오후에 출근할게요.,
기내식 메뉴 무엇 있다 ?,기내식 메뉴는 무엇이 있나요?,
비행기 구름 위 풍경 감상 하다 .,비행기에서는 구름 위의 풍경을 감상했다.,
개발 환경 설정 하다 ?,개발 환경 설정했어?,
주차장 이용 때 차량 번호 등록 해야하다 ?,주차장 이용시 차량 번호를 등록해야 하나요?,
이번 학기 성적 어떻다 ?,이번 학기 성적 어땠어요?,
학교 언제 끝 ?,학교 언제 끝나요?,
웹캠 활용하다 온라인 인터뷰 준비 팁 무엇 ?,웹캠을 활용한 온라인 인터뷰 준비 팁이 뭐에요?,
온라인 주문하다 제품 배송 상태 어디서 확인하다 ?,온라인 주문한 제품의 배송 상태를 어디서 확인하나요?,
약속 시간 지키다 .,약속 시간을 지켜주세요,
월요일 사장님 오다 .,월요일에 사장님이 오신다.,
이번 연구 결과 발표하다 .,이번 연구 결과를 발표하려고 합니다.,
가방 트렁크 넣다 . 확인하다 .,가방을 트렁크에 넣어두었어요. 꼭 확인해주세요.,
그녀 학생 실험 기법 가르치다 주다 있다 .,그녀는 학생들에게 실험 기법을 가르쳐 주고 있다.,
올해 농작물 상태 어떻다 ?,올해 농작물 상태는 어떤가요?,
어린이 도서관 아이 책 보다 .,어린이 도서관에서 아이와 함께 책을 봤다.,
여기 피팅룸 어디 ?,여기 피팅룸 어디에요?,
책 내용 토대 토론 하다 .,책의 내용을 토대로 토론을 했다.,
오늘 옷 예쁘다 .,오늘 옷 예쁘다,
사진 기술 발전 하다 것 놀라다 .,사진 기술이 발전하는 것이 놀랍다.,
연구실 충돌 해결하다 .,연구실에서의 충돌을 해결하려고 해요.,
그 농인 영화감독 .,그는 농인 영화감독입니다.,
앞 오른쪽 회전하다 .,앞에서 오른쪽으로 회전하세요.,
재난 문자 오다 .,재난 문자가 왔어요.,
볶음 김치 매콤하다 짭짤하다 .,볶음 김치는 매콤하고 짭짤하다.,
이 근처 대형 슈퍼마켓 있다 ?,이 근처에 대형 슈퍼마켓이 있나요?,
선생님 연구 많이 하다 .,선생님께서는 연구를 많이 하신다.,
독극물 먹다 같다 .,독극물을 먹은 것 같아요.,
통증 줄어들다 .,통증이 줄어들었어요.,
소스 추가 주다 ?,소스 추가해 주실래요?,
올해 목표 무엇 ?,올해 목표가 뭐에요?,
집 읽다 않다 책 많다 .,집에는 읽지 않은 책이 많다.,
우리 동네 새 식당 생기다 .,우리 동네에 새로운 식당 생겼어요.,
학생증 할인 받다 가능 ?,학생증으로 할인 받을 수 있어요?,
라이브 스트리밍 언제 시작 ?,라이브 스트리밍 언제 시작하나요?,
너무 놀라다 무섭다 .,너무 놀라서 무섭다,
최근 구매 제품 교환 어떻게 하다 ?,최근 구매한 제품 교환하려면 어떻게 해야 해요?,
월요일 기운 없다 .,월요일이라 기운이 없어요.,
전력 끊기다 같다 .,전력이 끊어질 것 같아요.,
생일 선물 기프트카드 받다 .,생일 선물로 기프트 카드를 받았다.,
이 방송 어느 채널 하다 ?,이 방송은 어느 채널에서 하나요?,
주차 시간 제한 있다 ?,주차 시간에 제한이 있나요?,
이 사진 어디 찍다 ?,이 사진 어디서 찍으셨나요?,
이 노래 90년대 히트곡 이다 .,이 노래는 90년대 히트곡이었다.,
폭발 소리 들리다 .,계속해서 폭발 소리가 들려요.,
논문 피드백 어떻게 생각하다 ?,논문 피드백은 어떻게 생각하세요?,
이 도로 교통체증 심하다 ?,이 도로는 교통체증이 심한가요?,
새롭다 식물 집 가져오다 .,새로운 식물을 집에 가져왔다.,
여행 블로그 작성 경험 있다 ?,여행 블로그 작성해보셨나요?,
응급 상황 매뉴얼 찾다 .,응급 상황 매뉴얼을 찾아요.,
연말 성과 평가 어떻다 ?,연말 성과 평가는 어떻게 돼요?,
다음 작품 출연 하다 ?,다음 작품에 출연하실 건가요?,
나 행운 하늘 아래 서다 있다 .,나는 행운의 하늘 아래에 서 있다,
북한 관계 개선 위한 회의 개최되다 .,북한과의 관계 개선을 위한 회의가 개최되었다.,
농인 커뮤니티 함께 행사 열리다 .,농인 커뮤니티와 함께하는 행사가 열렸다.,
철학적 의문 답 없다 .,철학적 의문은 종종 답이 없다.,
탑승 전 음료 마시다 되다 ?,탑승 전 음료를 마셔도 되나요?,
기내 어떤 영화 상영하다 ?,기내에서 어떤 영화 상영하나요?,
우리 함께하다 그때 그리워하다 .,우리가 함께한 그때가 그립다.,
딸기 지금 시즌 아니다 .,딸기는 지금 시즌이 아니다.,
경찰 범죄 막다 일 하다 .,경찰은 범죄를 막는 일을 한다.,
렌탈 서비스 제공 하다 ?,렌탈 서비스도 제공하나요?,
조금 천천히 가다 . 몸 안 좋다 .,조금만 천천히 가주세요. 몸이 안 좋아요.,
마음 들다 옷 사다 .,마음에 드는 옷을 샀다.,
사고 차량 도로 막다 .,사고 차량이 도로를 막고 있어요.,
햄스터 종종 숨다 .,햄스터는 종종 숨는다,
계산서 주다 .,계산서 주세요.,
여기 직진하다 U턴 하다 .,여기서 직진하다 U턴 해주세요.,
지하철 자전거 가져가다 되다 ?,지하철에 자전거를 가져가도 될까요?,
온라인 포트폴리오 사이트 추천하다 .,온라인 포트폴리오 사이트 추천해주세요.,
농인 인권 캠페인 시작되다 .,농아 인권을 위한 캠페인이 시작되었다.,
이 음식 어떤 재료 만들다 ?,이 음식은 어떤 재료로 만들어졌어요?,
이 노래 가사 매우 감동적 이다 .,이 노래의 가사는 매우 감동적이다.,
아침 일어나다 커피 마시다 .,아침에 일어나서 커피를 마셔요,
비행기 출발 시간 언제 ?,비행기 출발 시간은 언제인가요?,
스케치북 그림 그리다 .,스케치북에 그림을 그렸다.,
꿈 행복하다 일 꾸다 .,꿈에서 행복한 일을 꾸었다.,
수화 배우다 싶다 시작 어떻게 좋다 ?,수화를 배우고 싶어요. 어떻게 시작하면 좋을까요?,
제품 원산지 어디 ?,제품의 원산지가 어디에요?,
풍경 사진 찍다 위해 여행 가다 .,풍경 사진을 찍기 위해 여행을 갔다.,
새로운 프로젝트 언제 시작하다 ?,새로운 프로젝트는 언제 시작하나요?,
고립 사람 찾다 .,고립된 사람들을 찾아요.,
버스 타다 때 뒷문 타다 되다 ?,버스에 탈 때 뒷문에서 타도 되나요?,
인터넷 연결 안 되다 .,인터넷 연결이 안 돼요!,
친구 편지 도착 하다 기쁘다 .,친구의 편지가 도착해서 기쁘다.,
내일 저녁 시간 어떻다 ?,내일 저녁에 시간 어때요?,
비행 시간 얼마나 걸리다 ?,비행 시간은 얼마나 걸려요?,
실험 결과 예상 다르다 .,실험 결과가 예상과 달라요.,
연휴 때 버스 운행 시간 달라지다 ?,연휴 때 버스 운행 시간이 달라지나요?,
내일 우체국 택배 받다 가다 .,내일 우체국에 택배를 받으러 가야 돼.,
교통카드 충전기 어디 있다 ?,교통카드 충전기는 어디에 있나요?,
온라인 상담 서비스 이용하다 어떻게 하다 ?,온라인 상담 서비스 이용하려면 어떻게 해야해요?,
이메일 스팸으로 오다 .,이메일이 계속 스팸으로 오는데요.,
베이징 출장 언제 ?,베이징으로의 출장은 언제인가요?,
문장 하나하나 깊다 뜻 갖다 .,문장 하나하나가 깊은 뜻을 갖는다.,
인터넷 패키지 업그레이드 비용 얼마 ?,인터넷 패키지 업그레이드 비용은 얼마인가요?,
이 노래 여름 어울리다 곡 이다 .,이 노래는 여름에 어울리는 곡이다.,
택시 마스크 착용 필수이다 ?,택시에서 마스크 착용은 필수인가요?,
그녀 관계 혼란 느끼다 .,그녀와의 관계에 혼란을 느꼈다.,
지도 교수님 질문 있다 .,지도 교수님께 질문이 있어요.,
비비큐 파티 고기 많이 구우다 .,비비큐 파티에서는 고기를 많이 구웠다.,
날씨 때문 약속 취소 되다 .,날씨 때문에 약속이 취소되었다.,
이 문제 어떻게 해결 ?,이 문제 해결 방법을 알려주세요.,
독서 나 취미 .,독서는 나의 취미다.,
낮잠 잠시 자다 기운 나다 .,낮잠을 잠시 자니 기운이 났다.,
그녀 나 언어 미묘하다 차이 가르치다 주다 .,그녀는 나에게 언어의 미묘한 차이를 가르쳐 주었다.,
수족관 물고기 관찰 하다 .,수족관에서 다양한 물고기를 관찰했다.,
이 운동 어떤 부위 위한 거 ?,이 운동은 어떤 부위를 위한 건가요?,
물 다 떨어지다 . 누가 갈다 주다 되다 ?,물이 다 떨어졌어요. 누가 갈아줘야 돼요?,
대형 차량 주차 별도 비용 발생 ?,대형 차량 주차는 별도의 비용이 발생하나요?,
성과 개선 방안 제안하다 .,성과 개선 방안을 제안하고 싶어요.,
요즘 무엇 하다 시간 보내다 ?,요즘 뭐 하면서 시간 보내요?,
물 더 주다 ?,물을 더 주시겠어요?,
수화 일상 편하다 사용 연습 어떻게 하다 ?,수화를 일상에서 더 편하게 사용하려면 어떻게 연습해야 하나요?,
그 신간 도서 주의 깊다 살펴보다 .,그는 신간 도서를 주의 깊게 살펴본다.,
서점 할인 행사 하다 .,서점에서 할인 행사를 했다.,
그녀 아이 창의력 발휘하다 방법 가르치다 주다 .,그녀는 아이들에게 창의력을 발휘하는 방법을 가르쳐 준다.,
그녀 나 얘기 믿다 않다 .,그녀는 내 얘기를 믿지 않았다.,
다음 여행지 어디 계획 ?,다음 여행지로 어디 계획하셨어요?,
스팟터 필요하다 ?,혹시 스팟터 필요하세요?,
사진 앱 사용 필터 적용 하다 .,사진 앱을 사용해서 필터를 적용했다.,
말 보다 .,말을 봤다.,
인터넷 뱅킹 비밀번호 잊다 버리다 .,인터넷 뱅킹 비밀번호를 잊어버렸어요.,
오늘 결혼식 어디 ?,오늘 결혼식 어디서 하나요?,
운전하다 라디오 듣다 좋아하다 ?,운전하시면서 라디오 듣기 좋아하시나요?,
독서 창의력 키우다 주다 .,독서는 창의력을 키워준다.,
이 웹사이트 구매하다 안전하다 ?,이 웹사이트에서 구매 안전한가요?,
여행 중 힘들다 때 있다 ?,여행 중 힘들었던 순간 있었나요?,
인터넷 보안 프로그램 추천하다 .,인터넷 보안 프로그램 추천해주세요.,
여기 직진하다 .,여기서 직진하세요.,
내일 친구 생일이다 .,내일은 친구의 생일이에요,
집 음악 듣다 쉬다 .,집에서 음악을 들으며 쉬었다.,
온라인 채팅 서비스 이용하다 어떻게 하다 ?,온라인 채팅 서비스를 이용하려면 어떻게 해야해요?,
다치다 않다 조심하다 .,다치지 않게 조심하세요.,
작년 비교 성과 좋다져다 .,작년에 비해 성과가 더 좋아졌어요.,
여행 전 무엇 준비 ?,여행 가기 전에 뭐 준비하셨어요?,
공원 산책 어떻다 ?,공원에서 산책하는 건 어떤가요?,
길 복잡하다 헷갈리다 . 어디 가다 되다 ?,길이 복잡해서 헷갈리네요. 어디로 가면 될까요?,
군인 나라 지키다 .,군인은 나라를 지킨다.,
과외비 얼마 ?,과외비는 얼마인가요?,
공부 앱 알다 ?,공부하는데 좋은 앱 알아요?,
어제 친구 생일 파티 참석 하다 .,어제는 친구의 생일파티에 참석했다.,
도착하다 연락 주다 .,도착하면 연락 주세요.,
아이 주말 할 일 계획 하다 ?,아이들이 주말에 할 일 계획했어?,
이메일 주소 무엇 ?,이메일 주소가 뭐에요?,
블루투스 스피커 연결하다 않다 .,블루투스 스피커를 연결할 수 없어요.,
연구실 동료 의견 다르다 .,연구실 동료와 의견이 다르네요.,
교육과정 변경 있다 ?,교육과정 변경된 거 있어요?,
모든 생명체 소중하다 .,모든 생명체는 소중하다,
기내 이어플러그 판매하다 ?,기내에서 이어플러그 판매하나요?,
이 근처 화장실 있다 ?,이 근처에 화장실이 있나요?,
출발 시간 앞당기다 가능 ?,출발 시간을 앞당길 수 있나요?,
혼잡하다 시간대 피하다 언제 타다 ?,혼잡한 시간대를 피하려면 언제 타야 해요?,
여행 어디 가다 ?,여행 어디로 가셨나요?,
비행기 시간 확인 하다 ?,비행기 시간 확인했어?,
남다 음식 포장 가능 ?,남은 음식 포장 가능한가요?,
다음 대회 언제 ?,다음 대회는 언제인가요?,
대학교 어디 다니다 ?,대학교 어디 다니세요?,
지난 주말 여행 아주 특별하다 .,지난 주말 여행은 아주 특별했다.,
의식 기원 이론 많다 .,의식의 기원에 관한 이론은 많다.,
오늘 기분 좋다 않다 집 있다 .,오늘은 기분이 좋지 않아서 집에만 있었다.,
집 새롭다 가구 사다 .,집에 새로운 가구를 샀다.,
이 온라인 서비스 어느 국가에서도 사용하다 있다 ?,이 온라인 서비스는 어느 국가에서도 사용 가능한가요?,
올해 주요 성과 3가지 무엇 ?,올해의 주요 성과 3가지는 뭐에요?,
토네이도 경보 내리다 .,토네이도 경보가 내렸어요.,
친구 오랜만에 통화 하다 .,친구와 오랜만에 통화했다.,
결과 만족하다 ?,결과를 만족하시나요?,
오늘 날씨 맑다 따뜻하다 .,오늘의 날씨는 맑고 따뜻했다.,
약속 시간 늦다 않다 오다 .,약속 시간에 늦지 않게 오세요,
얼음물 하나 주다 .,얼음물 하나 주세요.,
갤러리 현대 미술 감상 하다 .,갤러리에서 현대 미술 작품을 감상했다.,
출장 지원금 얼마나 되다 ?,출장 지원금은 얼마나 되나요?,
오랜만 친구 만나다 가다 .,오랜만에 친구 만나러 갔어요.,
그 말 나 마음 상하다 만들다 .,그의 말은 나의 마음을 상하게 했다.,
주문 때 알레르기 정보 알리다 .,주문할 때 알레르기 정보를 알려주세요.,
목표 수정하다 필요하다 .,목표를 수정할 필요가 있어요.,
이 영상 좋아요 누르다 .,이 영상 좋아요 눌러야겠다.,
행운 가득하다 하루 되다 .,행운이 가득한 하루 되세요,
짐 보관소 서비스 얼마 ?,짐 보관소 서비스가 얼마에요?,
레지던트 라운지 이용하다 가능 ?,레지던트 라운지 이용이 가능한가요?,
이 음식 얼마 ?,이 음식이 얼마에요?,
식당 새 메뉴 시도 하다 .,식당에서는 새로운 메뉴를 시도했다.,
그 책 읽다 중요하다 부분 마크 하다 .,그는 책을 읽을 때 중요한 부분을 마크한다.,
과외 수업 얼마 ?,과외 수업은 얼마에요?,
택시 손소독제 비치되다 있다 ?,택시에 손소독제가 비치되어 있나요?,
공부 방법 바꾸다 .,공부 방법을 바꿔보려고 해요.,
인터뷰 질문 몇 개 하다 ?,인터뷰 질문 몇 개 해도 되나요?,
통증 완화시키다 .,통증을 완화시켜 주세요.,
공항 내 휴대폰 충전소 위치 알리다 .,공항 내 휴대폰 충전소 위치를 알려주세요.,
학교 무엇 배우다 ?,학교에서 뭐 배웠어요?,
여행 가다 가장 기억 남다 무엇 ?,여행 가서 가장 기억에 남는 것은 뭐에요?,
다음 콘서트 일정 어떻다 ?,다음 콘서트 일정은 어떻게 되나요?,
이동 전 장비 확인 하다 주다 .,이동하기 전에 장비 확인해주세요.,
애니메이션 제작사 어디 ?,애니메이션 제작사는 어디에요?,
클라우드 저장 공간 확장하다 어떻게 하다 ?,클라우드 저장 공간을 확장하려면 어떻게 해야해요?,
환전소 어디 위치하다 ?,환전소는 어디에 위치해 있나요?,
포인트카드 발급 받다 있다 ?,포인트카드 발급 받을 수 있어요?,
어제 저녁 무엇 먹다 ?,어제 저녁에 뭐 먹었어요?,
학회 발표 준비 잘 되가다 ?,학회 발표 준비 잘 되가나요?,
여행자 보험 가입하다 어디 가다 ?,여행자 보험에 가입하려면 어디로 가야 해요?,
여행 경비 얼마 사용 ?,여행 경비 얼마나 들었어요?,
도서관 조용하다 시간 보내다 .,도서관에서 조용한 시간을 보냈다.,
나 그 스노우보드 타다 방법 가르치다 .,나는 그에게 스노우보드 타는 방법을 가르쳤다.,
택시 탑승 인원 제한 있다 ?,택시 탑승 인원 제한이 있나요?,
이 앱 바이러스 있다 같다 .,이 앱에 바이러스가 있는 것 같아요.,
손님 많다 !,손님들이 많네요!,
파스타 파마산 치즈 뿌리다 .,파스타에 파마산 치즈를 뿌려주세요.,
미스터리 소설 풀리다 않다 매력 있다 .,미스터리 소설은 풀리지 않는 매력이 있다.,
이 정류장 내리다 하다 ?,이 정류장에서 내려야 하나요?,
모든 것 뒤죽박죽 하루 이다 .,모든 게 뒤죽박죽인 하루였다.,
이 앱 인터넷 권한 어떻게 제거하다 ?,이 앱의 인터넷 권한을 어떻게 제거하나요?,
다음 정책 무엇 ?,다음 정책은 무엇인가요?,
여행 보험 가입하다 어떻게 되다 ?,여행 보험은 어떻게 가입하나요?,
몇 년 전 태국 가다 ?,몇 년 전에 태국에 다녀왔어요?,
전선 접촉하다 않다 .,전선에 접촉하지 마세요.,
항공권 취소하다 .,항공권을 취소하고 싶어요.,
이 요리 주요 재료 무엇 ?,이 요리의 주요 재료는 뭐에요?,
기내 술 주문하다 어떻게 되다 ?,기내에서 술 주문하려면 어떻게 해야해요?,
사이트 주문하다 것 취소하다 어떻게 하다 ?,사이트에서 주문한 걸 취소하려면 어떻게 해야해요?,
볶음밥 계란 넣다 .,볶음밥에 계란을 넣어 주세요.,
이메일 계정 해킹당하다 같다 .,이메일 계정을 해킹당한 것 같아요.,
대학원 지원 결정 하다 .,대학원에 지원하기로 결정했다.,
새 카페 오픈하다 같이 가다 ?,새로운 카페 오픈했던데 같이 가요?,
이 약 어떻게 먹다 ?,이 약 어떻게 복용해야 하죠?,
저기 앞 좌회전 하다 .,저기 앞에서 좌회전 해주세요.,
행운 의미 무엇 ?,행운의 의미는 무엇인가요?,
돈까스 소스 따로 주다 .,돈까스 소스를 따로 주세요.,
독서실 공부하다 .,독서실에서 공부하려고 해요.,
저자 다른 책 읽다 생각 .,저자의 다른 책들도 읽어볼 생각이다.,
성능 평가 언제 ?,성능 평가가 언제이죠?,
석사 박사 차이 무엇 ?,석사 과정과 박사 과정 차이가 뭐에요?,
출장 경비 별도 지급 받다 ?,출장 경비는 별도로 지급받나요?,
약 더 주다 가능 ?,약을 더 주실 수 있을까요?,
언제 퇴원하다 ?,언제 퇴원할 수 있을까요?,
재발 방지 주의사항 무엇 ?,재발 방지를 위한 주의사항은 뭐에요?,
교과서 언제 구입 ?,교과서 언제 구입해요?,
청각장애인 위한 교육 프로그램 있나요 ?,청각장애인을 위한 교육 프로그램이 있나요?,
이 만화 주인공 이름 무엇 ?,이 만화 주인공 이름이 뭐에요?,
그 새로운 워크숍 참가자 기술 가르치다 .,그는 새로운 워크숍에서 참가자들에게 기술을 가르친다.,
어느 나라 음식 맛있다 ?,어떤 나라에서 음식이 제일 맛있었나요?,
어느 학교 졸업 ?,어느 학교를 졸업하셨나요?,
담임 선생님 누구 ?,담임 선생님은 누구세요?,
책 우리 지식 주다 .,책은 우리에게 여러 지식을 준다.,
독서모임 다양하다 책 소개 받다 .,독서모임에서 다양한 책을 소개 받았다.,
이 책 언제 출간 ?,이 책은 언제 출간되나요?,
웹사이트 배너 광고 어떻게 등록하다 ?,웹사이트에서 배너 광고를 어떻게 등록하나요?,
재고 관리 누가 담당하다 ?,재고 관리는 누가 담당하나요?,
사람 낙하하다 .,사람들이 낙하했어요.,
주말 책 고르다 .,주말에는 읽을 책을 고른다.,
성과 좋다 휴가 얻다 .,성과가 좋아서 휴가를 얻었어요.,
침대 아래 숨다 .,침대 아래로 숨어요.,
그 그룹 새로운 경영 전략 가르치다 주다 .,그는 그룹에 새로운 경영 전략을 가르쳐 주었다.,
나 어린이 독서 중요하다 가르치다 싶다 .,나는 어린이들에게 독서의 중요성을 가르치고 싶다.,
스포츠 용품 사다 어디 가다 ?,스포츠 용품을 사려면 어디로 가야 해요?,
이 빵 딱딱하다 먹다 못하다 .,이 빵은 너무 딱딱해서 먹을 수 없다.,
논문 완성 어려움 있다 .,논문을 완성하는 데 어려움이 있어요.,
그녀 아름답다 말 하다 .,그녀에게 아름답다고 말했다.,
올해 계획 세우다 시작 하다 .,올해의 계획을 세우기 시작했다.,
학점 관리 잘 하다 .,학점 관리 잘 해야 돼요.,
여름방학 목록 책 모두 읽다 .,여름방학에는 목록에 있는 책을 모두 읽는다.,
우리 팀 성과 최고 .,우리 팀의 성과가 최고예요.,
택시 CCTV 설치되다 있다 ?,택시에 CCTV가 설치되어 있나요?,
도시 중심 북적하다 .,도시 중심부는 북적북적했다.,
주말 부모님 집 가다 .,주말에 부모님 집에 갔어요.,
그녀 기억 그립다 .,그녀와의 기억들이 그립다.,
직장 프로젝트 성공적 마무리 되다 .,직장에서 프로젝트가 성공적으로 마무리됐다.,
이 책 다음 달 발매 되다 .,이 책은 다음 달에 발매된다.,
아프다 .,아프다,
미리 전화 택시 부르다 되다 ?,미리 전화로 택시를 불러도 될까요?,
친구 같이 여행 가다 ?,친구와 함께 여행 갔나요?,
비행기 남다 짐 있다 .,비행기에 남아있는 짐이 있어요.,
그녀 사이 멀다 같다 .,그녀와의 사이가 멀어진 것 같다.,
치료 후 복귀하다 .,치료 후 복귀할 생각이에요.,
이 곳 볶음밥 유명하다 .,이 곳의 볶음밥이 유명하다.,
이 제품 관련 악세사리 팔다 ?,이 제품 관련해서 악세사리도 팔아요?,
부작용 있다 연락하다 .,부작용이 있으면 연락하라고 했어요.,
웹캠 작동 안 하다 .,웹캠이 작동 안 해요.,
나 그 고백 받다 .,나는 그에게 고백을 받았다.,
수화 대회 참여 어떻게 하다 ?,수화 대회에 참여하려면 어떻게 해야 하나요?,
여기 러닝머신 어떻게 사용 ?,여기서 러닝머신 어떻게 사용하죠?,
걱정 되다 잠 못 자다 .,너무 걱정되어 잠을 못 잤다.,
숙제 제출하다 .,숙제를 제출하세요.,
불 계속 번지다 .,불이 계속 번져요.,
사람 모이다 .,사람들이 모여들고 있어요.,
상사 의견 언제 듣다 가능 ?,상사의 의견을 언제 들을 수 있을까요?,
그녀 책 읽다 일과 하다 .,그녀는 책 읽기를 일과로 한다.,
아이스 아메리카노 주다 .,아이스 아메리카노 주세요.,
밤 주차장 이용 가능 ?,밤에도 주차장 이용이 가능한가요?,
지도 교수님 메일 보내다 .,지도 교수님께 메일 보냈어요.,
친구 파티 준비 하다 .,친구들이 생일 파티를 준비했다.,
공항 가장 맛있다 음식점 추천하다 .,공항에서 가장 맛있는 음식점 추천해주세요.,
그녀 목소리 천사 같다 .,그녀의 목소리는 천사와 같다.,
그 생일 때마다 여행 가다 .,그는 생일마다 여행을 간다.,
어플로 결제 가능 ?,어플로 결제할 수 있나요?,
인터넷 브라우저 기본설정 어떻게 바꾸다 ?,인터넷 브라우저 기본설정을 어떻게 바꾸나요?,
해외 와이파이 잘 되다 ?,해외에서는 와이파이 잘 터지나요?,
무선 연결 계속 끊기다 .,무선 연결이 계속 끊겨요.,
명동 왜 그 이름 붙다 ?,명동은 왜 그 이름이 붙었을까요?,
출발 터미널 도착 터미널 다르다 ?,출발 터미널과 도착 터미널이 다른가요?,
택시 에어컨 잘 안 나오다 .,택시에 에어컨이 잘 안 나와요.,
시장 떡볶이 오뎅 먹다 .,시장에서는 떡볶이와 오뎅을 먹었다.,
친구 축하 노래 작곡 주다 .,친구가 생일 축하 노래를 작곡해 주었다.,
저녁 하늘 노을 아름답다 .,저녁 하늘의 노을이 아름다웠다.,
다음 진료 언제 ?,다음 진료는 언제인가요?,
웹페이지 디자인 개선하다 어떻게 하다 ?,웹페이지 디자인을 개선하려면 어떻게 해야해요?,
수면 마스크 원하다 .,저는 수면 마스크를 원해요.,
인터뷰 언제 시작 ?,인터뷰는 언제 시작하나요?,
탑승권 재발급 받다 있다 ?,탑승권 재발급 받을 수 있나요?,
사진 나 일상 기록 하다 .,사진으로 나의 일상을 기록한다.,
연봉 인상률 얼마나 되다 ?,연봉 인상률은 얼마나 되나요?,
밥 먹다 오다 . 맛있게 드시다 ?,밥 먹고 오신 것 같아요. 맛있게 드셨나요?,
이 레스토랑 어떻게 알다 ?,이 레스토랑 어떻게 알게 되셨나요?,
주차 도우미 직원 있다 ?,주차를 도와주는 주차 직원이 있나요?,
인턴 언제부터 시작하다 ?,인턴은 언제부터 시작하나요?,
생일날 좋아하다 음식 먹다 .,생일날은 항상 내가 좋아하는 음식을 먹는다.,
내일 휴가 쉬다 .,내일은 휴가라서 쉬어요.,
출장 계획서 언제 제출 해야하다 ?,출장 계획서를 언제까지 제출해야 하나요?,
이 가방 포장하다 .,이 가방을 포장해주세요.,
공항 내 기도실 위치 알리다 .,공항 내 기도실 위치를 알려주세요.,
공항 셔틀 버스 타다 곳 어디 ?,공항 셔틀 버스 타는 곳은 어디에요?,
모든 시작 어리다 .,모든 시작은 어렵다,
논문 언제 제출하다 ?,논문 언제 제출해야 하나요?,
건강 위해 산책로 걷다 .,건강을 위해 산책로를 걸었다.,
올해 여름 휴가 어디 가다 생각 중 .,올해 여름 휴가 어디로 갈까 생각 중이에요.,
천둥소리 빗물 들어오다 !,천둥소리와 함께 빗물이 들어와요!,
광개토대왕 어떤 업적 유명하다 ?,광개토대왕은 어떤 업적으로 유명해졌나요?,
그녀 인연 기뻐하다 .,그녀와의 인연을 기뻐한다.,
이 만화 주제 어떤 사회 문제 다루다 ?,이 만화 주제는 무슨 사회 문제를 다루나요?,
퇴근하다 운동 하다 있다 .,퇴근하면 운동 좀 해야겠다.,
내일 수학 숙제 있다 .,내일 수학 숙제 있어요.,
사이트 팝업 창 계속 뜨다 .,사이트에서 팝업 창이 계속 뜨는데요.,
목표 대비 80% 달성하다 .,목표 대비 80% 달성했어요.,
그녀 나 반지 선물 하다 .,그녀는 나에게 반지를 선물했다.,
방송 스태프 일 힘들다 .,방송 스태프들 일이 힘들겠다.,
비행기 내 물품 구매하다 있다 ?,비행기에서 필요한 물품 구매할 수 있나요?,
대학원 학생회 가입하다 .,대학원 학생회에 가입하려고 해요.,
백제 수도 어디 ?,백제의 수도는 어디였죠?,
방향 잘못 들다 . 다시 돌아가다 .,방향을 잘못 들었어요. 다시 돌아가주세요.,
그들 농인 연극 연출하다 .,그들은 농인 연극을 연출합니다.,
그 항상 낙천적 시각 세상 보다 .,그는 항상 낙천적인 시각으로 세상을 본다.,
GPS 통해 길 안내하다 .,GPS를 통해 길을 안내해주세요.,
친구 사진 찍다 법 배우다 .,친구와 사진 찍는 법을 배웠다.,
고려 시대 대표 문화유산 무엇 ?,고려 시대의 대표적인 문화유산은 뭐에요?,
어린이 용 의자 필요하다 .,어린이 용 의자가 필요해요.,
학교 도서관 어디 ?,학교 도서관 어디에요?,
물 넘치다 !,물이 계속 넘쳐나와요!,
한자 역사 알다 ?,한자의 역사를 아시나요?,
바로 옆 좌석 변경하다 가능 ?,바로 옆의 좌석으로 변경 가능한가요?,
그 나 거짓말 하다 .,그는 나에게 거짓말을 했다.,
영수증 주다 가능 ?,영수증을 주실 수 있나요?,
내 캐릭터 레벨 업 하다 되다 .,내 캐릭터 레벨 업 해야겠다.,
농인 학생 특별 교육 프로그램 필요하다 .,농인 학생들에게는 특별 교육 프로그램이 필요하다.,
대학원 생활 힘들다 .,대학원 생활이 힘들어요.,
그녀 데이트 장소 고민 하다 .,그녀와 데이트 장소를 고민했다.,
유엔 대표단 북한 방문하다 .,유엔 대표단이 북한을 방문했습니다.,
목표 달성하다 .,목표를 달성했어요.,
문학 작품 깊다 의미 담다 .,문학 작품은 깊은 의미를 담고 있다.,
그 팀 새로운 소프트웨어 사용법 가르치다 주다 .,그는 팀에 새로운 소프트웨어 사용법을 가르쳐 주었다.,
요금 어떻게 계산되다 ?,요금은 어떻게 계산되나요?,
실험 계획서 작성하다 .,실험 계획서를 작성 중이에요.,
공원 음악회 참석 하다 .,공원의 음악회에 참석했다.,
이 역 환승하다 방법 알려주다 .,이 역에서 환승하는 방법을 알려주세요.,
시 좋아하다 시집 여러 모으다 .,시를 좋아해서 여러 시집을 모았다.,
지하철 지연 되다 늦다 .,지하철이 지연되어서 늦었다.,
심야버스 노선 어디 확인 가능 ?,심야버스 노선은 어디서 확인할 수 있나요?,
카드 결제도 되다 ?,카드 결제도 되나요?,
이 영상 어떤 카테고리 속하다 ?,이 영상은 어떤 카테고리에 속해있나요?,
치료 후 쉬다 ?,치료 후에 쉬어야 하나요?,
핫도그 위 머스타드 뿌리다 .,핫도그 위에 머스타드를 뿌려주세요.,
탑승구 어디 ?,탑승구가 어디에요?,
그 청각장애인 전용 앱 사용하다 .,그는 청각장애인 전용 앱을 사용하고 있어요.,
책 읽다 커피 마시다 .,책을 읽으면서 커피를 마신다.,
이 웹사이트 구독 해지 어떻게 하다 ?,이 웹사이트에서 구독 해지는 어떻게 해야해요?,
그 추억 아직 떠오르다 .,그와의 추억은 아직도 떠올랐다.,
냉면 여름 자주 먹다 .,냉면은 여름에 자주 먹는다.,
읽다 책 마침내 다 읽다 .,읽던 책을 마침내 다 읽었다.,
다운로드 안 되다 .,다운로드가 안 돼요.,
포크 주다 가능 ?,포크 주실 수 있나요?,
고3 바쁘다 .,고3이라 바빠요.,
요즘 어떻다 지내다 ?,요즘 어떻게 지내세요?,
전시회 가다 아름답다 작품 보다 .,전시회에 갔는데 아름다운 작품들을 봤다.,
병원비 할인 가능 ?,병원비 할인이 가능한가요?,
기내 애완동물 동반하다 가능 ?,기내에서 애완동물을 동반 가능한가요?,
이번 달 생일 파티하다 생각 중 .,이번 달에 생일인데 파티할까 생각 중이에요.,
병원 건강검진 받다 .,병원에서 건강검진을 받았다.,
주말 무엇 하다 예정 ?,주말에 뭐 할 예정이에요?,
농인 문화 존중하다 .,농인 문화를 존중해야 합니다.,
졸업식 언제 ?,졸업식 언제에요?,
세미나 주제 무엇 ?,세미나 주제가 뭐에요?,
전자 담배 기내 허용되다 ?,전자 담배는 기내에서 허용되나요?,
도움 필요하다 사람 .,도와주실 사람 필요해요.,
이 공연 언제 끝나다 ?,이 공연은 언제 끝나나요?,
그 농인 출신 작가 .,그는 농인 출신의 작가이다.,
택시 기사님 어플 결제 받다 ?,택시 기사님도 어플로 결제 받으시나요?,
지하 대피하다 안전하다 .,지하로 대피하는 것이 안전해요.,
모험 여행 좋아하다 ?,모험적인 여행 좋아하시나요?,
오랜만에 산 등산 가다 .,오랜만에 산에 등산을 갔다.,
의자 옆 전원 소켓 있다 ?,의자 옆에 전원 소켓이 있나요?,
대학 생일 행사 진행 하다 .,생일 축하 행사를 대학에서 진행했다.,
그 나 키스 하다 .,그는 나에게 키스를 했다.,
나 의사 로 일 하다 있다 .,나는 의사로 일하고 있다.,
휴가 신청서 어디 내다 되다 ?,휴가 신청서는 어디에 내면 돼요?,
택시비 미리 정산하다 되다 ?,택시비는 미리 정산하면 될까요?,
세미나 발표 누가 하다 ?,세미나 발표는 누가 하나요?,
회진 시간 알리다 .,회진 시간을 알려주세요.,
학교 행사 참여하다 추가 점수 있다 ?,학교 행사 참여하면 추가 점수 있어요?,
대단하다 !,대단하다!,
어떤 주제 책 쓰다 ?,어떤 주제의 책을 쓰시나요?,
간호사 환자 돌보다 직업 이다 .,간호사는 환자를 돌보는 직업이다.,
직원 친절하다 .,직원분들이 친절하시다.,
그 밤하늘 별 즐기다 .,그와 밤하늘의 별을 즐겼다.,
결제 카드로 하다 .,결제는 카드로 할게요.,
이 웹페이지 다운로드 링크 찾다 수 없다 .,이 웹페이지에서 다운로드 링크를 찾을 수 없어요.,
내년 해외 유학 생각 중 .,내년에 해외 유학 생각 중이에요.,
어디 출장 비용 보고서 제출 ?,어디서 출장 비용 보고서를 제출하나요?,
어릴 때 어디 자주 가다 ?,어릴 때 어디로 자주 가졌나요?,
화재 발생하다 !,화재가 발생했어요!,
스페인 불축제 경험 싶다 .,스페인의 불축제를 경험하고 싶다.,
공항 내 공원 휴식 공간 어디 있다 ?,공항 내 공원 또는 휴식 공간은 어디에 있나요?,
이번 주 휴가 사용 가능 ?,이번 주 휴가 쓸 수 있어?,
나 새롭다 카메라 구입 하다 .,나는 새로운 카메라를 구입했다.,
그것 정말 믿다 수 없다 일 이다 .,그것은 정말 믿을 수 없는 일이었다.,
학생증 잃어버리다 .,학생증 잃어버렸어요.,
대한제국 의미 무엇 ?,대한제국의 의미는 무엇인가요?,
너 생일 선물 무엇 받다 싶다 ?,너의 생일 선물로 뭐 받고 싶어?,
온라인 설문조사 참여하다 어떻게 하다 ?,온라인 설문조사 참여하려면 어떻게 해야해요?,
라이선스 대해 알아보다 ?,라이선스에 대해 알아봤어?,
이 음식 소금 맛 세다 .,이 음식은 소금기가 너무 세다.,
그 행동 나 화나다 만들다 .,그의 행동은 나를 화나게 했다.,
이 캐릭터 연기 힘들다 ?,이 캐릭터 연기하는 데 힘들었나요?,
백신 접종 언제 받다 ?,백신 접종을 언제 받을 수 있나요?,
약 어디 받다 ?,약은 어디서 받아요?,
빠른 응급 처치 필요하다 .,빠른 응급 처치가 필요해요.,
환자 정보 수정하다 .,환자 정보를 수정하고 싶어요.,
오늘 수업 내용 어렵다 .,오늘 수업 내용이 어려웠다.,
사업 성과 예상 낮다 .,사업 성과가 예상보다 낮아요.,
그 아이 기본 매너 가르치다 .,그는 아이들에게 기본적인 매너를 가르쳤다.,
행운 빌다 .,행운을 빌어요,
논문 어떻다 작성 ?,논문 어떻게 작성해야 해요?,
이 만화 언제 연재 시작 하다 ?,이 만화는 언제부터 연재 시작했어요?,
청각장애인 권리 알다 필요하다 .,청각장애인은 자신의 권리를 알아야 해요.,
인터넷 연결 없이 이 앱 사용 가능 ?,인터넷 연결 없이 이 앱을 사용할 수 있나요?,
항공사 티켓 카운터 위치 알리다 .,항공사의 티켓 카운터 위치를 알려줄래요?,
엄마 요즘 어떻게 지내다 ?,엄마는 요즘 어떻게 지내세요?,
연구실 언제 들어가다 ?,연구실에 언제 들어가도 될까요?,
공항 셔틀 서비스 스케줄 어떻게 되다 ?,공항 셔틀 서비스 스케줄은 어떻게 되나요?,
수학 문제 풀이 도움 ?,수학 문제 풀이 좀 도와줄래요?,
시급 얼마 ?,시급은 얼마에요?,
공항 내 의료 시설 어디 있다 ?,공항 내 의료 시설은 어디에 있나요?,
그 책 후기 블로그 올리다 .,그는 책의 후기를 블로그에 올렸다.,
여기 약간 더 앞 가다 .,여기서 약간만 더 앞으로 가주세요.,
수하물 분실되다 .,수하물이 분실되었어요.,
과제 제출 기한 언제 까지 ?,과제 제출 기한은 언제까지에요?,
친구 같이 영화 보다 .,친구와 함께 영화를 봤다.,
성과 따르다 보상제도 있다 ?,성과에 따른 보상제도가 있나요?,
주말 버스 시간표 동일하다 ?,주말에도 버스 시간표가 동일한가요?,
선생님 우리 생각하다 기술 가르치다 .,선생님은 우리에게 생각하는 기술을 가르칩니다.,
동아시아 역사 연결성 대해 알리다 주다 ?,동아시아의 역사적 연결성에 대해 알려주세요.,
성과 기반 승진하다 .,성과를 기반으로 승진하려고 해요.,
이번 행사 게스트 누구 오다 ?,이번 행사에는 어떤 게스트가 오나요?,
그 행운 주문 외우다 .,그는 행운의 주문을 외웠다,
이 옷 어디서 사다 ?,이 옷은 어디서 살 수 있어요?,
성과 통해 회사 방향성 잡다 .,성과를 통해 회사의 방향성을 잡을 거에요.,
공항 내 라운지 위치 알리다 .,공항 내 라운지 위치를 알려주세요.,
수화 학습 도서 추천 해주다 .,수화 학습할 수 있는 도서 추천해 주세요.,
영화 보다 ?,영화 볼래요?,
택시 부르다 .,택시를 불러주세요.,
초콜릿 달콤하다 많다 사람 좋아하다 .,초콜릿은 달콤해서 많은 사람들이 좋아한다.,
그녀 편지 쓰다 .,그녀에게 편지를 썼다.,
곧 여름 휴가 여행 계획 짜다 .,곧 여름 휴가라서 여행 계획 짜고 있어요.,
지진 후 여진 오다 가능 .,지진 후 여진이 올 수 있어요.,
오늘 방송 무엇 게스트 오다 ?,오늘 방송에 뭐하는 게스트가 오나요?,
팀 달성률 높다 .,팀의 달성률이 높아요.,
이 온라인 서비스 개인정보 처리 방침 어떻게 되다 ?,이 온라인 서비스의 개인정보 처리 방침은 어떻게 돼요?,
주차 티켓 잃어버리다 .,주차 티켓을 잃어버렸어요.,
라면 얼마나 맵다 ?,라면은 얼마나 매운가요?,
친구 생일 선물 사다 .,친구 생일이라서 선물을 사야해요.,
누가 도움 부르다 .,누가 도움을 부르고 있어요.,
우리나라 수출액 사상 최고치 기록하다 .,우리나라의 수출액이 사상 최고치를 기록했다.,
그 농인 피아노 연주하다 잘 .,"그는 농인인데, 피아노를 잘 연주한다.",
새롭다 레시피 요리 하다 보다 .,새로운 레시피로 요리를 해봤다.,
이 제품 관련 후기 좋다 거 있다 ?,이 제품 관련해서 후기 좋은 게 있나요?,
무료 Wi-Fi 있다 ?,무료 Wi-Fi가 있나요?,
새롭다 신발 발 딱 맞다 .,새로 산 신발이 발에 딱 맞았다.,
여기 좌석 예약 우선 ?,여기 좌석은 예약 우선인가요?,
그 책 읽다 .,그와 같이 책을 읽었다.,
불길 올라오다 !,불길이 올라오고 있어요!,
성과보고서 피드백 기다리다 .,성과보고서의 피드백을 기다리고 있어요.,
이 문제 어떻게 해결 ?,이 문제 해결 방법을 알고 계신가요?,
학교 기숙사 어떻다 신청 ?,학교 기숙사 어떻게 신청해요?,
그녀 여행 계획 하다 .,그녀와 함께 여행을 계획했다.,
고구려 백제 어떤 관계 ?,고구려와 백제는 어떤 관계였을까?,
학교 수화 교육 필요하다 .,학교에서 수화 교육이 필요하다.,
기내 유아용 식사 제공하다 ?,기내에서 유아용 식사 제공하나요?,
그녀 아이 노래 가르치다 것 좋아하다 .,그녀는 아이들에게 노래를 가르치는 것을 좋아한다.,
오늘 휴일 집 쉬다 .,오늘은 휴일이라서 집에서 쉬었다.,
공항 이동하다 무료 셔틀 버스 있다 ?,공항 이동하는 무료 셔틀 버스 있나요?,
그녀 아이 양심 중요하다 가르치다 주다 있다 .,그녀는 아이들에게 양심의 중요성을 가르쳐 주고 있다.,
이 레스토랑 특별 추천 메뉴 무엇 ?,이 레스토랑의 특별 추천 메뉴는 무엇인가요?,
백화점 주차 공간 있다 ?,백화점에 주차할 공간이 있나요?,
그 수화 배우다 싶다 .,그는 수화를 배우고 싶어합니다.,
학교 생일 축하 받다 .,학교에서 생일 축하를 받았다.,
대한민국 헌법 언제 제정 되다 ?,대한민국 헌법은 언제 제정되었나요?,
주차 비용 얼마 ?,주차 비용은 얼마인가요?,
도서관 조용하다 좋다 .,도서관은 조용해서 좋다.,
청각장애인 교육 프로그램 정보 알다 해주다 .,청각장애인 대상의 교육 프로그램 정보 알려주세요.,
나 동생 책임감 있다 행동 가르치다 .,나는 동생에게 책임감 있는 행동을 가르쳤다.,
기내 충전기 빌리다 있다 ?,기내에서 충전기를 빌릴 수 있나요?,
요가 수업 처음 참석 하다 .,요가 수업에 처음으로 참석했다.,
비 오다 경기 어떻게 되다 ?,비가 오면 경기는 어떻게 되나요?,
수화 통역사 필요하다 .,수화 통역사가 필요해요.,
복사기 고장 나다 . 누가 수리하다 ?,복사기가 고장 났어요. 누가 수리하나요?,
그녀 학생 댄스 가르치다 있다 .,그녀는 학생들에게 댄스를 가르치고 있다.,
몸 아프다 못하다 .,몸이 아프다 못해요.,
생일날 특별하다 행복하다 보내다 .,생일날은 특별히 행복하게 보낸다.,
출장 동안 회사 연락처 알다 주다 ?,출장 동안 회사 연락처를 알려주시겠어요?,
연차 얼마나 남다 ?,연차는 얼마나 남았나요?,
스포츠 물품 대여 가능 ?,스포츠 물품 대여 가능한가요?,
인터넷 속도 느리다 .,인터넷 속도가 너무 느려요.,
가족 같이 피크닉 가다 .,가족과 함께 피크닉을 갔다.,
올해 첫 눈 내리다 .,올해 첫 눈이 내렸다.,
책 읽다 감상문 쓰다 .,책을 읽고 나서 감상문을 쓴다.,
신용카드 결제 가능 ?,신용카드로도 결제 가능한가요?,
쿠키 어떻게 삭제하다 ?,쿠키를 어떻게 삭제하나요?,
신제품 어디 전시 되다 있다 ?,신제품은 어디에 전시되어 있나요?,
도서관 책 빌리다 가능 ?,도서관에서 책 빌릴 수 있어?,
다음 경기 언제 ?,다음 경기 언제인가요?,
여기 예약 필요하다 ?,여기는 예약이 필요한가요?,
불고기 주문하다 .,불고기를 주문할게요.,
물 더 주다 .,물 더 가져와주세요.,
보너스 성과 연관 있다 ?,보너스는 성과와 연관이 있나요?,
생일 축하 노래 부르다 .,생일 축하 노래를 불렀다.,
지하철 노선도 보여주다 .,지하철 노선도를 보여주세요.,
주말 쇼핑하다 가다 .,주말에 쇼핑하러 가려고요.,
대통령 오늘 국정 연설 하다 .,대통령이 오늘 국정 연설을 했습니다.,
건물 흔들리다 .,건물이 흔들려요.,
숲 속 텐트 치다 밤 보내다 .,숲 속에서 텐트를 치고 밤을 보냈다.,
높다 소리 말하다 듣다 생각 마세요 .,높은 소리로 말하면 들릴 거라고 생각하지 마세요.,
마지막 전철 시간 언제 ?,마지막 전철 시간은 언제인가요?,
아기 언제 태어나다 ?,아기는 언제 태어났나요?,
세일 언제 까지 ?,세일 행사 언제까지 하나요?,
택시비 서비스 요금 포함되다 ?,택시비에 서비스 요금이 포함되나요?,
그 책 읽다 습관 갖다 .,그는 책을 읽는 습관을 갖고 있다.,
요즘 바쁘다 힘들다 .,요즘 너무 바빠서 힘들어요.,
매년 독서 경연대회 참여 하다 .,매년 독서 경연대회에 참여한다.,
이 책 역사 관하다 내용 .,이 책은 역사에 관한 내용이다.,
경보 계속 울리다 .,경보가 계속 울려요.,
수하물 수령하다 곳 어디 ?,수하물 수령하는 곳 어디에요?,
이번 주말 무엇 하다 계획 ?,이번 주말에는 뭐 할 계획이에요?,
농장 신선 우유 마시다 .,농장에서 신선한 우유를 마셨다.,
공항 내 ATM 위치 알리다 .,공항 내 ATM 위치를 알려주세요.,
주말 요금 다르다 ?,주말에는 요금이 다른가요?,
새 과목 재미있다 ?,새로운 과목은 재미있을까요?,
선물 인기 많다 제품 무엇 ?,선물용으로 인기 많은 제품은 무엇이에요?,
나 생일 10월 10일 .,내 생일은 10월 10일이다.,
이 제품 에코프렌드리하다 ?,이 제품은 에코프렌드리한가요?,
독서 마음 양식 .,독서는 마음의 양식이다.,
진료비 얼마 들다 ?,진료비는 얼마나 드나요?,
버스 정류장 도착하다 시간 알려주다 .,버스 정류장에 도착하는 시간을 알려주세요.,
저녁 식사 외식 가다 .,저녁식사를 위해 외식을 하러 갔다.,
중간고사 기간 언제 ?,중간고사 기간 언제에요?,
생일날 특별하다 영화 보다 가다 .,생일날은 특별한 영화를 보러 간다.,
공항 택시 스탠드 어디 ?,공항 택시 스탠드는 어디에요?,
발표 준비 다 하다 ?,발표 준비 다 하셨나요?,
실험 다시 하다 .,실험을 다시 해야 할 것 같아요.,
생명 감지기 울리다 .,생명 감지기가 울려요.,
집 다다르다 전 알려주다 .,집에 다다르기 전에 알려주세요.,
출장 동안 사무실 일 어떻게 처리 ?,출장 동안 사무실 일은 어떻게 처리하나요?,
사무용품 어디 받다 ?,사무용품은 어디서 받아야 해요?,
태풍 때문 운행 문제 없다 ?,태풍 때문에 운행에 문제 없나요?,
다음 소설 언제 출간 ?,다음 소설은 언제 출간되나요?,
다음 주 여행 가다 .,다음 주에 같이 여행 가자고요.,
검진 패키지 정보 알리다 .,검진 패키지 정보를 알려주세요.,
선생님 학생 가르치다 직업 이다 .,선생님은 학생들을 가르치는 직업이다.,
검사 결과 나오다 ?,검사 결과가 나왔나요?,
중학교 선택 어떻다 하다 ?,중학교 선택 어떻게 했어요?,
그 산책 이야기 나누다 .,그와 산책하며 이야기를 나눴다.,
삼국시대 언제 시작 되다 ?,삼국시대는 언제부터 시작된 건가요?,
해외 쇼핑 많이 하다 ?,해외에서 쇼핑 많이 했나요?,
냅킨 더 주다 가능 ?,냅킨을 더 주실 수 있을까요?,
통증 심하다 되다 !,"간호사님, 통증이 심해졌어요!",
택시 안 핸드폰 놓다 내리다 .,택시 안에 핸드폰을 놓고 내렸어요.,
그 박물관 방문 하다 .,그와 함께 박물관을 방문했다.,
주차장 출구 어디 ?,주차장 출구는 어디쪽인가요?,
날치알 색 붉다 .,날치알은 색깔이 붉다.,
가수 데뷔곡 큰 인기 끌다 .,가수의 데뷔곡은 큰 인기를 끌었다.,
작년 여름 해외여행 가다 .,작년 여름에는 해외여행을 갔다.,
오늘 아침 비 오다 .,오늘 아침에 비가 왔다.,
안전벨트 안 풀리다 .,안전벨트가 안 풀려요.,
그 소설 감동적 .,그 소설은 아주 감동적이다.,
웹사이트 리뷰 남기다 로그인하다 ?,웹사이트에 리뷰를 남기려면 로그인해야 하나요?,
새 신발 사다 .,새 신발을 사야겠다,
지도 교수님 의견 듣다 .,지도 교수님 의견 듣고 싶어요.,
부산역 가다 .,부산역으로 가주세요.,
택시 승차 시간 언제 ?,택시 승차 시간은 언제부터인가요?,
나 공부하다 좋다 .,공부하는 걸 정말 좋아합니다.,
공항 내 놀이터 위치 알리다 .,공항 내 놀이터 위치를 알려주세요.,
이 곡 연습 얼마 걸리다 ?,이 곡 연습하는 데 얼마나 걸렸어요?,
테이블 물 더 가져오다 가능 ?,테이블에 물을 더 가져다 주실 수 있나요?,
다음 주 시험 있다 공부하다 .,다음 주에 시험이 있어서 공부해야 돼요.,
회의 몇 시 시작 ?,회의는 몇 시에 시작하나요?,
케이크 초 불 끄다 .,생일 케이크에 초를 불어 끄다.,
수업 내용 기억나다 ?,수업 때 배운 내용 기억나요?,
잠깐 멈추다 . 전화 오다 .,잠깐만 멈춰주세요. 전화가 왔어요.,
성과 따르다 인센티브 크다 .,성과에 따른 인센티브가 커요.,
생일 축하 사람 모이다 .,생일 축하하는 사람들이 모였다.,
디자이너 아이디어 현실 만들다 .,디자이너는 아이디어를 현실로 만든다.,
도움 주다 ?,도와주시겠어요?,
음식점 위치 알리다 .,음식점 위치를 알려주실래요?,
선생님 우리 존경 중요하다 가르치다 .,선생님은 우리에게 존경의 중요성을 가르친다.,
수화물 트렁크 넣다 되다 ?,수화물을 트렁크에 넣어도 될까요?,
다음 진료 언제 ?,다음 진료 언제인가요?,
시험 어렵다 ?,시험 어려웠어요?,
날씨 추우다 옷 두껍다 입다 .,날씨가 추워서 옷 두꺼운 거 입어요.,
수액 맞다 있다 .,수액을 맞고 있습니다.,
이번 주 금요일 팀 회식이다 .,이번 주 금요일 팀 회식이에요.,
농인 축제 다음 주 .,농인 축제가 다음 주에 있습니다.,
어머니 나 요리 법 가르치다 주다 .,어머니는 나에게 요리하는 법을 가르쳐 주셨다.,
졸업 작품 준비 중 .,졸업 작품 준비 중이에요.,
이 웹페이지 번역 기능 어떻게 사용하다 ?,이 웹페이지 번역 기능을 어떻게 사용하나요?,
동네 불꽃놀이 즐기다 .,동네에서 불꽃놀이를 즐겼다.,
온라인 데이트 앱 안전하다 이용하다 방법 무엇 ?,온라인 데이트 앱에서 안전하게 이용하는 방법은 뭐에요?,
연구 데이터 분실하다 .,연구 데이터를 분실했어요.,
당신 자유 의미 어떻다 생각 ?,당신은 자유의미에 대해 어떻게 생각하나요?,
이번 출장 3일 동안 .,이번 출장은 3일 동안입니다.,
목요일 저녁 약속 있다 ?,목요일에 저녁 약속 있어요?,
스트리밍 중 광고 스킵하다 어떻게 하다 ?,스트리밍 중 광고를 스킵하려면 어떻게 해야해요?,
이 연구 주요 내용 무엇 ?,이 연구의 주요 내용은 무엇이죠?,
몇 킬로그램 태어나다 ?,몇 킬로그램으로 태어났나요?,
엄마 어떻게 돼가다 ?,저희 엄마는 어떻게 돼가나요?,
야외 테이블 있다 ?,야외 테이블도 있나요?,
실험 데이터 이상하다 .,실험 데이터가 이상해요.,
적립금 사용 구매 가능 ?,적립금 사용해서 구매할 수 있나요?,
엔지니어 힘들다 일 많다 .,엔지니어는 힘든 일이 많다.,
요리사 맛있다 음식 만들다 .,요리사는 맛있는 음식을 만든다.,
출장 중 회의 참석 해야하다 ?,출장 중에도 회의에 참석해야 하나요?,
이번 세미나 유익하다 .,이번 세미나는 정말 유익했어요.,
교수님 연구실 만나다 .,교수님 연구실에서 만나기로 했어요.,
사진 장비 무엇 사용 ?,사진 장비로 무엇을 사용하시나요?,
온라인 쇼핑몰 할인코드 어디서 얻다 있다 ?,온라인 쇼핑몰에서 할인코드는 어디서 얻을 수 있나요?,
정말 놀라다 !,정말 놀랍다!,
성과지표 통해 진단하다 .,성과지표를 통해 진단하고 있어요.,
그녀 일상 행복하다 .,그녀와의 일상이 행복하다.,
학회 참여 비용 얼마 ?,학회 참여 비용이 얼마인가요?,
인터넷 주소 잘못 입력하다 때 리디렉션 오류 나오다 .,인터넷 주소를 잘못 입력했을 때 리디렉션 오류가 나와요.,
몇 일 여행하다 ?,몇 일 동안 여행하셨어요?,
비행기 지연 때 보상 방법 어떻다 ?,비행기 지연 시 보상 방법은 무엇인가요?,
메뉴판 주다 .,메뉴판 주세요.,
자동차 세차장 가져가다 .,자동차를 세차장에 가져갔다.,
나 김밥 직접 만들다 .,나는 김밥을 직접 만들었다.,
실험 결과 만족스럽다 .,실험 결과가 만족스러워요.,
아기 첫 파티 계획 하다 .,아기의 첫 번째 생일 파티를 계획하다.,
이 웹사이트 어떤 브라우저 가장 잘 동작하다 ?,이 웹사이트는 어떤 브라우저에서 가장 잘 동작하나요?,
웹페이지 내용 인쇄하다 어떻게 하다 ?,웹페이지 내용을 인쇄하려면 어떻게 해야해요?,
학교 농인 통역 필요하다 .,학교에서 농인을 위한 통역이 필요하다.,
새 취미 시작하다 .,새로운 취미 시작했어요.,
나 그 소식 충격 받다 .,나는 그 소식에 충격을 받았다.,
어떤 주제 그림 그리다 ?,어떤 주제로 그림을 그리시나요?,
조문 언제 까지 ?,조문하러 언제까지 올 수 있나요?,
체크인 때 여권 비자 확인 필요하다 ?,체크인 할 때 여권과 비자 확인 필요해요?,
매일 저녁 일기 쓰다 .,매일 저녁에 일기를 쓴다,
특정 버스 노선 첫차 막차 시간 알려주다 .,특정 버스 노선의 첫차와 막차 시간을 알려주세요.,
매달 성과 검토하다 .,매달 성과를 검토하고 있어요.,
주말 좋다 영화 추천하다 ?,주말에 좋은 영화 추천해줄래요?,
주차장 CCTV 설치 되다 있다 ?,주차장에 CCTV가 설치되어 있나요?,
세상 모든 사람 자유 꿈꾸다 .,세상의 모든 사람은 자유를 꿈꾼다,
과학자 실험 통하다 세상 탐구 하다 .,과학자는 실험을 통해 세상을 탐구한다.,
탑승구 얼마나 걸리다 ?,탑승구까지 얼마나 걸려요?,
이 웹사이트 접속하다 컴퓨터 느리다 .,이 웹사이트 접속하면 컴퓨터가 느려져요.,
노래 맞추다 춤 추다 것 즐겁다 .,노래에 맞춰서 춤을 추는 것은 즐겁다.,
학교 식당 메뉴 무엇 ?,학교 식당 메뉴 뭐에요?,
이 사이트 사용자 인터페이스 바뀌다 .,이 사이트의 사용자 인터페이스가 바뀌었어요.,
그 동생 영어 단어 가르치다 노력하다 .,그는 동생에게 영어 단어를 가르치려고 노력했다.,
기침 계속 나오다 .,기침이 계속 나와요.,
비행기 지연되다 !,비행기가 지연되었어요!,
수하물 어느 벨트 나오다 ?,수하물이 어느 벨트에서 나와요?,
VPN 서비스 어떻게 설정하다 ?,VPN 서비스를 어떻게 설정하나요?,
스트리밍 서비스 어떤 걸 추천하다 ?,스트리밍 서비스를 어떤 걸 추천해요?,
안전벨트 꼭 착용하다 .,안전벨트를 꼭 착용하세요.,
생일 선물 옷 받다 .,생일 선물로 새 옷을 받았다.,
실용주의자 결과 중시하다 .,실용주의자는 결과를 중시한다.,
고전 문학 읽다 것 쉽다 않다 .,고전 문학을 읽는 것은 쉽지 않다.,
손님 기다리다 택시 스탠드 어디 ?,손님을 기다리는 택시 스탠드가 어디에요?,
친구 캠핑 가다 계획 중 .,친구들하고 캠핑 가려고 계획 중이에요.,
일출 보다 가다 아침 일찍 일어나다 .,일출을 보러 가서 아침 일찍 일어났다.,
아이 같이 놀이터 놀다 .,아이들과 함께 놀이터에서 놀았다.,
가스 밸브 닫다 .,가스 밸브를 닫아주세요.,
물 한 병 주다 .,물을 한 병 주세요.,
그룹 메인 보컬 노래 실력 탁월하다 .,그룹의 메인 보컬은 노래 실력이 탁월하다.,
혈압 계속 상승하다 .,혈압이 계속 상승해요.,
이 만화 어떤 장르 ?,이 만화는 어떤 장르에요?,
현금 결제 가능 ?,현금 결제가 가능한가요?,
나 아이 정직 가치 가르치다 노력하다 .,나는 아이들에게 정직의 가치를 가르치려고 노력한다.,
이번 세트 최대한 무게 올리다 보다 .,이번 세트는 최대한 무게를 올려보세요.,
오늘 운동 루틴 무엇 ?,오늘의 운동 루틴은 무엇인가요?,
브라우저 확장 프로그램 어떻게 삭제하다 ?,브라우저 확장 프로그램을 어떻게 삭제하나요?,
인터넷 속도 너무 느리다 .,인터넷 속도가 너무 느려요.,
자동차 주차 때 주의사항 무엇 ?,자동차를 주차할 때 주의사항이 무엇인가요?,
제주도 가다 경험 있다 ?,제주도에 가본 적 있어요?,
학비 얼마 ?,학비는 얼마에요?,
잠시 기다리다 . 친구 기다리다 .,잠시만 기다려 주세요. 친구를 기다리고 있어요.,
이 사이트 멤버십 가입 비용 얼마 ?,이 사이트에서 멤버십 가입 비용은 얼마인가요?,
국제 기구 한국 협력 계약 체결하다 .,국제 기구와 한국이 협력 계약을 체결했습니다.,
그 비평가 많다 책 읽다 .,그는 비평가로서 많은 책을 읽는다.,
올해 목표 달성 노력 필요하다 .,올해의 목표를 달성하기 위해 노력해야 한다.,
팔 굽혀펴기 10회 더 하다 보다 .,팔 굽혀펴기 10회 더 해보세요.,
이 축제 언제 시작 ?,이 축제는 언제부터 시작하나요?,
기름값 포함되다 있다 ?,기름값이 포함되어 있나요?,
비상구 어디 있다 ?,비상구는 어디에 있나요?,
도서관 조용하다 분위기 .,도서관은 조용한 분위기였다.,
보고서 마감일 언제 ?,보고서 마감일이 언제죠?,
오늘 할머니 70 생일 .,오늘은 할머니의 70번째 생일이다.,
학기 초 잘하다 성적 좋다져다 .,학기 초부터 잘 해야 성적이 좋아져요.,
그 눈보라 경험 하다 .,그와 같이 눈보라를 경험했다.,
어느 나라 만화 ?,어느 나라 만화인가요?,
내일 병원 안 가다 돼다 ?,내일 병원을 안 가도 돼요?,
인터넷 플랜 변경하다 어떤 서류 필요하다 ?,인터넷 플랜 변경하려면 어떤 서류가 필요해요?,
병원 이용 만족하다 .,병원 이용에 만족합니다.,
오늘 회의 몇 시 시작하다 ?,오늘 회의는 몇 시에 시작해요?,
잠금장치 안 열리다 .,잠금장치가 안 열려요.,
환승하다 때 추가 요금 발생하다 ?,환승할 때 추가 요금이 발생하나요?,
도서관 자료 이용 방법 알리다 .,도서관 자료 이용 방법 알려주세요.,
연구 결과 공유하다 .,연구 결과를 공유하고 싶어요.,
출장 때 서류 무엇 ?,출장 때 필요한 서류는 무엇인가요?,
이 레스토랑 흡연 구역 따로 있다 ?,이 레스토랑은 흡연 구역이 따로 있나요?,
증상 언제 시작 모르다 .,증상이 언제부터 시작됐는지 모르겠어요.,
사진 프레임 넣다 걸다 .,사진을 프레임에 넣어 걸었다.,
와이파이 비밀번호 알리다 .,와이파이 비밀번호를 알려주세요.,
영어 공부 방법 추천 ?,영어 공부하는 방법 추천해줄래요?,
기타 연주 연습 하다 .,기타 연주를 연습했다.,
이사 준비 하다 바쁘다 .,이사를 준비하느라 바쁘다.,
그녀 노래 많다 사람 위로 받다 .,그녀는 노래로 많은 사람들의 위로를 받았다.,
물 너무 차갑다 .,물이 너무 차가워요.,
항공사 VIP 라운지 어디 ?,항공사 VIP 라운지는 어디에요?,
다음 시험 언제 ?,다음 시험 언제인가요?,
그 청각장애인 .,그는 청각장애인이에요.,
수화 그 주요 의사소통 수단 .,수화는 그의 주요한 의사소통 수단이에요.,
선생님 언제 오다 ?,선생님은 언제 오세요?,
오늘 날씨 좋다 .,오늘 날씨가 정말 좋네요.,
이 온라인 강의 얼마나 걸리다 ?,이 온라인 강의는 얼마나 걸리나요?,
이번 주 커뮤니티 모임 있다 ?,이번 주에 커뮤니티 모임 있나요?,
내일 아침 일찍 일어나다 .,내일 아침에 일찍 일어나야 해요.,
리뷰 여러 읽다 책 선택 하다 .,여러 리뷰를 읽고 책을 선택한다.,
수박 여름 인기 있다 과일 .,수박은 여름에 가장 인기 있는 과일입니다.,
웹사이트 사용하다 폰트 무엇 ?,웹사이트에서 사용하는 폰트는 뭐에요?,
브렉시트 경제 충격 크다 .,브렉시트로 인한 경제 충격이 크다.,
집 요리 실험 하다 보다 .,집에서 요리 실험을 해봤다.,
신라 삼국 중 어느 나라 ?,신라는 삼국 중 어느 나라였나요?,
여름 휴가 어디 보내다 ?,여름 휴가 어디서 보내실 건가요?,
그녀 수화 잘하다 .,그녀는 수화를 잘 알아요.,
그 관계 복잡하다 되다 .,그와의 관계가 복잡해졌다.,
이 기계 어떻게 작동 ?,이 기계는 어떻게 작동하나요?,
출장 가방 준비 하다 .,출장 가방을 준비했어요.,
대학원 시험 준비하다 바쁘다 .,대학원 시험 준비하느라 바빠요.,
모임 오랜만에 친구 만나다 .,모임에서 오랜만에 친구들을 만났다.,
나 그 일 손실 보다 .,나는 그 일로 인해 많은 손실을 보았다.,
프로그래머 코드 작성 하다 .,프로그래머는 코드를 작성한다.,
버스 타다 도시 여행 가다 .,버스를 타고 다른 도시로 여행을 갔다.,
내일 친구 데이트 약속 있다 .,내일 친구랑 데이트 약속이 있어요.,
수능 준비 어떻다 하다 ?,수능 시험 준비 어떻게 하세요?,
라우터 리셋하다 어떻게 하다 ?,라우터를 리셋하려면 어떻게 해야해요?,
판사 판결 내리다 .,판사는 판결을 내린다.,
우리 팀 응원가 있다 ?,우리 팀 응원가 있어요?,
케이크 위 초 꽂다 .,케이크 위에 초를 꽂았다.,
피자 치즈 추가하다 추가 비용 들다 .,피자 위에 치즈를 추가하려면 추가 비용이 든다.,
운전 수고하다 . 감사하다 .,운전 수고하셨습니다. 감사합니다.,
웹사이트 자동재생되다 동영상 소리 꺼야 하다 .,웹사이트에서 자동재생되는 동영상 소리를 꺼야 해요.,
토네이도 다가오다 !,토네이도가 다가오고 있어요!,
읽다 쉽다 글씨체 책 좋아하다 .,읽기 쉬운 글씨체의 책을 좋아한다.,
전방 사고 나다 길 막히다 .,전방에 사고가 나서 길이 막혀있어요.,
중앙은행 기준금리 조정하다 .,중앙은행이 기준금리를 조정했습니다.,
온라인 구매 가능 제품 ?,온라인으로도 구매 가능한 제품인가요?,
이번 주말 대회 참가자 명단 언제 나오다 ?,이번 주말 대회 참가자 명단이 언제 나와요?,
의사 선생님 무슨 질문 있다 ?,의사 선생님께 무슨 질문이 있어요?,
멤버십 가입 혜택 무엇 있다 ?,멤버십 가입하면 어떤 혜택이 있나요?,
유아용 자리 따로 있다 ?,유아용 자리는 따로 있나요?,
국제선 국내선 터미널 같다 ?,국제선과 국내선 터미널은 같나요?,
이 책 영화 만들어지다 .,이 책은 영화로도 만들어졌다.,
비상구 대피하다 .,비상구로 대피하세요.,
이 운동 하체 좋다 .,이 운동은 하체에 좋아요.,
간장 더 주다 가능 ?,간장을 더 주실 수 있나요?,
약속 장소 카페 .,약속 장소는 카페에서 해요,
도서관 새 책 빌리다 .,도서관에서 새로운 책을 빌렸다.,
수업 언제 시작 ?,수업 언제 시작해요?,
학교 많다 학생 모이다 .,학교에는 많은 학생들이 모였다.,
공항 가족 마중 나가다 .,공항에서 가족을 마중 나갔다.,
어디 가다 싶다 ?,어디로 가고 싶어요?,
웹사이트 개인정보 어떻게 삭제하다 ?,웹사이트에서 제 개인정보를 어떻게 삭제하나요?,
그녀 노래 연습 위해 보컬 트레이닝 받다 .,그녀는 노래 연습을 위해 보컬 트레이닝을 받았다.,
우울하다 기분 들다 음악 듣다 .,우울한 기분이 들어서 음악을 들었다.,
특별하다 주제 책 찾다 있다 .,특별한 주제의 책을 찾고 있다.,
월성 무슨 의미 ?,월성은 무슨 의미인가요?,
나 사진 인화 하다 앨범 넣다 .,내 사진을 인화해서 앨범에 넣었다.,
주간 독서량 기록 하다 .,주간 독서량을 기록하고 있다.,
채소 먹다 건강 좋다 .,채소를 먹으면 건강에 좋다.,
와인 리스트 볼 가능 ?,와인 리스트를 볼 수 있을까요?,
떡볶이 매콤하다 맛 .,떡볶이는 매콤한 맛이 난다.,
성과 따르다 평가 받다 .,성과에 따라 평가 받을 거에요.,
동물 대피하다 .,동물들도 대피시켜야 해요.,
장학금 어떻다 받다 ?,장학금은 어떻게 받아요?,
여기 내리다 좋다 ?,여기서 내리는 게 좋을까요?,
점심 메뉴 언제까지 ?,점심 메뉴는 언제까지에요?,
사내 연애 금지이다 ?,사내 연애는 금지인가요?,
대학원 수업 흥미롭다 .,대학원 수업이 흥미로워요.,
출장 가다 경비 어떻게 청구하다 ?,출장 가면 경비는 어떻게 청구하나요?,
선생님 우리 팀워크 중요하다 가르치다 주다 .,선생님은 우리에게 팀워크의 중요성을 가르쳐 준다.,
기내식 무엇 제공하다 ?,기내식으로 무엇을 제공해요?,
환경보호 단체 시위 진행하다 .,환경보호 단체가 시위를 진행했습니다.,
임상심리사 사람 마음 도우다 .,임상심리사는 사람의 마음을 도와준다.,
진료 예약하다 .,진료 예약하려고 합니다.,
책상 위 책 여러개 놓이다 .,책상 위에는 여러 책들이 놓여 있다.,
웹사이트 개인정보 보호 정책 어디 있다 ?,웹사이트에 개인정보 보호 정책은 어디에 있나요?,
친구 깜짝 파티 준비 하다 .,친구들이 생일을 위해 깜짝 파티를 준비했다.,
비 오다 분위기 차분하다 되다 .,비가 오니 분위기가 차분해졌다.,
고려 원 관계 어떻다 ?,고려와 원의 관계는 어떠했나요?,
사진 콘테스트 참가 하다 .,사진 콘테스트에 참가했다.,
밤 진료 가능 ?,밤에도 진료 가능한가요?,
차안 너무 춥다 . 온도 조절 가능 ?,차안이 너무 추워요. 온도를 조절할 수 있나요?,
과학도서 지식 확장 주다 .,과학도서는 지식을 확장시켜준다.,
작다 화분 꽃 피다 .,작은 화분에 꽃이 피었다.,
온라인 게임 친구 어떻게 추가하다 ?,온라인 게임에서 친구를 어떻게 추가하나요?,
신부 드레스 예쁘다 .,신부 드레스 정말 예쁘네요.,
그녀 음악회 가다 .,그녀와 같이 음악회에 갔다.,
나 아침 시리얼 먹다 .,나는 아침마다 시리얼을 먹는다.,
어떤 주제 회의 ?,어떤 주제로 회의하나요?,
집 앞 공터 공사 소음 크다 .,집 앞 공터에서 공사 소음이 컸다.,
지역 사회 큰 교통사고 발생하다 .,지역 사회에서 큰 교통사고가 발생했다.,
VPN 어떻게 설정하다 ?,VPN을 어떻게 설정하나요?,
스트레칭 시작 하다 .,스트레칭부터 시작합시다.,
고난 잠시 기쁨 영원하다 .,"고난은 잠시, 기쁨은 영원히",
책 끝 충격적 .,책의 끝 부분이 충격적이었다.,
판타지 소설 좋아하다 .,판타지 소설을 좋아한다.,
세종대왕 훈민정음 창제 하다 .,세종대왕은 훈민정음을 창제했어요.,
일기 쓰다 습관 좋아지다 같다 .,일기 쓰는 습관이 좋아진 것 같다.,
그 약속 지키다 않다 .,그는 약속을 지키지 않았다.,
로스트 앤 파운드 가다 .,로스트 앤 파운드로 가야겠어요.,
어느 학교 가르치다 ?,어느 학교에서 가르치시나요?,
운동 중 아프다 부위 있다 ?,혹시 운동 중에 아픈 부위 있나요?,
창문 깨지다 !,창문이 깨졌어요!,
브런치 팬케이크 먹다 .,브런치로 팬케이크를 먹었다.,
이 근처 택시 승차장 있다 ?,이 근처에 택시 승차장이 있나요?,
유튜브 그 영상 어떻게 찾다 ?,유튜브에서 그 영상을 어떻게 찾을 수 있어요?,
기다리다 라운지 이용하다 가능 ?,기다리는 동안 라운지 이용 가능한가요?,
아빠 회사 연차 때문 다음 주 휴가 가다 .,아빠 회사 연차 때문에 다음 주에 휴가를 가신다.,
공항 내 무선 인터넷 접속하다 방법 어떻다 ?,공항 내 무선 인터넷 접속 방법은 무엇인가요?,
여행 가다 현지인 친구 되다 ?,여행 가서 현지인과 친구가 됐어요?,
학점 어떻다 계산 ?,학점은 어떻게 계산해요?,
그 사람 숨 못 쉬다 .,그 사람이 숨을 못 쉬어요.,
여권 잃어버리다 .,여권을 잃어버렸어요.,
전화 안 통하다 .,전화가 안 통해요.,
참치 캔 간편하다 먹다 .,참치 캔은 간편하게 먹을 수 있다.,
수화 수업 어떻게 진행 ?,수화 수업 어떻게 진행되나요?,
그 나 기대 저버리다 .,그는 나의 기대를 저버렸다.,
어떤 결과 기대하다 ?,어떤 결과를 기대하시나요?,
수하물 비용 얼마나 추가되다 ?,수하물 비용이 얼마나 추가되나요?,
소스 따로 주다 안 되다 ?,소스를 따로 주시면 안 될까요?,
이 앱 업데이트 버전 어디서 받다 있다 ?,이 앱의 업데이트 버전이 나왔다는데 어디서 받을 수 있나요?,
여행 가다 때 무엇 중요하다 생각 ?,여행 갈 때 뭐 제일 중요하게 생각해요?,
과학 실험 준비 끝 ?,과학 실험 준비 다 했어?,
택시 기사님 방역수칙 지키다 ?,택시 기사님도 방역수칙을 지키시나요?,
사이트 회원 가입하다 때 필요하다 정보 무엇 ?,사이트에 회원 가입할 때 필요한 정보는 뭐에요?,
응급 상황 가방 가져오다 .,응급 상황 가방을 가져와요.,
성과 지표 어떻다 측정 ?,성과 지표는 어떻게 측정하나요?,
라멘 면 스프 구성 .,라멘은 면과 스프로 구성되어 있다.,
초밥 일본 대표 음식 .,초밥은 일본의 대표적인 음식 중 하나다.,
농인 듣다 사람 위한 프로그램 만들어지다 .,농인과 듣는 사람 모두를 위한 프로그램이 만들어졌다.,
해외 여행 언제 와다 ?,해외 여행 언제 다녀왔어요?,
선생님 수업 끝나다 후 질문 받다 .,선생님은 수업이 끝나고 나서도 질문을 받아요.,
여행 가방 책 넣다 .,여행 가방에는 책을 넣었다.,
저번 경기 리플레이 언제 보다 ?,저번 경기의 리플레이 언제 볼 수 있어요?,
소방관 용감하다 직업 이다 .,소방관은 용감한 직업이다.,
공기 호흡기 쓰다 .,공기 호흡기를 써야 해요.,
바다 상황 어떻다 ?,바다의 상황은 어떠한가요?,
선생님 우리 공동체 중요하다 가르치다 주다 .,선생님은 우리에게 공동체의 중요성을 가르쳐 준다.,
승무원 물어보다 되다 ?,승무원에게 물어봐도 될까요?,
사진 학교 등록 하다 .,사진학교에 등록했다.,
대학 진로 어떻다 결정 ?,대학 진로 어떻게 결정해야 해요?,
선생님 우리 존중하다 태도 가르치다 .,선생님은 우리에게 존중하는 태도를 가르친다.,
도메인 이름 어디서 구입하다 ?,도메인 이름을 어디서 구입하나요?,
택시 기사 승객 목적지 까지 모시다 일 하다 .,택시 기사는 승객을 목적지까지 모시는 일을 한다.,
세무사 세금 관련 일 처리 하다 .,세무사는 세금과 관련된 일을 처리한다.,
작다 섬 페리 타다 방문 하다 .,작은 섬에 페리를 타고 방문했다.,
치료계획 바꾸다 .,치료계획을 바꾸고 싶어요.,
그림 그리다 시작 하다 .,그림 그리기를 시작했다.,
출장 후 휴가 쓰다 가능 ?,출장 후 휴가를 쓸 수 있나요?,
농장 딸기 따다 .,농장에서는 직접 딸기를 따봤다.,
우체국 아침 9시 열다 .,우체국은 아침 9시에 문을 연다.,
신호등 좌회전 하다 .,신호등에서 좌회전하세요.,
이 버스 몇 분 간격 오다 ?,이 버스는 몇 분 간격으로 오나요?,
아이 먼저 대피하다 .,아이들을 먼저 대피시켜요.,
약 부작용 있다 ?,약의 부작용이 있을까요?,
지구 온난화 연구 결과 발표되다 .,지구 온난화에 대한 연구 결과가 발표되었다.,
단체 사진 찍다 위해 모이다 .,단체 사진을 찍기 위해 모여들었다.,
출장비 언제 받다 가능 ?,출장비를 언제 받을 수 있나요?,
침수 심해지다 .,침수가 심해져요.,
이번 달 목표 무엇 ?,이번 달 목표 뭐야?,
통역사 두 언어 소통 도우다 .,통역사는 두 언어 간의 소통을 도와준다.,
네비게이션 목적지 설정하다 .,네비게이션으로 목적지를 설정해 주세요.,
연결 항공편 정보 알리다 .,연결 항공편 정보를 알려주세요.,
선생님 질문 있다 손 들다 하다 .,선생님께서 질문 있으면 손 들라고 했어요.,
비행기 Wi-Fi 서비스 제공되다 ?,비행기에 Wi-Fi 서비스 제공되나요?,
핸드폰 충전 케이블 있다 ?,핸드폰 충전 케이블 있나요?,
학생회 가입하다 .,학생회에 가입하려고 해요.,
실습 수업 어떻다 진행 ?,실습 수업은 어떻게 진행돼요?,
타코 멕시코 음식 .,타코는 멕시코 음식이다.,
바다 가다 파도 소리 듣다 .,바다에 가서 파도 소리를 들었다.,
그 매주 새로운 책 시작 하다 .,그는 매주 새로운 책을 시작한다.,
월요일 고기 구워 먹다 .,월요일마다 고기를 구워 먹는다.,
이 노래 영화 OST 유명하다 .,이 노래는 영화 OST로 유명하다.,
세관 심사 시간 얼마나 걸리다 ?,세관 심사에 걸리는 시간이 얼마나 걸려요?,
이 책 다양하다 사진 그림 포함 되다 있다 .,이 책은 다양한 사진과 그림이 포함되어 있다.,
이 작품 평가 좋다 왜 그렇다 알다 ?,이 작품 평가가 좋던데 왜 그런지 알아?,
청각장애인 위한 시설 있나요 ?,청각장애인을 위한 특별한 시설이 있나요?,
할인 중 !,할인 중이에요!,
그 안기다 편안하다 느끼다 .,그에게 안겨서 편안함을 느꼈다.,
그 신발 예쁘다 .,저 신발 너무 예쁘다.,
연구실 동료 협업하다 .,연구실 동료와 협업하려고 합니다.,
웹사이트 접속하다 오류 메시지 나오다 .,웹사이트에 접속할 때 오류 메시지가 나와요.,
레포트 피드백 받다 가능 ?,레포트 피드백 받을 수 있어요?,
의식 없다 . 소생 시도하다 .,의식이 없어요. 소생 시도해야 해요.,
비즈니스 클래스 업그레이드 하다 ?,비즈니스 클래스로 업그레이드 할까?,
그 유명하다 작가 로 알리다 있다 .,그는 유명한 작가로 알려져 있다.,
공항 출구 택시 승차 위치 알리다 .,공항 출구에서 택시 승차 위치를 알려주세요.,
무슨 원인 별세 ?,무슨 원인으로 별세하셨나요?,
기내 제공하다 이어폰 얼마 ?,기내에서 제공하는 이어폰은 얼마인가요?,
이 웹사이트 사용자 평가 어떻다 ?,이 웹사이트의 사용자 평가는 어떤가요?,
블로그 시작하다 어떻게 하다 ?,블로그를 시작하려면 어떻게 해야해요?,
가장 가깝다 병원 데리다 가다 .,가장 가까운 병원으로 데려가 주세요.,
어디 캠핑 하다 ?,어디서 캠핑하실 건가요?,
선생님 학생 역사 가르치다 .,선생님은 학생들에게 역사를 가르친다.,
손 잡다 영화 보다 .,손을 잡으며 영화를 봤다.,
연간 매출 증가하다 .,연간 매출이 증가했어요.,
크리스마스 12월 25일이다 .,크리스마스는 12월 25일이에요,
미용실 머리 스타일링 하다 .,미용실에서 머리를 새롭게 스타일링했다.,
오늘 특별하다 일 없다 평범하다 하루 이다 .,오늘은 특별한 일 없이 평범한 하루였다.,
비상구 위치 확인하다 .,비상구 위치를 확인해주세요.,
제주도 아름답다 .,제주도는 정말 아름다워요.,
선생님 학생 새로운 문제 해결 방법 가르치다 .,선생님은 학생들에게 새로운 문제 해결 방법을 가르친다.,
그 통화 항상 길다 .,그와의 통화는 항상 길다.,
병실 이동하다 ?,병실로 이동해야 해요?,
이 작가 다른 작품 있다 ?,이 작가 다른 작품도 있나요?,
그 팀원 프로젝트 관리 방법 가르치다 .,그는 팀원들에게 프로젝트 관리 방법을 가르쳤다.,
공원 개 산책 하다 .,공원에서 개와 산책을 했다.,
주변 안전하다 곳 찾다 .,주변에 안전한 곳을 찾아요.,
환승 정보 확인하다 어디 가다 ?,환승 정보를 확인하려면 어디로 가야해요?,
연구실 변경 생각하다 .,연구실 변경을 생각 중이에요.,
치킨 금요일 밤 인기 .,치킨은 금요일 밤에 인기가 있다.,
주말 계획 없이 휴식 취하다 .,주말에는 아무 계획 없이 휴식만 취했다.,
논문 피드백 언제 받다 ?,논문 피드백 언제 받을 수 있어요?,
배열 연결 리스트 중 무엇 효율적 ?,배열과 연결 리스트 중 뭐가 더 효율적일까?,
어제 무엇 하다 ?,어제 뭐 했어요?,
목표 초과 달성하다 .,목표를 초과 달성했어요.,
그 의견 무시 되다 .,그의 의견은 무시당했다.,
그녀 학생 긍정적 마음가짐 가르치다 주다 .,그녀는 학생들에게 긍정적인 마음가짐을 가르쳐 준다.,
긴급 상황 때 대피 경로 어떻게 되다 ?,긴급 상황 발생 시 대피 경로는 어떻게 되나요?,
지하철 무료 Wi-Fi 이용하다 어떻게 하다 ?,지하철에서 무료 Wi-Fi를 이용하려면 어떻게 해야 해요?,
버스 정류장 어떻게 가다 ?,버스 정류장까지 어떻게 가야 해요?,
예약 어떻게 하다 ?,예약을 하려면 어떻게 해야 하나요?,
그녀 손 잡다 걷다 .,그녀와 손을 잡고 걸었다.,
논문 수정사항 많다 !,논문 수정사항이 많네요!,
동네 공원 산책 즐기다 .,동네 공원에서 산책을 즐겼다.,
오늘 팀 연습 어떻게 진행 ?,오늘 팀 연습 어떻게 진행되나요?,
그 의사소통 수화 사용하다 .,그는 의사소통을 위해 수화를 사용해요.,
기내 음식 주문하다 있다 ?,기내에서 음식 주문할 수 있나요?,
그 노래 작곡 하다 직접 부르다 .,그는 노래를 작곡하고 직접 부른다.,
오늘 특별 메뉴 무엇 ?,오늘의 특별 메뉴는 뭐에요?,
문학상 받다 작품 찾아보다 .,문학상을 받은 작품을 찾아본다.,
물 위 카누 타다 .,물 위에서 카누를 탔다.,
전공 선택 잘하다 .,전공 선택을 잘 해야겠어요.,
스트레칭 없이 운동 끝나다 안 되다 .,스트레칭 없이 운동 끝나면 안 돼요.,
테마파크 롤러코스터 타다 .,테마파크에서 롤러코스터를 탔다.,
날씨 추우다 히터 틀다 .,날씨가 추워서 히터 좀 틀어주세요.,
출국 심사 게이트 어디 ?,출국 심사는 어느 게이트에서 해요?,
그 연애 아름답다 .,그와의 연애는 아름답다.,
경유로 가다 택시 요금 얼마 추가되다 ?,경유로 가는 택시 요금은 얼마나 추가되나요?,
온라인 결제 문제 발생하다 .,온라인 결제 시 문제가 발생했어요.,
피부과 진료 원하다 .,피부과 진료를 원해요.,
바베큐 하다 가다 싶다 .,바베큐를 하러 가고 싶다.,
어머니 생일날 집 초대 하다 .,어머니가 생일날 집으로 초대하셨다.,
대학원 진학 생각 있다 ?,대학원 진학 생각 있어요?,
엄마 주말 좋다 음식 하다 ?,엄마가 주말에 좋은 음식 해준다며?,
이 만화 어린이 대상 ?,이 만화는 어린이 대상인가요?,
사람마다 삶 가치관 다르다 .,사람마다 삶의 가치관이 다르다,
오늘 생일 기분 좋다 .,오늘 생일이라 기분이 좋다.,
약속 시간 언제 확인하다 주다 .,약속 시간이 언제인지 확인해 주세요,
잠들다 전 몇 페이지 읽다 .,잠들기 전에 몇 페이지를 읽는다.,
화재 경보기 울리다 .,화재 경보기가 울렸어요.,
성과 팀워크 영향 미치다 .,성과가 팀워크에 영향을 미쳤어요.,
어디 운동화 사다 좋다 ?,어디서 운동화를 사는 게 좋아요?,
부모님 선물 시계 주다 .,부모님이 생일 선물로 시계를 주셨다.,
특정 주제 책 모으다 읽다 .,특정 주제에 대한 책을 모아서 읽는다.,
기내 블랭킷 제공하다 ?,기내에서 블랭킷 제공하나요?,
주차 때 사이드 미러 접다 되다 ?,주차 할 때 사이드 미러를 접어도 되나요?,
범인 잡다 ?,범인을 잡았나요?,
도서관 좋다 책 발견 하다 .,도서관에서 좋은 책을 발견했다.,
생일 때마다 특별하다 기분 .,생일마다 특별한 기분을 느낀다.,
출장 부산 가다 되다 .,출장으로 부산에 가게 되었어요.,
학교 페스티벌 언제 ?,학교 페스티벌 언제에요?,
출장 동안 식사비 얼마 지원 받다 ?,출장 동안 식사비는 얼마나 지원받나요?,
인터넷 계약 해지하다 어떻게 하다 ?,인터넷 계약을 해지하려면 어떻게 해야해요?,
그녀 농인 가족 태어나다 .,그녀는 농인 가족에서 태어났다.,
과제 어렵다 .,과제 어렵네요.,
아빠 케이크 만들다 주다 .,아빠가 생일 케이크를 만들어 주셨다.,
동료 꽃 생일 선물 하다 .,동료들이 생일 축하를 위해 꽃을 선물했다.,
내일 재판 나가다 ?,내일 재판에 나가셔야 하죠?,
비행기 미리 음식 주문하다 가능 ?,비행기에 미리 음식 주문이 가능한가요?,
연구원 새롭다 기술 연구 하다 .,연구원은 새로운 기술을 연구한다.,
대학원 입시 준비 어떻다 하다 ?,대학원 입시 준비 어떻게 해야 해요?,
여기 어디 가다 ?,여기 어디로 가야 하나요?,
논문 리뷰 필요하다 .,논문 리뷰가 필요해요.,
출장 시간 내 차 주차장 놓다 되다 ?,출장 시간 동안 제 차를 주차장에 놔둬도 되나요?,
이곳 무료 주차 구역 ?,이곳은 무료 주차 구역인가요?,
비행기 탑승 시간 언제다 ?,비행기 탑승 시간 언제에요?,
수화 교육 확대 필요하다 .,수화 교육의 확대가 필요하다.,
여기 내리다 되다 ?,여기서 내려도 될까요?,
의회 새로운 법안 통과되다 .,의회에서 새로운 법안이 통과됐습니다.,
출석 체크 중요하다 ?,출석 체크 중요해요?,
이 웹사이트 리턴 정책 어떻게 되다 ?,이 웹사이트에서 리턴 정책은 어떻게 돼요?,
운동 가다 스트레스 풀다 .,운동하러 가서 스트레스를 풀었다.,
교통카드 잔액 얼마나 남다 ?,교통카드 잔액이 얼마나 남았나요?,
이 곡 언제 작곡 ?,이 곡은 언제 작곡하셨나요?,
통증 심하다 !,통증이 너무 심해요!,
성과 관리팀 연락 오다 .,성과 관리팀에서 연락이 왔어요.,
이번 주 실험 계획 어떻게 되다 ?,이번 주 실험 계획 어떻게 되나요?,
와인 리스트 보다 가능 ?,와인 리스트를 볼 수 있을까요?,
이 주제 논문 작성하다 .,이 주제로 논문을 작성할 생각이에요.,
매년 생일 가족 모이다 .,매년 생일마다 가족들이 함께 모인다.,
주차장 얼마나 넓다 ?,주차장은 얼마나 넓은가요?,
심야 택시요금 어떻게 되다 ?,심야 택시요금은 어떻게 되나요?,
대중교통 이용하다 주의사항 무엇이다 ?,대중교통 이용 시 주의사항은 무엇인가요?,
다음 연주회 언제 ?,다음 연주회는 언제인가요?,
사이트 로그인하다 때 보안 코드 요구하다 .,사이트에 로그인할 때 보안 코드를 요구해요.,
무거운 물건 문 막다 .,무거운 물건들로 문을 막아요.,
가족 안전 확인하다 .,가족들의 안전을 확인해주세요.,
작가 생각 책 통해 전달 되다 .,작가의 생각이 책을 통해 전달된다.,
여행 가다 때 집 누구 챙기다 ?,여행 가는 동안 누가 집을 챙겨요?,
사진 속 많다 추억 담기다 있다 .,사진 속에는 많은 추억이 담겨 있다.,
짐 어디서 찾다 있다 ?,짐을 어디서 찾을 수 있나요?,
교통체증 심하다 도로 피하다 가다 .,교통체증이 심한 도로는 피해 가주세요.,
물 주다 .,물 주세요,
이 그림 재료 무엇 ?,이 그림에 사용된 재료는 뭐에요?,
화재 현장 상황 어떻다 ?,화재 현장 상황은 어떤가요?,
아이 급하게 병원 가다 .,아이가 급하게 병원에 가야 해요.,
지도 교수님 보고서 제출하다 .,지도 교수님께 보고서를 제출해야 해요.,
어느 항구 도착 ?,어느 항구에 도착하나요?,
나 그 처음 보다 때 반하다 .,나는 그를 처음 봤을 때 반했다.,
우리 팀 경기 패배하다 .,우리 팀은 경기에서 패배했다.,
밤 별 많다 곳 드라이브 하다 .,밤에 별이 많은 곳으로 드라이브를 했다.,
비건 음식 동물 성분 포함하다 않다 .,비건 음식은 동물성 성분을 포함하지 않는다.,
도착하다 때 알람 설정 가능 ?,도착할 때 알람을 설정할 수 있나요?,
무이자 할부 몇 개월 가능 ?,무이자 할부는 몇 개월까지 가능해요?,
장애인 전용 주차구역 이용 어떻게 하다 ?,장애인 전용 주차구역을 이용하려면 어떻게 해야하나요?,
기내 무게 제한 있다 아이템 무엇이다 ?,기내에서 무게 제한 있는 아이템은 무엇인가요?,
책 추천하다 ?,책 좀 추천해줄래요?,
책 서론 읽다 주제 이해 하다 .,책의 서론을 읽고 주제를 이해한다.,
피크닉 숲 가다 .,피크닉을 하러 숲으로 갔다.,
나 그 사랑하다 고백 하다 .,나는 그를 사랑한다고 고백했다.,
저녁 별 보다 생각 잠기다 .,저녁에 별을 보면서 생각에 잠겼다.,
선생님 오늘 새로운 주제 대하다 가르치다 주다 .,선생님은 오늘 새로운 주제에 대해 가르쳐 줄 것이다.,
읽다 책 서평 작성 하다 .,읽은 책은 서평을 작성한다.,
샌드위치 두 개 주다 .,샌드위치를 두 개 주세요.,
오늘 회사 바쁘다 일하다 .,오늘 회사에서 바쁘게 일했어요.,
택시비 팁 주다 되다 ?,택시비에 팁을 줘도 될까요?,
교내 동아리 가입하다 .,교내 동아리에 가입하려고 해요.,
특정 정류장 얼마나 걸리다 ?,특정 정류장까지 얼마나 걸리나요?,
책 질감 좋다 종이책 선호 하다 .,책의 질감이 좋아 종이책을 선호한다.,
새 스타트업 아이디어 생각 중 .,새로운 스타트업 아이디어 생각 중이에요.,
이 카페 디저트 맛있다 .,이 카페의 디저트는 맛있다.,
실험 결과 분석하다 .,실험 결과를 분석 중이에요.,
내일 출장 가다 티켓 언제 받다 ?,내일 출장 가기로 했는데 티켓은 언제 받아요?,
변호사 정의 위해 싸우다 .,변호사는 정의를 위해 싸운다.,
그 책 읽다 시간 많다 투자 하다 .,그는 책을 읽는 데 많은 시간을 투자한다.,
그 농인 세계 여행 즐기다 .,"그는 농인인데, 세계 여행을 즐긴다.",
온라인 결제 후 영수증 어디서 받다 가능 ?,온라인 결제 후 영수증을 어디서 받을 수 있나요?,
생일 파티 초대 기쁘다 .,생일 파티에 초대받아 기뻤다.,
재진 예약 어떻게 하다 ?,재진 예약은 어떻게 하나요?,
연못 오리 보다 .,연못에서 오리들을 봤다.,
워크숍 성과 주제 발표하다 .,워크숍에서 성과 관련 주제로 발표할 거에요.,
너무 피곤하다 자다 싶다 .,너무 피곤해서 자고 싶다,
책 읽다 잠 들다 .,책을 읽다가 잠이 들었다.,
장비 어디 구하다 ?,장비는 어디서 구할 수 있나요?,
목베개 구매하다 있다 ?,목베개를 구매할 수 있나요?,
