gloss,spoken
"병원 다음 내리다 ? > 병원 지나서 내려드릴까요?
에어컨 불량 잘 안되다 ? > ",에어컨이 안되나요?
"버스 곳 맞다 > 버스정류장에서 내려주세요.
마포대교 가다 ? > ",마포대교로 건너가드릴까요?
"단말기터치 고장 잘 안되다 > 카드 인식이 안되네요.
지하철 빨리 오다오다 > ",이번 열차는 급행 열차입니다.
"사람 계산 틀리다 ? > 인원 수가 맞지 않나요?
안전벨트 > ",안전벨트를 매주세요.
"대로 다음 차내리다 > 큰 길 지나서 내려주세요.
기분 좋다 > ",아 기분이 좋다
"스타벅스 전 곳 도착 내리다 > 스타벅스 못가서 내려주세요.
종로 가다 > ",종로역입니다.
"카드 고장 잘 안되다 > 카드 인식이 안되네요.
터널 다음 곳 > ",터널 지나서 내려주세요.
"춥다 끄다 ? > 에어컨을 꺼드릴까요?
교통 법 지키다 > ",교통법규를 지키다
"우회전 확인 맞다 > 우회전이 맞습니다.
학교 주차 되다 ? > ",학교에 주차할 수 있나요?
"고속터미널 내리다 가다 > 고속버스터미널로 가주세요.
건너다 차내리다 ? > ",건너편에서 내려드릴까요?
"학교 저기 가다 > 학교로 들어가주세요.
타다 곳 맞다 ? > ",타는 곳이 맞나요?
"기다리다 -봐 > 기다려봐
회의실 무엇 곳 ? > ",회의실은 어디에 있나요?
"에어컨 ? > 에어컨 좀 켜드릴까요?
시계 사라지다 실종 > ",시계를 분실하였습니다.
"대로 다음 여기 ? > 큰 길 지나서 내려드릴까요?
버스 전 곳 보다 차내리다 > ",버스정류장 못가서 내려주세요.
"경찰 전화걸다 > 경찰을 부르세요.
도착 알려받다 > ",도착하면 알려주세요.
"우산 잃어버리다 실종 ? > 우산을 잃어버리셨나요?
서울역 가다 내리다 > ",서울역으로 가주세요.
"나 말 듣다 아니다 왜 ? > 왜 내 말을 듣지 않아?
도착 > ",도착했습니다.
"심심하다 무엇 ? > 심심할때 무엇을 하면 좋을까?
지갑 없다 잃어버리다 ? > ",지갑을 분실하셨나요?
"사거리 다음 내리다 ? > 사거리 지나서 내려드릴까요?
반갑다 > ",반갑다
"곳곳 ? > 어디요?
기차 곳 맞다 ? > ",기차역에서 내려드릴까요?
"은행 곳 길 ? > 은행은 어디에 있나요?
택시 여기 되다 ? > ",여기서 택시를 탈 수 있나요?
"남자 불편 어색 > 이상하게 유독 그가 불편하다
도착 알려받다 가능 ? > ",도착하면 알려주실 수 있나요?
"바쁘다 > 바쁘다
서울농아인협회 차내리다 > ",서울농아인협회로 가주세요.
"길 안내하다 도와주다 ? > 길 찾는 것 좀 도와드릴까요?
돈 얼마 맞다 확인 ? > ",요금을 확인하셨어요?
"맡다 > 맡다
괜찮다 ? > ",괜찮으세요?
"보다 > 보다
이마트 저기 곳 다음 저기 > ",이마트 지나서 내려주세요.
"여기 차내리다 맞다 ? > 여기서 내려드릴까요?
집 크다 놀라다 > ",집이 커서 놀라웠다
"차 뒤 엉덩이 들어올리다 ? > 트렁크 좀 열어드릴까요?
자판기 안되다 죽다 > ",자판기가 안되네요.
"생각 -보다 사람 많다 > 생각보다 사람이 많이 왔네
카드 단말기터치 다시 해보다 > ",카드를 다시 대세요.
"춥다 끄다 > 에어컨 좀 꺼주세요.
미안 > ",죄송합니다.
"계산 남다 돈받다 > 잔돈주세요.
손바닥찍다 가다 내리다 ? > ",이 주소로 갈까요?
"난방 끄다 > 에어컨을 꺼주세요.
편지 저기 곳 다음 내리다 > ",우체국 지나서 내려주세요.
"보건소 곳 다음 차내리다 > 보건소 지나서 내려주세요.
사거리 우회전 > ",사거리에서 우회전 해주세요.
"저기 내리다 맞다 > 저기서 내려주세요.
싫다 무엇 야채 > ",내가 싫어하는 음식은 야채다
"명동 가다 > 명동역으로 가주세요.
항공 가다 검사 곳 ? > ",탑승수속은 어디에서 하나요?
"택시 어디 ? > 택시 승강장은 어디에 있습니까?
지금 내리다 맞다 ? > ",지금 내려드릴까요?
"이웃 집 불 > 옆집에 불이 났어요.
은행 저기 곳 다음 차내리다 ? > ",은행 지나서 내려드릴까요?
"한국농아인협회 내리다 > 한국농아인협회로 가주세요.
대로 다음 내리다 > ",큰 길 지나서 내려주세요.
"역무원 부르다 ? > 역무원을 불러드릴까요?
미리 카드 > ",선승인하겠습니다.
"간섭 싫다 > 날 간섭하는 것이 싫다
이마트 곳 저기 다음 > ",이마트 지나서 내려주세요.
"지하철 문 여기 번호 ? > 몇 번에서 타면 되나요?
아파트 저기 가다 > ",아파트 단지 안으로 가주세요.
"보건소 곳 다음 여기 > 보건소 지나서 내려주세요.
빨리 시작 > ",빨리 시작하자
"저기 나 가지다 괜찮다 ? > 이거 내가 가져도 될까?
숙제 잊다 > ",숙제가 무엇인지 잊어버렸다
"칭찬 듣다 기분 좋다 > 칭찬을 들었더니 기분이 좋다
핸드폰 잃어버리다 > ",휴대폰을 잃어버렸습니다.
"유턴 맞다 ? > 유턴 맞으시죠?
슬프다 > ",아 슬프다
"올리다 > 창문 좀 닫겠습니다.
내리다 시간 알려주다 ? > ",내릴 때 알려드릴까요?
"카드 찾다 실종 > 카드를 잃어버렸습니다.
누가 잡다 > ",어떤 사람한테 납치당했어요.
"한국 안 착륙 어디 ? > 국내선 입국장이 어디에 있습니까?
도착 알려받다 ? > ",도착하면 알려주시나요?
"오다 > 오다
지름길 내리다 가다 > ",지름길로 가주세요.
"무릎 인대 상처 > 무릎 인대를 다친 것 같아요.
노트북 찾다 실종 > ",노트북을 잃어버렸습니다.
"지하철 철로 가방 떨어지다 > 선로에 가방을 떨어뜨렸습니다.
있다 > ",있다
"유턴 맞다 > 유턴 맞습니다.
핸드폰 실종 잃어버리다 > ",휴대폰을 잃어버렸습니다.
"차 내리다 ? > 창문을 열어드릴까요?
백화점 다음 곳 저기 내리다 > ",백화점 지나서 내려주세요.
"카드 가능 ? > 카드 결제 되나요?
비자 책 없다 방법 ? > ",여권이 없습니다. 어떻게 하나요?
"열쇠 잃어버리다 ? > 열쇠를 잃어버리셨나요?
뒤 쫓아오다 느낌 > ",쫓아오는 것 같아요.
"공부 > 공부가 가장 쉬웠어요
돈 ? > ",현금이세요?
"택시 기본 만원 ? > 기본 요금이 만원인가요?
좋다 ? > ",좋으세요?
"언덕 저기 곳 다음 도착 차내리다 > 언덕 지나서 내려주세요.
물건 검사 두다 곳 어디 ? > ",코인로커가 어디에 있습니까?
"샛길 저기 다음 도착 내리다 > 골목 지나서 내려주세요.
어린이집 주차 되다 ? > ",어린이집에 주차할 수 있나요?
"여의도 길 무엇 ? > 여의도로 가려면 어떻게 가나요?
기차 곳 내리다 맞다 > ",기차역에서 내려주세요.
"손바닥찍다 가다 > 이 주소로 가주세요.
좋다 방법 있다 아마 > ",좋은 방법이 있을거야
"종로 목적 가다 무엇 ? > 종로로 가려면 어떻게 가나요?
제주 홍보 곳 어디 ? > ",제주 홍보관은 어디입니까?
"공기청정기 사용 불가능 불량 > 공기청정기가 안되네요.
1호 > ",1호선입니다.
"나 덥다 날 싫다 > 나는 더운 날씨가 딱 질색이다
시청 차내리다 오케이 ? > ",시청에서 내려드릴까요?
"편지 저기 곳 다음 ? > 우체국 지나서 내려드릴까요?
우산 없다 잃어버리다 ? > ",우산을 잃어버리셨나요?
"버스 곳 ? > 시내버스 승강장은 어디에 있습니까?
세금 공짜 어디 곳 ? > ",면세점은 어디에 있습니까?
"서울농아인협회 가다 > 서울농아인협회로 가주세요.
여기 차내리다 맞다 ? > ",여기서 내려드릴까요?
"감사 > 감사
나 너 -보다 키크다 > ",내가 너보다 더 커
"먹다 음식 베다 > 음식을 하다가 손가락을 칼에 베였어요.
저기 내리다 맞다 > ",저기서 내려주세요.
"카드 없다 실종 > 카드를 잃어버렸습니다.
일 없다 심심하다 > ",할 일이 없어서 심심하다
"도착 10분 전 > 10분 내로 도착합니다.
여의도 가다 무엇 ? > ",여의도로 가려면 어떻게 가나요?
"물품보관 안되다 ? > 물품보관함이 안되나요?
안내소 곳 ? > ",안내소는 어디에 있나요?
"충분하다 ? > 만족하세요?
물 강 빠르다 서다 넘어지다 > ",급류에 친구가 휩쓸렸어요.
"샛길 저기 가다 > 골목으로 들어가주세요.
주차 2번 어디 곳 ? > ",제2 주차장은 어디에 있습니까?
"보건소 곳 다음 내리다 ? > 보건소 지나서 내려드릴까요?
우산 찾다 실종 > ",우산을 분실하였습니다.
"카드 사용 잘 안되다 > 카드 인식이 안되네요.
유리 올리다 ? > ",창문을 닫아드릴까요?
"에어컨 불량 안되다 ? > 에어컨이 안되나요?
사랑 사람 잊다 쉽다 어렵다 > ",사랑했던 사람을 잊는건 어렵다
"서대문농아인복지관 차내리다 > 서대문농아인복지관으로 가주세요.
생각 > ",생각이 달라서 많이 싸웠다
"의자 무엇 ? > 의자는 어디에 있나요?
커피 곳 어디 ? > ",커피숍은 어디에 있습니까?
"지하철 곳 편의점 있다 ? > 역사 안에 편의점이 있나요?
1호 첫차 시간 ? > ",1호선 첫차는 몇 시인가요?
"좌회전 맞다 > 좌회전이 맞습니다.
확인 > ",확인하겠습니다.
"여기 갈아타다 맞다 > 여기서 갈아타는 것이 맞습니다.
열쇠 사라지다 실종 ? > ",열쇠를 잃어버리셨나요?
"편의점 어디 ? > 편의점은 어디에 있습니까?
차 뒤 들어올리다 > ",트렁크 좀 열어주세요.
"보건소 곳 다음 차내리다 ? > 보건소 지나서 내려드릴까요?
여기 내리다 맞다 > ",여기서 내려주세요.
"지금 움직이다 괜찮다 ? > 이제 움직여도 됩니까?
기분 나쁘다 > ",기분나빠
"하나 물어보다 > 한가지만 더 물어보자
지하철 곳 다음 차내리다 ? > ",지하철역 지나서 내려드릴까요?
"청음회관 곳 > 청음회관으로 가주세요.
터널 다음 도착 내리다 ? > ",터널 지나서 내려드릴까요?
"파리바게트 다음 저기 내리다 > 파리바게트 지나서 내려주세요.
주차 1번 곳 ? > ",제1 주차장은 어디에 있습니까?
"시계 없다 실종 > 시계를 분실하였습니다.
청음회관 가다 > ",청음회관으로 가주세요.
"아이 없다 실종 ? > 아이를 잃어버리셨나요?
엘리베이터 잘 안되다 사용 불가능 > ",엘리베이터가 안되네요.
"은행 어디 곳 ? > 은행은 어디에 있습니까?
택시 전 곳 도착 차내리다 > ",택시정류장 못가서 내려주세요.
"우산 잃어버리다 ? > 우산을 잃어버리셨나요?
잠깐 기다리다 > ",잠시만 기다려주세요.
"부모 나 함께 살다 -중 > 부모님과 함께 살고 있다
안내소 무엇 ? > ",안내소는 어디에 있나요?
"나사렛 전 도착 내리다 > 나사렛대학교 못가서 내려주세요.
동시에 > ",동시에
"햄버거 어디 ? > 패스트푸드는 어디에 있습니까?
지방 버스 어디 곳 ? > ",시외버스 승강장은 어디에 있습니까?
"에어컨 사용 안되다 고장 ? > 에어컨이 안되나요?
열쇠 사라지다 실종 > ",열쇠를 잃어버렸습니다.
"여기 차내리다 맞다 > 여기서 내려주세요.
새롭다 채소 나다 > ",새싹이 나다
"헤어지다 > 헤어지다
계산 남다 돈주다 ? > ",잔돈드릴까요?
"파리바게트 다음 저기 곳 > 파리바게트 지나서 내려주세요.
뒤 들어올리다 > ",트렁크 좀 열어주세요.
"자판기 고장 죽다 > 자판기가 안되네요.
너 때문에 못하다 > ",너 때문에 못했잖아
"단말기터치 사용 안되다 ? > 카드 인식이 안되나요?
경찰 저기 곳 다음 차내리다 > ",경찰서 지나서 내려주세요.
"응급실 내리다 > 응급실로 가주세요.
편지 곳 ? > ",우체국은 어디에 있습니까?
"화나다 > 화났습니다.
3 찾다 곳 방법 ? > ",3번 출구로 나가려면 어떻게 가나요?
"장애인복지카드 > 장애인 복지 카드입니다.
한국농아인협회 목적 > ",한국농아인협회로 가주세요.
"편의점 곳 ? > 편의점은 어디에 있습니까?
내일 괜찮다 아마 > ",내일이면 괜찮겠지
"도착 몇분 ? > 도착하려면 몇 분 남았을까요?
언니 발 너무 작다 > ",언니는 발이 유난히 작다
"파리바게트 다음 곳 저기 > 파리바게트 지나서 내려주세요.
유턴 맞다 > ",유턴 맞습니다.
"수화물 ? > 수하물을 분실하였습니다. 어떻게 하나요?
저기 맞다 > ",저기서 내려주세요.
"지하철 곳 다음 내리다 ? > 지하철역 지나서 내려드릴까요?
지름길 내리다 가다 ? > ",지름길로 갈까요?
"일본 먹다 곳 ? > 일식집이 어디에 있습니까?
종로 가다 방법 ? > ",종로역으로 어떻게 가나요?
"에어컨 고장 잘 안되다 ? > 에어컨이 안되나요?
지하철 빨리 오다오다 ? > ",이번 열차는 급행 열차인가요?
"공항 목적 가다 ? > 김포공항으로 갈까요?
신분증 ? > ",주민등록증 있으세요?
"행복 > 행복
도착 10분 ? > ",10분 뒤에 도착하나요?
"공기청정기 안되다 불량 > 공기청정기가 안되네요.
알다 ? > ",아시겠죠?
"카드 사용 불가능 고장 ? > 카드 인식이 안되나요?
공기청정기 사용 안되다 불량 > ",공기청정기가 안되네요.
"지갑 잃어버리다 없다 > 지갑을 잃어버렸습니다.
고속터미널 도착 가다 > ",고속버스터미널로 가주세요.
"바다 배 길 실종 > 바다에서 조난을 당했어요.
수레 빌리다 어디 ? > ",휠체어 대여소가 어디에 있습니까?
"좌회전 확인 맞다 > 좌회전이 맞습니다.
병원 다음 차내리다 > ",병원 지나서 내려주세요.
"엘리베이터 곳 ? > 엘리베이터는 어디에 있나요?
한국농아인협회 가다 ? > ",한국농아인협회에서 내려드릴까요?
"신호등 횡단보도 건너다 > 횡단보도 지나서 내려주세요.
신호등 전 차내리다 > ",신호등 못가서 내려주세요.
"항공 ? > 항공사 카운터는 어디에 있습니까?
미래 무엇 하다 ? > ",이따 뭐할까?
"샛길 가다 > 골목으로 들어가주세요.
청소 깨끗하다 약속 > ",깨끗하게 청소해라
"아이 실종 > 아이를 잃어버렸습니다.
보건소 곳 다음 여기 ? > ",보건소 지나서 내려드릴까요?
"회사 다니다 -중 > 회사를 다니고 있어
카드 실종 잃어버리다 ? > ",카드를 분실하셨나요?
"3 찾다 길 무엇 ? > 3번 출구로 나가려면 어떻게 가나요?
손 들다 움직이다 쏘다 > ",꼼짝말고 손들어 움직이면 쏜다
"아이 찾다 실종 > 아이를 잃어버렸습니다.
원래 ? > ",원래 그런가요?
"노트북 없다 잃어버리다 > 노트북을 잃어버렸습니다.
운전 빨리 > ",빨리 가주세요.
"당신 > 당신입니다.
좌회전 확인 맞다 ? > ",좌회전 해드릴까요?
"버스 곳 차내리다 맞다 ? > 버스정류장에서 내려드릴까요?
누구 ? > ",누구요?
"지하철 갈아타다 몇호 ? > 몇 호선으로 갈아타야 하나요?
학교 보다 차내리다 ? > ",학교가 보이면 내려드릴까요?
"버스 번호 ? > 몇 번 버스인가요?
노트북 잃어버리다 실종 > ",노트북을 잃어버렸습니다.
"지금 카드 충전 가능 ? > 지금 카드를 충전할 수 있나요?
시간 지연되다 > ",지연되었습니다.
"손바닥찍다 차내리다 가다 ? > 이 주소로 갈까요?
카페 곳 어디 ? > ",커피숍은 어디에 있습니까?
"신호등 다음 차내리다 ? > 저기 신호등 건너서 세워드릴까요?
건너다 차내리다 > ",건너편에서 내려주세요.
"차밀리다 괜찮다 ? > 차가 막히는데, 괜찮으세요?
은행 저기 곳 다음 도착 차내리다 > ",은행 지나서 내려주세요.
"시험 어렵다 > 시험이 어려웠다
계단 무엇 ? > ",계단은 어디에 있나요?
"자판기 불량 ? > 자판기가 안되나요?
우회전 맞다 > ",우회전이 맞습니다.
"아이 잃어버리다 ? > 아이를 잃어버리셨나요?
1호 맞다 > ",1호선이 맞습니다.
"서대문농아인복지관 가다 > 서대문농아인복지관으로 가주세요.
청음회관 목적 > ",청음회관으로 가주세요.
"무엇 일 나다 맞다 > 무슨 일이 생긴건 아니야
방 따뜻하다 기분 좋다 > ",방이 너무 따뜻해서 기분이 좋다
"돈 바꾸다 곳 어디 ? > 환전은 어디서 하나요?
누가 칼 가지다 > ",어떤 사람이 무기/흉기를 소지하고 있어요.
"좌회전 맞다 ? > 좌회전 맞으시죠?
날 좋다 > ",날씨가 좋다
"119 곳 다음 차내리다 > 소방서 지나서 내려주세요.
자유 살다 > ",자유를 누리다
"왜 ? > 왜요?
영수증 받다 > ",영수증을 주세요.
"육교 곳 다음 여기 ? > 육교 지나서 내려드릴까요?
차밀리다 심하다 > ",차가 막힙니다.
"시청 오케이 ? > 시청에서 내려드릴까요?
크다 > ",크다
"명동 곳 ? > 명동역으로 갈까요?
자판기 사용 불가능 > ",자판기가 안되네요.
"지름길 차내리다 > 골목 들어가서 세워주세요.
책 어디 ? > ",서점은 어디에 있습니까?
"서울역 차내리다 가다 > 서울역으로 가주세요.
시계 잃어버리다 > ",시계를 분실하였습니다.
"아프다 > 아프다
귀찮다 말하다 일 하다 > ",귀찮다면서 할건 다하네
"만나다 반갑다 > 만나서 반갑습니다.
병원 저기 다음 곳 > ",병원 지나서 내려주세요.
"은행 무엇 길 ? > 은행은 어디에 있나요?
카드 고장 안되다 ? > ",카드 인식이 안되나요?
"우산 사라지다 실종 > 우산을 분실하였습니다.
서울농아인협회 내리다 ? > ",서울농아인협회에서 내려드릴까요?
"버스 전 곳 저기 차내리다 > 버스정류장 못가서 내려주세요.
아이 잃어버리다 > ",아이를 잃어버렸습니다.
"처음 가다 먹다 괜찮다 > 처음 가본 그 집 음식맛이 괜찮았다
벌 크다 침 팔 주사 > ",말벌에게 쏘였어요.
"카드 1회 > 1회용 카드입니다.
유턴 맞다 ? > ",유턴 해드릴까요?
"한국 안 이륙 어디 ? > 국내선 출국장이 어디에 있습니까?
다니다 > ",다니다
"신호등 곳 차내리다 > 저기 신호등 앞에 세워주세요.
지하철 곳 명동 맞다 > ",명동역이 맞습니다.
"공항 차내리다 가다 ? > 김포공항으로 갈까요?
택시 문자보내다 나 > ",제가 콜을 불렀습니다.
"우회전 맞다 ? > 우회전 해드릴까요?
여기 차내리다 맞다 ? > ",여기서 내려드릴까요?
"손바닥찍다 내리다 > 이 주소로 가주세요.
얼굴 붓다 귀엽다 > ",얼굴에 살이 오르니 귀여워 보인다
"지하철 곳 카페 있다 > 역사 안에 커피숍이 있습니다.
미안합니다 > ",죄송합니다.
"낳다 > 낳다
나사렛 내리다 가다 ? > ",나사렛대학교로 갈까요?
"지갑 실종 잃어버리다 > 지갑을 잃어버렸습니다.
차 빌리다 어디 ? > ",렌트카를 빌리는 곳은 어디에 있습니까?
"보청기 실종 > 보청기를 잃어버렸습니다.
열쇠 찾다 실종 ? > ",열쇠를 잃어버리셨나요?
"포기 하지마 > 포기하지마
쓰다 저장 기억 가능 > ",메모해야 기억하기 쉽다
"사거리 다음 도착 차내리다 > 사거리 지나서 내려주세요.
일 많다 혼자 불가능 > ",이 많은 일을 혼자서 맡는건 불가능해
"기차 곳 맞다 > 기차역에서 내려주세요.
따뜻하다 끄다 ? > ",히터를 꺼드릴까요?
"아이 잃어버리다 실종 > 아이를 잃어버렸습니다.
우산 사라지다 실종 ? > ",우산을 잃어버리셨나요?
"포기 원하다 > 포기하고 싶다
손 크다 대단하다 > ",손이 정말 크다
"청음회관 차내리다 ? > 청음회관에서 내려드릴까요?
응급실 내리다 > ",응급실로 가주세요.
"마포대교 가다 > 마포대교로 건너가주세요.
좌회전 맞다 ? > ",좌회전 맞으시죠?
"나 가능 일 무엇 ? > 내가 할 수 있는 일이 뭐가 있을까?
건너다 차내리다 오케이 ? > ",건너편에서 내려드릴까요?
"백화점 곳 다음 보다 차내리다 > 백화점 지나서 내려주세요.
고속 돈주다 > ",고속도로 통행료를 내야 합니다.
"시청 차내리다 > 시청으로 가주세요.
은행 번호 필요 ? > ",계좌번호 알려드릴까요?
"힘들다 위로 원하다 > 너무 힘들어서 위로 받고 싶다
단말기터치 고장 죽다 ? > ",카드 인식이 안되나요?
"도착 아직 ? > 아직 도착 안 했나요?
와이파이 ? > ",와이파이 신청이 가능한가요?
"도착 1시 ? > 1시에 도착하나요?
점심 먹다 끝 > ",점심 먹었어
"상처 받다 미안 > 상처 받았다면 미안해
집 흔들리다 > ",집이 흔들려요.
"영수증 받다 > 영수증을 주세요.
백화점 다음 곳 저기 내리다 > ",백화점 지나서 내려주세요.
"카드 실종 ? > 카드를 분실하셨나요?
병원 다음 내리다 ? > ",병원 지나서 내려드릴까요?
"담배 어디 곳 ? > 흡연실은 어디에 있습니까?
나사렛 전 도착 차내리다 > ",나사렛대학교 못가서 내려주세요.
"나사렛 차내리다 가다 ? > 나사렛대학교로 갈까요?
자판기 길 ? > ",자판기는 어디에 있나요?
"카드 되다 ? > 카드도 되나요?
타다 > ",타다
"수고 > 수고하셨습니다.
항상 > ",늘 그렇습니다.
"지갑 잃어버리다 실종 > 지갑을 잃어버렸습니다.
신분당 곳 > ",신분당선을 타는 곳입니다.
"돈 없다 > 돈이 없다
나사렛 차내리다 가다 ? > ",나사렛대학교로 갈까요?
"단말기터치 다시 > 카드를 다시 대세요.
에어컨 사용 잘 안되다 ? > ",에어컨이 안되나요?
"있다 ? > 있나요?
명동 차내리다 ? > ",명동역으로 갈까요?
"학교 보다 차내리다 > 학교 좀 들렀다가주세요.
백화점 다음 곳 보다 내리다 > ",백화점 지나서 내려주세요.
"도착 1시간 전 ? > 1시간 내로 도착하나요?
지하철오다 아직 ? > ",열차가 아직 안 들어오나요?
"시청 내리다 오케이 ? > 시청에서 내려드릴까요?
도착 아직 > ",아직 도착 안 했습니다.
"오늘 하루 수고 > 오늘도 수고 많으셨습니다.
가방 없다 잃어버리다 > ",가방을 잃어버렸습니다.
"약 무엇 ? > 약국은 어디에 있나요?
엄마 헤어지다 슬프다 > ",엄마와 헤어지게 되어 슬펐다
"우회전 맞다 ? > 우회전 해드릴까요?
카드 ? > ",카드 결제 되나요?
"안되다 > 안 됩니다.
택시 전 저기 곳 차내리다 > ",택시정류장 못가서 내려주세요.
"한국농아인협회 가다 > 한국농아인협회로 가주세요.
지하철 곳 9호 > ",9호선 타는 곳입니다.
"열쇠 잃어버리다 > 열쇠를 잃어버렸습니다.
돈 바꾸다 어디 ? > ",환전은 어디서 하나요?
"버스 곳 다음 차내리다 ? > 버스정류장 지나서 내려드릴까요?
오늘 만나다 가능 > ",오늘 만날 수 있어
"항공 가다 검사 곳 어디 ? > 탑승수속은 어디에서 하나요?
너 오다 그렇다면 감사 > ",네가 와주면 고맙겠구나
"지름길 도착 가다 ? > 지름길로 갈까요?
1호 맞다 ? > ",1호선이 맞나요?
"아프다 참다 불가능 > 아파서 못 참을것 같아요.
카드 가능 > ",카드도 됩니다.
"차밀리다 > 차가 막힙니다.
가방 잃어버리다 실종 ? > ",가방을 분실하셨나요?
"대로 다음 도착 차내리다 ? > 큰 길 지나서 내려드릴까요?
손바닥찍다 가다 > ",이 주소로 가주세요.
"여기 맞다 > 여기가 맞습니다.
짐 차 트렁크열다 나르다 > ",트렁크에 짐을 넣겠습니다.
"지하철 가다 빨리 방법 ? > 어떻게 가는 것이 빠른가요?
기차 곳 내리다 맞다 > ",기차역에서 내려주세요.
"나사렛 오케이 ? > 나사렛대학교에서 내려드릴까요?
차밀리다 기다리다 > ",차가 막힙니다.
"자유 > 자유
여기 1호 되다 ? > ",여기서 1호선을 탈 수 있나요?
"샛길 저기 곳 > 골목으로 들어가주세요.
사거리 다음 여기 > ",사거리 지나서 내려주세요.
"카드 잃어버리다 실종 ? > 카드를 분실하셨나요?
병원 저기 다음 도착 차내리다 > ",병원 지나서 내려주세요.
"싫다 > 싫다
카드 실종 > ",카드를 잃어버렸습니다.
"밤 12시 후 돈 추가 > 심야 할증 요금이 적용됩니다.
난방 사용 안되다 불가능 > ",히터가 안되네요.
"가지다 > 가지다
유턴 맞다 ? > ",유턴 맞으시죠?
"다음 몇분 ? > 다음 역까지 몇 분 걸리나요?
주차 1번 어디 ? > ",제1 주차장은 어디에 있습니까?
"나 미래 친하다 > 이제부터 나와 친하게 지내자
도착 곳 국립박물관 ? > ",목적지는 국립 박물관인가요?
"지갑 실종 잃어버리다 ? > 지갑을 분실하셨나요?
가다 빨리 ? > ",빨리 가드릴까요?
"언덕 저기 곳 다음 내리다 > 언덕 지나서 내려주세요.
지름길 내리다 가다 > ",지름길로 가주세요.
"오다 언제 ? > 언제 와?
언덕 저기 곳 다음 차내리다 ? > ",언덕 지나서 내려드릴까요?
"생각 무엇 ? > 무슨 생각해?
우회전 확인 맞다 ? > ",우회전 맞으시죠?
"편의점 곳 어디 ? > 편의점은 어디에 있습니까?
엘리베이터 안되다 사용 불가능 > ",엘리베이터가 안되네요.
"곳 바꾸다 ? > 목적지를 변경하시겠습니까?
응급실 가다 > ",응급실로 가주세요.
"접근 도착 되다 > 다와갑니다.
친하다 애인 가능 > ",친한 친구는 애인이 될 수도 있다
"은행 저기 곳 다음 ? > 은행 지나서 내려드릴까요?
약 곳 ? > ",약국은 어디에 있나요?
"때리다 미안 > 때려서 미안해
지하철 안 냄새 > ",객실에서 불쾌한 냄새가 납니다.
"반지 찾다 실종 > 반지를 분실하였습니다.
은행 다음 여기 ? > ",은행 지나서 내려드릴까요?
"보건소 곳 다음 차내리다 ? > 보건소 지나서 내려드릴까요?
카드 사용 불가능 안되다 > ",카드 인식이 안되네요.
"우산 실종 > 우산을 분실하였습니다.
신호등 다음 도착 내리다 ? > ",신호등 지나서 내려드릴까요?
"차 뒤 트렁크열다 ? > 트렁크 좀 열어드릴까요?
아이 찾다 실종 ? > ",아이를 잃어버리셨나요?
"경찰 저기 곳 다음 차내리다 > 경찰서 지나서 내려주세요.
2호 > ",2호선입니다.
"엉덩이 트렁크열다 > 트렁크 좀 열어주세요.
빨리 > ",빨리 가주세요.
"다르다 > 다르다
지하철 곳 다음 도착 내리다 > ",지하철역 지나서 내려주세요.
"저기 방 안에 사람 있다 > 저방에 사람이 있어
돈 > ",현금입니다.
"표 사다 ? > 승차권을 구입하셨나요?
확인 중 > ",확인 중입니다.
"서울역 가다 내리다 > 서울역으로 가주세요.
시간 급하다 > ",제가 많이 급합니다.
"병원 저기 다음 도착 내리다 > 병원 지나서 내려주세요.
지름길 차내리다 가다 ? > ",지름길로 갈까요?
"어렵다 > 어렵다
버스 곳 차내리다 맞다 > ",버스정류장에서 내려주세요.
"천안아산역 차내리다 > 천안아산역으로 가주세요.
미안 > ",미안
"명동 가다 ? > 명동역으로 갈까요?
지하철 곳 다음 내리다 > ",지하철역 지나서 내려주세요.
"지금 맞다 ? > 지금 내려드릴까요?
육교 곳 다음 도착 차내리다 > ",육교 지나서 내려주세요.
"차밀리다 심하다 ? > 차가 막히나요?
오른쪽 ? > ",오른쪽이요?
"항상 ? > 늘 그런가요?
만원 ? > ",만원인가요?
"공항 가다 차내리다 ? > 김포공항으로 갈까요?
주차 미리 돈주다 가능 ? > ",주차요금을 정산할 수 있나요?
"시청 차내리다 ? > 시청에서 내려드릴까요?
경찰 저기 곳 다음 도착 내리다 > ",경찰서 지나서 내려주세요.
"은행 저기 곳 다음 > 은행 지나서 내려주세요.
지하철 계단 번호 ? > ",몇 번 출구인가요?
"인생 대하여 생각 > 인생에 대하여 생각하다
둘 성격 원인 헤어지다 > ",두 사람은 성격차이로 헤어졌다
"낯선 밖다 걷다 > 밖에 모르는 사람이 서성거려요.
타다 ? > ",탈까요?
"버스 곳 저기 다음 곳 > 버스정류장 지나서 내려주세요.
지하철 타다 > ",지하철을 타다
"나 대하여 소문 무엇 궁금하다 > 나에 대한 소문이 궁금하다
유턴 맞다 > ",유턴 맞습니다.
"누가 바다 빠지다 헤엄치다 > 어떤 사람이 바다에 빠졌어요.
다시 만나다 기쁘다 > ",다시 만나게 되어 정말 기쁘다
"건너다 차내리다 오케이 > 건너편에서 내려주세요.
약속 늦다 ? > ",약속시간에 늦으셨나요?
"아파트 안 가다 ? > 아파트 단지 안으로 들어갈까요?
차밀리다 시간 괜찮다 > ",차가 막혀도 괜찮습니다.
"가방 사라지다 실종 ? > 가방을 분실하셨나요?
도움받다 > ",도와주세요.
"약 곳 무엇 ? > 약국은 어디에 있나요?
저기 너 가지다 > ",이거 너 가져
"저 방 갇히다 > 내가 방에 갇혔어요.
빵 집 어디 곳 ? > ",빵집이 어디에 있습니까
"지하철 계단 12 무엇 ? > 12번 출구는 어디에 있나요?
도착 3시 ? > ",3시에 도착하나요?
"계획 끝 일 오늘 시작 > 계획했던 일을 실천했다
육교 곳 다음 차내리다 > ",육교 지나서 내려주세요.
"여기 명동 지하철 ? > 여기가 명동역인가요?
카드 불량 사용 안되다 > ",카드 인식이 안되네요.
"서울역 가다 차내리다 > 서울역으로 가주세요.
손바닥찍다 차내리다 > ",이 주소로 가주세요.
"안경 실종 잃어버리다 > 안경을 잃어버렸습니다.
저기 내리다 맞다 > ",저기서 내려주세요.
"병원 다음 차내리다 > 병원 지나서 내려주세요.
좋다 > ",좋습니다.
"공항 곳 가다 ? > 김포공항으로 갈까요?
쉽다 > ",쉽다
"핸드폰 잃어버리다 실종 > 휴대폰을 잃어버렸습니다.
나 돈 때문에 걱정 -중 > ",돈 때문에 걱정이 많아
"자판기 잘 안되다 죽다 ? > 자판기가 안되나요?
단말기터치 잘 안되다 죽다 ? > ",카드 인식이 안되나요?
"핸드폰 사라지다 실종 > 휴대폰을 잃어버렸습니다.
돈 남다 충분 > ",잔액이 충분합니다.
"맞다 ? > 맞나요?
자판기 길 곳 ? > ",자판기는 어디에 있나요?
"육교 곳 다음 ? > 육교 지나서 내려드릴까요?
책 어디 곳 ? > ",서점은 어디에 있습니까?
"나 대전 살다 -중 > 나는 대전에 살고 있어
따뜻하다 켜다 ? > ",히터 좀 켜드릴까요?
"보통 느끼다 대하여 말하다 > 평소에 느낀 바를 말해라
빨리 접근 가능 ? > ",다와가나요?
"아기 장남감 삼키다 > 아이가 장난감을 삼켰어요.
신호등 횡단보도 여기 ? > ",횡단보도 지나서요?
"중국 먹다 곳 ? > 중식집이 어디에 있습니까?
이마트 다음 곳 내리다 > ",이마트 지나서 내려주세요.
"여기 기차 되다 > 여기서 기차를 탈 수 있습니다.
문제 너무 어렵다 > ",문제가 너무 어려웠다
"청음회관 차내리다 ? > 청음회관에서 내려드릴까요?
공부 끝 > ",공부를 마치다
"가능 ? > 가능한가요?
자판기 불량 > ",자판기가 안되네요.
"청소 귀찮다 > 청소하기 귀찮아
한국농아인협회 내리다 > ",한국농아인협회로 가주세요.
"좌회전 확인 맞다 > 좌회전이 맞습니다.
이마트 곳 저기 다음 내리다 > ",이마트 지나서 내려주세요.
"엘리베이터 무엇 곳 ? > 엘리베이터는 어디에 있나요?
언덕 저기 곳 다음 > ",언덕 지나서 내려주세요.
"가방 실종 잃어버리다 > 가방을 잃어버렸습니다.
여기 내리다 맞다 > ",여기서 내려주세요.
"언덕 저기 곳 다음 도착 차내리다 > 언덕 지나서 내려주세요.
카드 고장 사용 안되다 > ",카드 인식이 안되네요.
"샛길 저기 다음 도착 차내리다 > 골목 지나서 내려주세요.
좌회전 맞다 ? > ",좌회전 해드릴까요?
"호텔 항공 가깝다 어디 ? > 공항 주변에 호텔은 어디있나요?
열쇠 실종 ? > ",열쇠를 잃어버리셨나요?
"가난 그렇지만 행복 > 비록 가난하지만 행복하다
우리 2 만나다 대화 부탁 > ",우리 만나서 이야기 합시다
"기차 곳 내리다 맞다 > 기차역에서 내려주세요.
열쇠 찾다 실종 > ",열쇠를 잃어버렸습니다.
"단말기터치 사용 불가능 고장 > 카드 인식이 안되네요.
진짜 미안 > ",진심으로 미안해
"종로 곳 가다 곳 방법 ? > 종로로 가려면 어떻게 가나요?
지하철 곳 옷가게 있다 ? > ",역사 안에 옷가게가 있나요?
"개 키우다 > 개를 키우다
자판기 안되다 ? > ",자판기가 안되나요?
"좌회전 맞다 ? > 좌회전 맞으시죠?
손바닥찍다 목적 가다 ? > ",이 주소로 갈까요?
"항공 표 어디 곳 ? > 항공사 카운터는 어디에 있습니까?
대로 다음 > ",큰 길 지나서 내려주세요.
"도착 곳 국립박물관 > 목적지는 국립 박물관입니다.
차 맡기다 어디 곳 ? > ",주차대행한 차는 어디에서 찾습니까?
"돈 얼마 맞다 확인 > 요금 확인해주세요.
용산역 접근 주차 > ",용산역 근처에 주차하겠습니다.
"명동 가다 > 명동역으로 가주세요.
나 남편 자녀 있다 > ",나에게는 남편과 자식들이 있다
"아이 사라지다 실종 > 아이를 잃어버렸습니다.
명동 도착 ? > ",명동역으로 갈까요?
"저기 차내리다 맞다 > 저기서 내려주세요.
반갑다 안다 > ",반가워서 안았다
"단말기터치 불량 안되다 > 카드 인식이 안되네요.
괜찮다 > ",괜찮다
"첫차 시간 ? > 첫차는 몇 시인가요?
문 열다 동시에 문자 > ",문을 여는 동시에 문자가 왔다
"친구 감기 전염 같다 > 친구한테 감기 옮은 것 같다
시청 오케이 > ",시청으로 가주세요.
"춥다 켜다 > 에어컨 좀 켜주세요.
항공 가다 검사 어디 곳 ? > ",탑승수속은 어디에서 하나요?
"스타벅스 곳 저기 전 저기 > 스타벅스 못가서 내려주세요.
자전거 있다 ? > ",자전거가 있으세요?
"나사렛 전 내리다 > 나사렛대학교 못가서 내려주세요.
누가 갑자기 쓰러지다 > ",사람이 갑자기 쓰러졌어요.
"춥다 켜다 ? > 에어컨 좀 켜드릴까요?
군청 곳 다음 차내리다 > ",동사무소 지나서 내려주세요.
"카드 또 다르다 없다 ? > 다른 카드 없으세요?
기차 곳 차내리다 맞다 > ",기차역에서 내려주세요.
"일본 먹다 어디 ? > 일식집이 어디에 있습니까?
한국농아인협회 차내리다 > ",한국농아인협회로 가주세요.
"바람 > 바람이 불다
난방 ? > ",히터 좀 켜드릴까요?
"약 어디 곳 ? > 약국은 어디에 있습니까?
기다리다 지루하다 > ",기다리다가 지쳤어
"군청 곳 다음 도착 내리다 > 동사무소 지나서 내려주세요.
주차 1번 어디 곳 ? > ",제1 주차장은 어디에 있습니까?
"너무 춥다 옷 두껍다 입다 > 너무 추워서 옷을 두껍게 입었다
에어컨 끄다 ? > ",에어컨을 꺼드릴까요?
"여기 기다리다 ? > 여기서 기다릴까요?
학교 안 곳 ? > ",학교 안으로 들어갈까요?
"서울농아인협회 차내리다 ? > 서울농아인협회에서 내려드릴까요?
나사렛 전 도착 내리다 > ",나사렛대학교 못가서 내려주세요.
"커피 어디 ? > 커피숍은 어디에 있습니까?
우회전 확인 맞다 > ",우회전이 맞습니다.
"주차 2번 곳 어디 ? > 제2 주차장은 어디에 있습니까?
귀찮다 > ",귀찮다
"돈 > 현금입니다.
아파트 안 곳 > ",아파트 단지 안으로 가주세요.
"항공 가다 검사 어디 ? > 탑승수속은 어디에서 하나요?
1호 곳 무엇 ? > ",1호선을 타는 곳은 어디인가요?
"물품보관 불량 죽다 ? > 물품보관함이 안되나요?
우회전 차내리다 > ",우회전하고 내려주세요.
"요즘 날 따뜻하다 자다 > 요즘 날씨가 따뜻해서 졸려
편지 다음 여기 ? > ",우체국 지나서 내려드릴까요?
"위하다 > 위하다
샛길 저기 곳 ? > ",골목으로 들어갈까요?
"단말기터치 고장 안되다 > 카드 인식이 안되네요.
대로 다음 도착 내리다 ? > ",큰 길 지나서 내려드릴까요?
"한국농아인협회 가다 > 한국농아인협회로 가주세요.
서대문농아인복지관 곳 > ",서대문농아인복지관으로 가주세요.
"카드 되다 > 카드도 됩니다.
담배 곳 ? > ",흡연실은 어디에 있습니까?
"경찰 곳 다음 여기 > 경찰서 지나서 내려주세요.
첫차 시간 ? > ",첫차는 몇 시인가요?
"아래 집 불 > 아랫집에 불이 났어요.
물품보관 불량 죽다 > ",물품보관함이 안되네요.
"좌회전 맞다 ? > 좌회전 해드릴까요?
카드 찾다 실종 ? > ",카드를 분실하셨나요?
"이마트 다음 곳 도착 내리다 > 이마트 지나서 내려주세요.
시계 없다 잃어버리다 > ",시계를 분실하였습니다.
"좌회전 맞다 > 좌회전이 맞습니다.
영수증 받다 > ",영수증을 주세요.
"말해주다 잘못 ? > 잘못 알려주신건가요?
개 죽다 슬프다 > ",강아지가 죽어서 슬펐다
"잠깐 기다리다 부탁 > 잠시만 기다려 주세요.
움직이다 빠르다 > ",빨리 움직여
"자판기 잘 안되다 > 자판기가 안되네요.
우산 없다 실종 > ",우산을 분실하였습니다.
"사진기 없다 잃어버리다 > 카메라를 분실하였습니다.
반지 실종 잃어버리다 > ",반지를 분실하였습니다.
"화장실 어디 곳 ? > 화장실은 어디에 있습니까?
택시 전 곳 저기 > ",택시정류장 못가서 내려주세요.
"단말기터치 사용 불가능 ? > 카드 인식이 안되나요?
내리다 시간 알려받다 > ",내릴 때 알려주세요.
"쉬다 > 쉬다
차따라가다 ? > ",앞 차를 따라갈까요?
"한국 안 착륙 곳 ? > 국내선 입국장이 어디에 있습니까?
편의점 곳곳 ? > ",편의점은 어디에 있나요?
"여기 내리다 맞다 ? > 여기서 내려드릴까요?
사거리 다음 차내리다 ? > ",사거리 지나서 내려드릴까요?
"더럽다 빨리 씻다 > 더러우니까 빨리 씻어
너 마음 궁금 > ",네 생각이 궁금해
"어지럽다 쓰러지다 ? > 어지러워서 쓰러지신건가요?
비행기 추락 > ",비행기가 추락하고 있어요.
"너 -보다 여자 더 마르다 > 너보다 그 여자가 더 말랐어
먹다 곳 ? > ",식당은 어디에 있습니까?
"3 곳 길 방법 ? > 3번 출구로 나가려면 어떻게 가나요?
위 집 불 > ",윗집에 불이 났어요.
"다르다 사람 믿다 속다 > 남의 말을 믿다가 뒤통수를 맞았다
여기 송파 지하철 맞다 > ",여기는 송파역입니다.
"자판기 사용 안되다 > 자판기가 안되네요.
돈 ? > ",현금이세요?
"서대문농아인복지관 차내리다 > 서대문농아인복지관으로 가주세요.
카드 다르다 또 없다 ? > ",다른 카드 없으세요?
"햄버거 어디 곳 ? > 패스트푸드는 어디에 있습니까?
지갑 잃어버리다 > ",지갑을 잃어버렸습니다.
"버스 곳 내리다 맞다 ? > 버스정류장에서 내려드릴까요?
사거리 다음 차내리다 > ",사거리 지나서 내려주세요.
"에어컨 사용 불가능 고장 > 에어컨이 안되네요.
도착 곳 알려주다 ? > ",목적지를 알려드릴까요?
"병원 다음 여기 > 병원 지나서 내려주세요.
항공 짐 검사 두다 곳 ? > ",수하물보관소가 어디에 있습니까?
"나 말 듣다 제발 > 내 말 좀 들어봐
커피 어디 곳 ? > ",커피숍은 어디에 있습니까?
"유리 내리다 ? > 창문을 열어드릴까요?
무섭다 이야기 하지마 제발 > ",무서운 얘기는 제발 그만둬요
"심심하다 > 너무 심심해
서울농아인협회 오케이 ? > ",서울농아인협회에서 내려드릴까요?
"병원 다음 내리다 > 병원 지나서 내려주세요.
나 먼저 가다 수고 > ",나 먼저 갈게 수고해
"우회전 확인 맞다 ? > 우회전 해드릴까요?
서대문농아인복지관 목적 > ",서대문농아인복지관으로 가주세요.
"잘 부탁 > 잘 부탁해
터널 다음 차내리다 > ",터널 지나서 내려주세요.
"에어컨 켜다 ? > 에어컨 좀 켜드릴까요?
백화점 곳 다음 보다 내리다 > ",백화점 지나서 내려주세요.
"반지 실종 > 반지를 분실하였습니다.
신분당 곳 무엇 ? > ",신분당선을 타는 곳은 어디인가요?
"항공 잠 어디 곳 ? > 공항 내 수면실이 어디에 있나요?
따뜻하다 > ",따뜻하다
"착하다 말하다 > 공손히 말하다
물품보관 잘 안되다 죽다 > ",물품보관함이 안되네요.
"보건소 곳 다음 도착 내리다 > 보건소 지나서 내려주세요.
우회전 맞다 ? > ",우회전 맞으시죠?
"우산 잃어버리다 > 우산을 잃어버렸습니다.
가방 없다 잃어버리다 ? > ",가방을 분실하셨나요?
"카드 사용 잘 안되다 ? > 카드 인식이 안되나요?
신호등 전 도착 내리다 > ",신호등 못가서 내려주세요.
"지하철 곳 다음 도착 차내리다 > 지하철역 지나서 내려주세요.
나사렛 가다 > ",나사렛대학교로 가주세요.
"안내소 곳 무엇 ? > 안내소는 어디에 있나요?
대로 다음 도착 차내리다 ? > ",큰 길 지나서 내려드릴까요?
"항공 짐 맡기다 곳 ? > 수하물보관소가 어디에 있습니까?
난방 끄다 ? > ",히터를 꺼드릴까요?
"차 엉덩이 트렁크열다 > 트렁크 좀 열어주세요.
언덕 다음 여기 > ",언덕 지나서 내려주세요.
"터널 다음 도착 내리다 > 터널 지나서 내려주세요.
나사렛 차내리다 오케이 ? > ",나사렛대학교에서 내려드릴까요?
"아기 젖병 어디 ? > 유아 수유실은 어디에 있습니까?
여기 맞다 ? > ",여기서 내려드릴까요?
"지방 버스 곳 ? > 시외버스 승강장은 어디에 있습니까?
좌회전 확인 맞다 ? > ",좌회전 해드릴까요?
"시청 내리다 ? > 시청에서 내려드릴까요?
단말기터치 사용 안되다 고장 > ",카드 인식이 안되네요.
"차밀리다 ? > 차가 막히나요?
차 뒤 들어올리다 ? > ",트렁크 좀 열어드릴까요?
"끝 > 끝났습니다.
대로 다음 내리다 > ",큰 길 지나서 내려주세요.
"나사렛 목적 가다 ? > 나사렛대학교로 갈까요?
나사렛 내리다 > ",나사렛대학교로 가주세요.
"반지 잃어버리다 실종 > 반지를 분실하였습니다.
에어컨 > ",에어컨 좀 켜주세요.
"은행 저기 곳 다음 내리다 > 은행 지나서 내려주세요.
분당 첫차 시간 ? > ",분당선 첫차는 몇 시인가요?
"경찰 저기 곳 다음 내리다 ? > 경찰서 지나서 내려드릴까요?
카드 사용 안되다 고장 ? > ",카드 인식이 안되나요?
"차 맡기다 곳 ? > 주차대행한 차는 어디에서 찾습니까?
50분 정도 > ",50분 정도 소요됩니다.
"불행 만나다 아니다 다행 > 불행 중 다행이다
지하철 몇호 ? > ",몇 호선인가요?
"언덕 저기 곳 다음 도착 내리다 > 언덕 지나서 내려주세요.
홍수 집 물 채우다 > ",홍수가 나서 집이 물에 잠기고 있어요.
"여행 정보 묻다 어디 ? > 관광안내소는 어디에 있습니까?
돈 바꾸다 곳 ? > ",환전은 어디서 하나요?
"보건소 곳 다음 도착 차내리다 > 보건소 지나서 내려주세요.
시청 내리다 ? > ",시청에서 내려드릴까요?
"건너다 내리다 오케이 ? > 건너편에서 내려드릴까요?
한국 먹다 곳 ? > ",한정식집이 어디에 있습니까?
"버스 곳 전 보다 차내리다 > 버스정류장 못가서 내려주세요.
신호등 다음 곳 ? > ",신호등 지나서 내려드릴까요?
"집 벽 넘어지다 > 집 벽이 무너질려고 해요.
저기 맞다 > ",저기서 내려주세요.
"저기 학교 가다 > 학교로 들어가주세요.
빨리 접근 > ",다와갑니다.
"배고프다 먹다 뭐 ? > 배고파 뭐 먹을거야?
유턴 맞다 ? > ",유턴 맞으시죠?
"점수 나쁘다 우울하다 > 선생님이 계신 줄도 모르고 떠들었다
일 없다 나 돕다 부탁 > ",일 없으면 도와줘
"영수증 원하다 ? > 영수증 필요하세요?
불가능반복 > ",이건 불가능해
"돈 > 현금입니다.
자판기 고장 죽다 ? > ",자판기가 안되나요?
"영수증 필요 ? > 영수증 필요하세요?
유턴 맞다 ? > ",유턴 해드릴까요?
"유턴 맞다 ? > 유턴 맞으시죠?
사진기 찾다 실종 > ",카메라를 분실하였습니다.
"몸 아프다 원인 모두 귀찮다 > 몸이 아파서 다 귀찮다
개 미치다 병 물다 > ",광견병에 걸린 개에게 물렸어요.
"차 맡기다 어디 ? > 주차대행한 차는 어디에서 찾습니까?
건너다 오케이 ? > ",건너편에서 내려드릴까요?
"편의점 무엇 곳 ? > 편의점은 어디에 있나요?
설명 다시 > ",다시 설명해주세요.
"버스 곳 차내리다 맞다 > 버스정류장에서 내려주세요.
주변 폭탄 > ",근처에서 폭탄이 터졌어요.
"빨리 접근 되다 > 다와갑니다.
나 가족 행복 살다 > ",우리 가족은 행복하게 살고 있다
"엄마 잔소리 듣다 짜증 > 엄마한테 잔소리를 들었더니 짜증나
돕다 > ",돕다
"알다 > 네. 알겠습니다.
손바닥찍다 내리다 가다 ? > ",이 주소로 갈까요?
"버스 곳 가깝다 > 근처에 버스 정류장이 있습니다.
끝 > ",끝
"낯선 아기 데리다 > 아이를 모르는 사람이 데려갔어요.
불편하다 > ",불편합니다.
"단말기터치 불량 잘 안되다 > 카드 인식이 안되네요.
너무 반갑다 울다 > ",너무 반가워서 눈물이 났다
"막차 시간 ? > 막차는 몇 시인가요?
저기 방 부모님 계시다 ? > ",지금 방에 부모님이 계셔?
"헤어지다 아니다 왜 ? > 왜 헤어지지 않는거야?
나사렛 도착 > ",나사렛대학교로 가주세요.
"은행 저기 곳 다음 내리다 ? > 은행 지나서 내려드릴까요?
항공 목욕 어디 곳 ? > ",공항 내 샤워실이 어디에 있나요?
"신호등 다음 도착 내리다 > 신호등 지나서 내려주세요.
건너다 차내리다 ? > ",건너편에서 내려드릴까요?
"119 곳 다음 여기 > 소방서 지나서 내려주세요.
편지 곳 어디 ? > ",우체국은 어디에 있습니까?
"같다 > 같다
버스 곳 다음 내리다 > ",버스정류장 지나서 내려주세요.
"유리 올리다 > 창문 좀 닫겠습니다.
배 아프다 > ",복통이 심해요
"잠실대교 가다 > 잠실대교로 건너가주세요.
학교 저기 곳 > ",학교로 들어가주세요.
"저기 쓰러지다 > 저기에 사람이 쓰러져 있어요.
제일 쉽다 무엇 공부 > ",공부가 가장 쉬웠어요
"차 뒤 엉덩이 들어올리다 > 트렁크 좀 열어주세요.
학교 가다 > ",학교로 들어가주세요.
"세금 공짜 곳 어디 ? > 면세점은 어디에 있습니까?
수고 > ",수고했어
"샛길 다음 내리다 ? > 골목길 지나서 내려드릴까요?
위로 필요하다 ? > ",위로해줄까?
"자전거 있다 > 자전거가 있습니다.
실수하다 ? > ",실수인가요?
"여의도 방법 ? > 여의도로 가려면 어떻게 가나요?
명동 목적 ? > ",명동역으로 갈까요?
"엘리베이터 불량 사용 불가능 > 엘리베이터가 안되네요.
난방 끄다 ? > ",히터를 꺼드릴까요?
"햄버거 곳 어디 ? > 패스트푸드는 어디에 있습니까?
자판기 불량 죽다 ? > ",자판기가 안되나요?
"은행 번호 받다 > 계좌번호 알려주세요
에어컨 불량 잘 안되다 > ",에어컨이 안되네요.
"샛길 곳 ? > 골목으로 들어갈까요?
군청 곳 다음 곳 ? > ",주민센터 지나서 내려드릴까요?
"놀다 > 놀다
우산 없다 실종 ? > ",우산을 잃어버리셨나요?
"아기 낳다 오다 > 아기를 낳을것 같아요.
휠체어 빌리다 곳 ? > ",휠체어 대여소가 어디에 있습니까?
"군청 곳 다음 내리다 > 동사무소 지나서 내려주세요.
도착 곳 명동 지하철 > ",목적지는 명동역입니다.
"지하철 곳 편의점 있다 > 역사 안에 편의점이 있습니다.
만나다 반갑다 > ",만나서 반가워
"병원 곳 ? > 의무실은 어디에 있습니까?
학교 안 도착 ? > ",학교 안으로 들어갈까요?
"할머니 갑자기 쓰러지다 > 할머니가 갑자기 쓰러지셨어요
돈주다 돈얼마 ? > ",얼마인가요?
"난방 켜다 > 히터 좀 켜주세요.
가방 사라지다 실종 > ",가방을 잃어버렸습니다.
"물 컵 곳 어디 ? > 정수기는 어디에 있습니까?
버스 전 곳 저기 내리다 > ",버스정류장 못가서 내려주세요.
"너무 덥다 공부 못하다 > 더워서 공부를 못하겠다
사거리 다음 > ",사거리 지나서 내려주세요.
"건너다 내리다 오케이 > 건너편에서 내려주세요.
자판기 잘 안되다 ? > ",자판기가 안되나요?
"에어컨 켜다 > 에어컨 좀 켜주세요.
기차 곳 차내리다 맞다 > ",기차역에서 내려주세요.
"카드 ? > 카드 결제 되나요?
영어 배우다 원하다 > ",영어를 배우고 싶어
"보건소 곳 다음 내리다 > 보건소 지나서 내려주세요.
돕다본인 감사 > ",도와줘서 고마워
"산 뱀 물다 > 산에서 뱀에게 물렸어요.
버스 곳 맞다 ? > ",버스정류장에서 내려드릴까요?
"짐 없다 ? > 짐은 없으세요?
엘리베이터 고장 사용 불가능 > ",엘리베이터가 안되네요.
"엘리베이터 곳 무엇 ? > 엘리베이터는 어디에 있나요?
서울역 목적 가다 > ",서울역으로 가주세요.
"난방 불량 사용 불가능 > 히터가 안되네요.
멀리 오다 수고 많다 > ",먼길 오느라 수고 많았어
"백화점 다음 저기 곳 저기 > 백화점 지나서 내려주세요.
바쁘다 아니다 만나다 > ",안 바쁘면 만나
"우회전 맞다 ? > 우회전 해드릴까요?
사거리 다음 도착 내리다 ? > ",사거리 지나서 내려드릴까요?
"쉬다 -하다가 다시 시작 > 쉬었다가 다시 시작하자
안내소 곳곳 ? > ",안내소는 어디에 있나요?
"짐 있다 > 짐이 있습니다.
에어컨 켜다 ? > ",에어컨 좀 켜드릴까요?
"약 곳 ? > 약국은 어디에 있습니까?
여기 차내리다 맞다 ? > ",여기서 내려드릴까요?
"가능 > 가능
서울역 내리다 가다 > ",서울역으로 가주세요.
"내리다 > 창문 좀 열겠습니다.
에어컨 불량 사용 안되다 > ",에어컨이 안되네요.
"기차 곳 내리다 맞다 ? > 기차역에서 내려드릴까요?
항공 목욕 곳 어디 ? > ",공항 내 샤워실은 어디에 있나요?
"눈 크다 > 눈이 크다
접근 도착 가능 ? > ",다와가나요?
"카드 사용 불가능 안되다 ? > 카드 인식이 안되나요?
춥다 때문에 따뜻하다 입다 약속 > ",날이 추우니 따뜻하게 입어
"가방 실종 > 가방을 잃어버렸습니다.
세금 공짜 어디 ? > ",면세점은 어디에 있습니까?
"도착 곳 알려받다 > 목적지를 알려주세요.
터널 다음 내리다 > ",터널 지나서 내려주세요.
"사거리 다음 도착 내리다 ? > 사거리 지나서 내려드릴까요?
보청기 없다 잃어버리다 > ",보청기를 잃어버렸습니다.
"하다 > 하다
버스 곳 내리다 맞다 ? > ",버스정류장에서 내려드릴까요?
"지하철 어디 ? > 지하철 승강장은 어디에 있습니까?
손바닥찍다 도착 > ",이 주소로 가주세요.
"문제 쉽다 > 문제가 쉬웠어요
택시 어디 곳 ? > ",택시 승강장은 어디에 있습니까?
"덥다 > 덥다
무섭다 눈감다 > ",무서워서 눈을 꼭 감았다
"한국농아인협회 곳 > 한국농아인협회로 가주세요.
여기 내리다 맞다 ? > ",여기서 내려드릴까요?
"지하철 지하위 곳곳 ? > 출구가 어디에 있나요?
군청 곳 다음 도착 차내리다 > ",동사무소 지나서 내려주세요.
"미래 의사 원하다 > 커서 의사가 되고 싶다
귀엽다 > ",귀엽다
"도착 알려주다 ? > 도착하면 알려드릴까요?
신호등 전 도착 차내리다 > ",신호등 못가서 내려주세요.
"아니다 > 아닙니다.
여기 내리다 맞다 ? > ",여기서 내려드릴까요?
"종로 목적 가다 길 방법 ? > 종로로 가려면 어떻게 가나요?
한국농아인협회 차내리다 > ",한국농아인협회로 가주세요.
"1호 곳 > 1호선을 타는 곳입니다.
천안아산역 가다 > ",천안아산역으로 가주세요.
"사거리 다음 내리다 > 사거리 지나서 내려주세요.
대로 다음 도착 내리다 > ",큰 길 지나서 내려주세요.
"누가 교통사고 > 어떤 사람이 교통사고를 당했어요.
샛길 저기 > ",골목으로 들어가주세요.
"나 -보다 더 잘하다 소심 > 나보다 잘해서 의기소침해졌다
공기청정기 불량 고장 > ",공기청정기가 안되네요.
"불편하다 있다 신고 > 불편한 점이 있으시면 민원을 넣으세요.
한국농아인협회 도착 > ",한국농아인협회로 가주세요.
"물 깨끗하다 > 물이 정말 맑다
되다 > ",되다
"기차 곳 차내리다 맞다 ? > 기차역에서 내려드릴까요?
이마트 곳 저기 다음 저기 > ",이마트 지나서 내려주세요.
"택시 전 저기 내리다 > 택시정류장 못가서 내려주세요.
따뜻하다 그만 > ",에어컨을 꺼주세요.
"우회전 맞다 > 우회전이 맞습니다.
카드 없다 잃어버리다 > ",카드를 잃어버렸습니다.
"가다 빨리 방법 ? > 가장 빠른 길은 무엇일까요?
샛길 여기 가다 ? > ",골목으로 들어갈까요?
"지금 내리다 맞다 ? > 지금 내려드릴까요?
가능 > ",난 할 수 있다
"싸우다 하지마 친하다 > 싸우지 말고 친하게 지내
고속 빨리 ? > ",고속도로가 빠른가요?
"아기 갑자기 토하다 > 아기가 갑자기 토해요.
집 불 > ",집에 불이 났어요.
"수어 느리다 부탁 > 수어를 천천히 해주시기 바랍니다.
동굴 무너지다 감히다 > ",터널이 무너져 갇혔어요.
"나사렛 ? > 나사렛대학교에서 내려드릴까요?
응급실 목적 > ",응급실로 가주세요.
"1호 갈아타다 목적 > 1호선으로 환승하려고 합니다.
카드 다르다 교환하다 > ",다른 카드를 주세요.
"계획 > 계획
빨리 오다 > ",빨리 와
"감독 맡다 > 감독을 맡다
샛길 저기 다음 도착 내리다 > ",골목 지나서 내려주세요.
"살다 > 살다
뒤 트렁크닫다 ? > ",트렁크 좀 닫아드릴까요?
"배고프다 먹다 무엇 ? > 배고픈데 뭐 먹을까?
차 타다 > ",자동차를 타다
"실수하다 > 실수입니다.
기억 모두 잊다 부탁 > ",그 기억들은 깨끗이 잊어라
"카드 고장 잘 안되다 ? > 카드 인식이 안되나요?
느리다 하지마 빨리 오다 > ",늦지 말고 빨리와
"지금 전화 해보다 > 가기전에 먼저 전화로 물어보자
버스 곳 전 보다 차내리다 > ",버스정류장 못가서 내려주세요.
"택시 여기 되다 > 여기서 택시를 탈 수 있습니다.
중요 > ",중요
"육교 곳 다음 여기 > 육교 지나서 내려주세요.
대로 다음 여기 > ",큰 길 지나서 내려주세요.
"학교 문 가다 > 학교로 들어가주세요.
얼굴 여드름 나다 > ",얼굴에 여드름이 났다
"열심히 공부 > 열심히 공부해
군청 곳 다음 차내리다 > ",동사무소 지나서 내려주세요.
"손바닥찍다 가다 차내리다 ? > 이 주소로 갈까요?
경찰 저기 곳 다음 내리다 > ",경찰서 지나서 내려주세요.
"여기 맞다 ? > 여기서 내려드릴까요?
육교 곳 다음 차내리다 ? > ",육교 지나서 내려드릴까요?
"육교 곳 다음 도착 차내리다 > 육교 지나서 내려주세요.
대로 다음 도착 내리다 > ",큰 길 지나서 내려주세요.
"나 ? > 저요?
지갑 찾다 실종 > ",지갑을 잃어버렸습니다.
"춥다 끄다 > 에어컨 좀 꺼주세요.
이마트 다음 곳 차내리다 > ",이마트 지나서 내려주세요.
"카드 > 카드도 됩니다.
물품보관 사용 안되다 > ",물품보관함이 안되네요.
"언덕 저기 곳 다음 차내리다 > 언덕 지나서 내려주세요.
1호 갈아타다 > ",1호선으로 갈아타세요.
"좌회전 확인 맞다 ? > 좌회전 맞으시죠?
백화점 다음 곳 보다 차내리다 > ",백화점 지나서 내려주세요.
"여기 > 이것입니다.
육교 곳 다음 차내리다 ? > ",육교 지나서 내려드릴까요?
"강아지 보다 > 강아지를 보고 있다
학교 도착 > ",학교로 들어가주세요.
"보청기 없다 실종 > 보청기를 잃어버렸습니다.
아기 방 갇히다 > ",아이가 방에 갇혔어요.
"춥다 > 춥다
물품보관 고장 죽다 > ",물품보관함이 안되네요.
"기억 > 기억하고 있니
매일 만나다 > ",매일 만나다
"대로 다음 도착 내리다 ? > 큰 길 지나서 내려드릴까요?
4사람 > ",모두 4명입니다.
"서울 기차 장소 가다 방법 ? > 서울역까지 어떻게 가나요?
반지 사라지다 실종 > ",반지를 분실하였습니다.
"알다 > 알겠습니다.
육교 곳 다음 도착 내리다 ? > ",육교 지나서 내려드릴까요?
"일 복수 힘들다 > 일을 동시에 하려니 힘들다
누가 나 죽이다 > ",어떤 사람이 저를 죽이려고 해요.
"우회전 맞다 ? > 우회전 맞으시죠?
아파트 문 가다 > ",아파트 단지 안으로 가주세요.
"미안 잊다 듣다 못하다 > 미안해요 잠시 깜박했나봐요
유턴 맞다 ? > ",유턴 해드릴까요?
"지름길 가다 내리다 > 지름길로 가주세요.
껌뻑껌뻑 병 때문에 자다 못하다 > ",불면증 때문에 잠을 못잤어
"배고프다 밥 주다 > 배고파요 밥주세요
버스 곳 다음 내리다 ? > ",버스정류장 지나서 내려드릴까요?
"8호 곳곳 ? > 8호선 타는 곳은 어디에 있나요?
아기 모유 곳 어디 ? > ",유아 수유실은 어디에 있습니까?
"3 가다 길 무엇 ? > 3번 출구로 나가려면 어떻게 가나요?
교통카드 충전 > ",교통카드 충전해주세요.
"약 가깝다 > 근처에 약국이 있습니다.
버스 곳 다음 내리다 ? > ",버스정류장 지나서 내려드릴까요?
"다시 ? > 다시 해볼까요?
청음회관 내리다 오케이 ? > ",청음회관에서 내려드릴까요?
"화장실 곳 무엇 ? > 화장실이 어디에 있나요?
도착 시간 알려받다 > ",도착 시간 좀 알려주세요.
"언니 성격 불 같다 화 많다 > 언니는 성격이 불같다
편의점 곳 ? > ",편의점은 어디에 있나요?
"여기 내리다 맞다 > 여기서 내리는 것이 맞습니다.
화장실 곳 ? > ",화장실이 어디에 있나요?
"우회전 맞다 ? > 우회전 맞으시죠?
손바닥찍다 차내리다 > ",이 주소로 가주세요.
"이름 무엇 ? > 이름이 어떻게 되세요?
물건 없다 ? > ",물건은 없으세요?
"서로 생각 다르다 싸우다 많다 > 생각이 달라서 많이 싸웠다
내리다 갈아타다 가능 ? > ",여기서 갈아탈 수 있나요?
"화나다 ? > 화나셨어요?
은행 저기 곳 다음 도착 내리다 > ",은행 지나서 내려주세요.
"그것 같다 생각 -면 감사 > 그렇게 생각해줘서 고마워
잠깐 기다리다 괜찮다 ? > ",잠깐 기다려주실 수 있나요?
"택시 전 저기 도착 차내리다 > 택시정류장 못가서 내려주세요.
명동 가다 > ",명동역으로 가주세요.
"나사렛 가다 내리다 ? > 나사렛대학교로 갈까요?
신호등 다음 도착 내리다 ? > ",신호등 지나서 내려드릴까요?
"119 곳 저기 다음 곳 ? > 소방서 지나서 내려드릴까요?
공항 가다 내리다 ? > ",김포공항으로 갈까요?
"신호등 전 도착 내리다 > 신호등 못가서 내려주세요.
여기 송파 지하철 맞다 ? > ",여기가 송파역인가요?
"서대문농아인복지관 내리다 > 서대문농아인복지관으로 가주세요.
수레 빌리다 곳 어디 ? > ",휠체어 대여소가 어디에 있습니까?
"아기 쉬다 어디 곳 ? > 유아 휴게실은 어디에 있습니까?
지름길 곳 가다 > ",지름길로 가주세요.
"사거리 다음 도착 차내리다 ? > 사거리 지나서 내려드릴까요?
따뜻하다 끄다 ? > ",히터를 꺼드릴까요?
"회의실 곳 ? > 회의실은 어디에 있나요?
서대문농아인복지관 내리다 > ",서대문농아인복지관으로 가주세요.
"대로 다음 차내리다 ? > 큰 길 지나서 내려드릴까요?
가방 잃어버리다 ? > ",가방을 분실하셨나요?
"지하철 정기권 사다 원하다 > 정기승차권을 사고 싶습니다.
매일 씻다 너무 귀찮다 > ",매일 씻는게 귀찮다
"은행 저기 곳 다음 차내리다 > 은행 지나서 내려주세요.
여기 내리다 맞다 > ",여기서 내려주세요.
"항공 목욕 어디 ? > 공항 내 샤워실이 어디에 있나요?
언덕 저기 곳 다음 내리다 ? > ",언덕 지나서 내려드릴까요?
"한국 먹다 어디 곳 ? > 한정식집이 어디에 있습니까?
편의점 어디 곳 ? > ",편의점은 어디에 있습니까?
"계산 틀리다 > 금액이 맞지않습니다.
토요일 -때 쉬다 원하다 > ",토요일에 쉬고 싶어
"카드 불량 잘 안되다 ? > 카드 인식이 안되나요?
도움받다 가능 ? > ",도와주실 수 있으세요?
"시작 > 준비 시작!
차 트렁크열다 > ",트렁크 좀 열어주세요.
"종이 이용 꽃 만들다 > 종이로 꽃을 만들다
가방 찾다 실종 > ",가방을 잃어버렸습니다.
"에어컨 ? > 에어컨 좀 켜드릴까요?
힘들다 쉬다 원하다 > ",힘들어서 쉬고 싶다
"서대문농아인복지관 가다 > 서대문농아인복지관으로 가주세요.
샛길 다음 차내리다 > ",골목 지나서 내려주세요.
"노트북 없다 실종 > 노트북을 잃어버렸습니다.
좌회전 확인 맞다 ? > ",좌회전 해드릴까요?
"안녕하세요 > 안녕하세요.
그남자 맞다 ? > ",이 분이죠?
"지갑 사라지다 실종 > 지갑을 잃어버렸습니다.
택시 카톡보내다 > ",콜을 부르세요.
"버스 곳 전 보다 내리다 > 버스정류장 못가서 내려주세요.
배우다 목적 학교 가다 > ",배우기 위해 학교에 갔다
"먹다 > 먹다
터널 다음 도착 차내리다 ? > ",터널 지나서 내려드릴까요?
"미리 카드 ? > 선승인하시겠습니까?
돈 ? > ",현금이세요?
"신호등 다음 여기 > 신호등 지나서 내려주세요.
카드 교환하다 > ",다른 카드를 주세요.
"학교 안 곳 > 학교로 들어가주세요.
자판기 곳 길 ? > ",자판기는 어디에 있나요?
"너무 춥다 > 너무 추워
도착 시간 알려주다 ? > ",도착 시간을 알려드릴까요?
"항공 목욕 곳 ? > 공항 내 샤워실은 어디에 있나요?
아니다 ? > ",아닌가요?
"지름길 가다 내리다 ? > 지름길로 갈까요?
가방 잃어버리다 > ",가방을 잃어버렸습니다.
"배고프다 > 배고프다
자유 못하다 가두다 답답하다 > ",자유롭지 못해 답답하다
"표지판 보다 찾다 > 저 표지판 표시를 따라가면 됩니다.
한국농아인협회 차내리다 ? > ",한국농아인협회에서 내려드릴까요?
"물품보관 안되다 죽다 ? > 물품보관함이 안되나요?
영수증 > ",영수증을 주세요.
"여기 몇호 ? > 여기가 몇 호선인가요?
택시 전 저기 도착 차내리다 > ",택시정류장 못가서 내려주세요.
"이마트 다음 곳 도착 내리다 > 이마트 지나서 내려주세요.
병원 어디 곳 ? > ",의무실은 어디에 있습니까?
"아이 혼자 방황 > 아이가 혼자 방황하고 있습니다.
운전 천천히 ? > ",천천히 가드릴까요?
"단말기터치 불량 ? > 카드 인식이 안되나요?
아기 갑자기 머리 우산 > ",우리아이가 갑자기 의식을 잃었어요.
"손바닥찍다 내리다 가다 ? > 이 주소로 갈까요?
불편하다 ? > ",불편하세요?
"표 직접 누르다 곳 ? > 셀프체크인은 어디서 가능한가요?
여기 신촌 지하철 > ",여기는 신촌역입니다.
"지금 맞다 ? > 지금 내려드릴까요?
물건 검사 두다 어디 곳 ? > ",코인로커가 어디에 있습니까?
"없다 > 없다
택시 전 저기 도착 내리다 > ",택시정류장 못가서 내려주세요.
"자판기 어디 길 ? > 자판기는 어디에 있나요?
믿다 > ",믿다
"가방 없다 실종 ? > 가방을 분실하셨나요?
영수증 원하다 ? > ",영수증 필요하세요?
"좌회전 맞다 ? > 좌회전 해드릴까요?
서울역 곳 가다 > ",서울역으로 가주세요.
"지금 끝 수고 많다 > 그 동안 수고가 많으셨습니다
동생 문 손 끼다 > ",동생이 문틈에 손이 끼었어요.
"119 곳 다음 차내리다 ? > 소방서 지나서 내려드릴까요?
여기 맞다 > ",여기서 내려주세요.
"건너다 내리다 > 건너편에서 내려주세요.
누가 자살 중 > ",어떤 사람이 자살을 시도하고 있어요.
"살다 중에 사람 믿다 안되다 > 살아갈때 쉽게 믿으면 안돼
지하철 곳 카페 있다 ? > ",역사 안에 커피숍이 있나요?
"사거리 다음 도착 내리다 > 사거리 지나서 내려주세요.
서울농아인협회 내리다 ? > ",서울농아인협회에서 내려드릴까요?
"방학 시작 심심하다 > 입이 심심하다
회의실 곳곳 ? > ",회의실은 어디에 있나요?
"걷다 오래 힘들다 > 오래 걸었더니 힘들다
물품보관 불량 ? > ",물품보관함이 안되나요?
"만나다 반갑다 > 만나서 반갑습니다.
물품보관 잘 안되다 ? > ",물품보관함이 안되나요?
"먹다 어디 ? > 식당은 어디에 있습니까?
명동 도착 > ",명동역으로 가주세요.
"물품보관 사용 불가능 ? > 물품보관함이 안되나요?
터널 다음 도착 내리다 > ",터널 지나서 내려주세요.
"마음 아프다 > 마음이 아프다
손바닥찍다 곳 > ",이 주소로 가주세요.
"119 곳 저기 다음 곳 > 소방서 지나서 내려주세요.
장애인복지카드 ? > ",장애인 복지 카드인가요?
"지하철 곳 다음 내리다 > 지하철역 지나서 내려주세요.
아파트 저기 곳 > ",아파트 단지 안으로 가주세요.
"잊다 미안 > 잊어서 미안해
여기 기차 되다 ? > ",여기서 기차를 탈 수 있나요?
"육교 곳 다음 도착 내리다 > 육교 지나서 내려주세요.
음성 작다 안들리다 > ",목소리가 작아서 잘 안들린다
"여의도 목적 방법 ? > 여의도로 가려면 어떻게 가나요?
병원 다음 여기 ? > ",병원 지나서 내려드릴까요?
"길 찾다 어렵다 > 길찾기가 어렵다
돈받다 끝 ? > ",요금을 지불하셨나요?
"역무원 부르다 > 제가 역무원을 불렀습니다.
가방 실종 잃어버리다 ? > ",가방을 분실하셨나요?
"아이 없다 잃어버리다 > 아이를 잃어버렸습니다.
배 아프다 > ",배가 아파서 병원에 갔다
"병원 다음 내리다 > 병원 지나서 내려주세요.
빨리 접근 가능 > ",다와갑니다.
"방법 없다 > 방법이 없어
개 데려가다 걷다 > ",개를 데리고 산책하다
"에어컨 켜다 ? > 에어컨 좀 켜드릴까요?
카드 불량 안되다 ? > ",카드 인식이 안되나요?
"에어컨 고장 안되다 ? > 에어컨이 안되나요?
나사렛 내리다 가다 ? > ",나사렛대학교로 갈까요?
"위험 > 위험합니다.
대로 다음 ? > ",큰 길 지나서 내려드릴까요?
"가방 없다 실종 > 가방을 잃어버렸습니다.
내리다 ? > ",내릴까요?
"여기 차내리다 맞다 > 여기서 내려주세요.
제주 홍보 어디 곳 ? > ",제주 홍보관은 어디입니까?
"아이 실종 잃어버리다 ? > 아이를 잃어버리셨나요?
의자 무엇 곳 ? > ",의자는 어디에 있나요?
"필요 ? > 필요하세요?
어린이집 보다 차내리다 > ",어린이집 좀 들렀다가주세요.
"아기 젖병 곳 어디 ? > 유아 수유실은 어디에 있습니까?
건너다 차두다 ? > ",건너편에서 내려드릴까요?
"응급실 가다 > 응급실로 가주세요.
지하철 곳 다음 도착 내리다 > ",지하철역 지나서 내려주세요.
"주차 1번 곳 어디 ? > 제1 주차장은 어디에 있습니까?
유턴 맞다 ? > ",유턴 맞으시죠?
"물품보관 안되다 죽다 > 물품보관함이 안되네요.
9호 갈아타다 목적 > ",9호선으로 환승하려고 합니다.
"웃다 모습 귀엽다 > 샐쭉 웃는 모습이 귀엽다
도착 3시 > ",3시에 도착합니다.
"시청 차두다 > 시청으로 가주세요.
반지 잃어버리다 > ",반지를 분실하였습니다.
"세금 공짜 곳 ? > 면세점은 어디에 있습니까?
스타벅스 곳 저기 전 내리다 > ",스타벅스 못가서 내려주세요.
"다음 몇분 ? > 몇 분 뒤에 다음 역에 도착할까요?
버스 곳 차내리다 맞다 ? > ",버스정류장에서 내려드릴까요?
"은행 곳 ? > 은행은 어디에 있습니까?
지하철오다 중 > ",열차가 들어오고 있습니다.
"샛길 가다 > 골목으로 들어가주세요.
지하철 곳 번호 1 > ",1번 승강장입니다.
"시작 > 시작
아파트 안 도착 ? > ",아파트 단지 안으로 들어갈까요?
"노트북 실종 > 노트북을 잃어버렸습니다.
지름길 차내리다 ? > ",골목 들어가서 내려드릴까요?
"군청 곳 다음 내리다 ? > 주민센터 지나서 내려드릴까요?
항공 목욕 곳 ? > ",공항 내 샤워실이 어디에 있나요?
"예의 지키다 > 예절을 지키다
소 키우다 > ",소를 키우다
"응급실 곳 > 응급실로 가주세요.
시청 내리다 오케이 > ",시청으로 가주세요.
"물품보관 잘 안되다 > 물품보관함이 안되네요.
종로 곳 가다 길 방법 ? > ",종로로 가려면 어떻게 가나요?
"육교 곳 다음 내리다 > 육교 지나서 내려주세요.
응급실 도착 > ",응급실로 가주세요.
"지방 버스 어디 ? > 시외버스 승강장은 어디에 있습니까?
바람 > ",바람
"신분증 > 주민등록증입니다.
먹다 곳 어디 ? > ",식당은 어디에 있습니까?
"샛길 다음 차내리다 ? > 골목길 지나서 내려드릴까요?
손바닥찍다 차내리다 가다 ? > ",이 주소로 갈까요?
"은행 곳 무엇 ? > 은행은 어디에 있나요?
너 나 피 귀잡다 같다 > ",너랑 나는 혈액형이 똑같다
"바쁘다 ? > 바빠?
병원 주차 ? > ",병원에 주차하시겠습니까?
"나사렛 내리다 > 나사렛대학교로 가주세요.
난방 켜다 ? > ",히터 좀 켜드릴까요?
"샛길 다음 차내리다 > 골목 지나서 내려주세요.
난방 > ",히터 좀 켜주세요.
"영수증 필요 ? > 영수증 필요하세요?
말하다 잘못 > ",제가 잘못 알려드렸습니다.
"지름길 가다 내리다 ? > 지름길로 갈까요?
좌회전 확인 맞다 > ",좌회전이 맞습니다.
"유리 내리다 > 창문 좀 열겠습니다.
언니 아기 낳다 4 > ",언니가 아이 넷을 낳았다
"불편하다 > 불편하다
아기 모유 곳 ? > ",유아 수유실은 어디에 있습니까?
"친하다 > 친하다
사진기 실종 > ",카메라를 분실하였습니다.
"짐 차 트렁크열다 나르다 ? > 트렁크에 짐을 넣을까요?
누가 칼 협박 가지다 > ",어떤 사람이 칼로 위협하고 있어요.
"차 뒤 트렁크열다 > 트렁크 좀 열어주세요.
반지 없다 실종 > ",반지를 분실하였습니다.
"예전 일 모두 기억 > 오래전의 일을 기억하다
여자 매력 또 귀엽다 > ",그녀는 아주 매력적이면서 귀엽다
"약 가깝다 ? > 근처에 약국이 있나요?
다음 또 오다 부탁 > ",다음에 또 이용해 주세요.
"영수증 > 영수증을 주세요.
친구 딸 낳다 > ",내 친구가 딸을 낳았어
"에어컨 끄다 ? > 에어컨을 꺼드릴까요?
사거리 다음 도착 내리다 > ",사거리 지나서 내려주세요.
"가르치다 > 가르치다
경찰 전화걸다 ? > ",경찰을 부를까요?
"명동 가다 ? > 명동역으로 갈까요?
애인 만나다 위하다 명동 가다 > ",애인을 만나러 명동에 갔다
"항공 지하철 어디 ? > 공항철도는 어디서 탈 수 있습니까?
수업 시작 > ",수업 시작했어
"감사 > 감사합니다.
편지 저기 곳 > ",우체국 지나서 내려주세요.
"난방 켜다 ? > 히터 좀 켜드릴까요?
에어컨 끄다 ? > ",에어컨을 꺼드릴까요?
"공기청정기 사용 안되다 죽다 > 공기청정기가 안되네요.
공기청정기 잘 안되다 불량 > ",공기청정기가 안되네요.
"오늘 사랑 깨지다 위로 부탁 > 오늘 헤어졌는데 위로해줘
3 목적 길 무엇 ? > ",3번 출구로 나가려면 어떻게 가나요?
"다시 > 다시 해보세요.
은행 길 무엇 ? > ",은행은 어디에 있나요?
"에어컨 끄다 > 에어컨 좀 꺼주세요.
편지 저기 곳 다음 > ",우체국 지나서 내려주세요.
"지하철 안 없다 > 지하철 안에 없습니다.
장소 기다리다 > ",여기서 기다려
"아내 쓰러지다 > 아내가 쓰러졌어요.
편지 저기 곳 다음 내리다 ? > ",우체국 지나서 내려드릴까요?
"버스 곳 가깝다 ? > 근처에 버스 정류장이 있나요?
만나다 누구 > ",누구를 만나
"항공 표 받다 어디 ? > 발권 카운터는 어디에 있나요?
할머니 아프다 > ",할머니가 편찮으셔
"자판기 사용 불가능 ? > 자판기가 안되나요?
여의도 가다 방법 ? > ",여의도로 가려면 어떻게 가나요?
"고속터미널 차내리다 가다 > 고속버스터미널로 가주세요.
주차 2번 어디 ? > ",제2 주차장은 어디에 있습니까?
"지름길 곳 가다 ? > 지름길로 갈까요?
딸 유치원 다니다 -중 > ",딸이 유치원을 다니고 있어
"항공 지하철 곳 ? > 공항철도는 어디서 탈 수 있습니까?
사거리 우회전 ? > ",사거리에서 우회전 해드릴까요?
"9호 곳곳 ? > 9호선 타는 곳은 어디에 있나요?
일 끝 쉬다 원하다 > ",일을 빨리 끝내고 쉬고 싶어
"시청 차내리다 > 시청으로 가주세요.
카드 > ",카드도 됩니다.
"버스 곳 차내리다 맞다 ? > 버스정류장에서 내려드릴까요?
소문 믿다 하지마 > ",소문을 믿지마
"미래 부탁 하지마 > 앞으로 부탁하지마
화장실 무엇 ? > ",화장실이 어디에 있나요?
"차 트렁크열다 ? > 트렁크 좀 열어드릴까요?
버스 곳 차내리다 맞다 > ",버스정류장에서 내려주세요.
"그남자 맞다 > 이 분입니다.
언덕 저기 곳 다음 내리다 > ",언덕 지나서 내려주세요.
"일 편하다 생각 하지마 > 쉽게 일 할 생각하지 마라
전기 기둥 줄 끊어지다 > ",고압선이 끊어져 있어요.
"택시 전 저기 도착 내리다 > 택시정류장 못가서 내려주세요.
난방 안되다 사용 불가능 > ",히터가 안되네요.
"택시 문자받다 ? > 콜을 부르셨나요?
고속 빨리 > ",고속도로가 빠릅니다.
"건너다 오케이 > 건너편에서 내려주세요.
3 가다 길 방법 ? > ",3번 출구로 나가려면 어떻게 가나요?
"서울역 내리다 가다 > 서울역으로 가주세요.
종로 찾다 가다 무엇 ? > ",종로로 가려면 어떻게 가나요?
"보건소 곳 다음 도착 차내리다 > 보건소 지나서 내려주세요.
1호 ? > ",1호선인가요?
"버스 곳 전 보다 내리다 > 버스정류장 못가서 내려주세요.
기차 곳 내리다 맞다 ? > ",기차역에서 내려드릴까요?
"지름길 가다 차내리다 ? > 지름길로 갈까요?
지하철 곳 다음 곳 ? > ",지하철역 지나서 내려드릴까요?
"나사렛 가다 > 나사렛대학교로 가주세요.
고속터미널 차내리다 가다 > ",고속버스터미널로 가주세요.
"안경 사라지다 실종 > 안경을 잃어버렸습니다.
열쇠 없다 잃어버리다 > ",열쇠를 잃어버렸습니다.
"육교 곳 다음 내리다 > 육교 지나서 내려주세요.
학교 안 가다 ? > ",학교 안으로 들어갈까요?
"기념 물건 어디 곳 ? > 기념품점이 어디에 있습니까?
영수증 > ",영수증을 주세요.
"미래 위해 미리 준비 필요하다 > 미래를 위해 준비해야 한다
지하철 곳 명동 맞다 ? > ",명동역이 맞나요?
"은행 저기 곳 다음 내리다 ? > 은행 지나서 내려드릴까요?
필요 > ",필요합니다.
"무엇 ? > 어떤거요?
백화점 다음 곳 보다 차내리다 > ",백화점 지나서 내려주세요.
"세금 되돌리다 돈받다 곳 ? > 세금환급을 어디서 받나요?
지하철 곳 다음 곳 > ",지하철역 지나서 내려주세요.
"캐리어 무게 어디 ? > 캐리어 무게를 재는 곳은 어디인가요?
은행 저기 곳 다음 차내리다 > ",은행 지나서 내려주세요.
"충분하다 > 만족합니다.
아기 쉬다 곳 어디 ? > ",유아 휴게실은 어디에 있습니까?
"신호등 다음 도착 차내리다 > 신호등 지나서 내려주세요.
아이 놀다 곳 실종 > ",아이를 공원에서 잃어버렸어요.
"돈얼마 ? > 얼마인가요?
시간 급하다 ? > ",많이 급하세요?
"난방 잘 안되다 사용 불가능 > 히터가 안되네요.
택시 곳 가깝다 ? > ",근처에 택시 승강장이 있나요?
"119 곳 다음 차내리다 ? > 소방서 지나서 내려드릴까요?
사거리 다음 차내리다 > ",사거리 지나서 내려주세요.
"책 곳 어디 ? > 서점은 어디에 있습니까?
다르다 카드 > ",다른 카드를 주세요.
"딸 대학 보내다 > 딸을 대학에 보내다
없다 > ",없습니다.
"차밀리다 괜찮다 > 차가 막혀도 괜찮습니다.
작다 > ",작다
"스타벅스 곳 저기 전 내리다 > 스타벅스 못가서 내려주세요.
매일 살다 여전히 지겹다 > ",매일 반복되는 일상이 지겹다
"경찰 저기 곳 다음 도착 내리다 > 경찰서 지나서 내려주세요.
지름길 내리다 가다 ? > ",지름길로 갈까요?
"맞다 더럽다 > 아 진짜 더러워
우회전 맞다 > ",우회전이 맞습니다.
"샛길 도착 ? > 골목으로 들어갈까요?
사람 계산 잘못하다 > ",인원 수가 맞지 않습니다.
"물품보관 고장 > 물품보관함이 안되네요.
지름길 목적 가다 > ",지름길로 가주세요.
"하나 다음 도착 > 목적지는 다음 역입니다.
여기 서울 지하철 ? > ",여기가 서울역인가요?
"안녕 > 안녕하세요.
끝 무엇 하다 ? > ",끝나면 뭐하지?
"나사렛 전 저기 > 나사렛대학교 못가서 내려주세요.
감사합니다 > ",감사합니다.
"신호등 전 저기 > 신호등 못가서 내려주세요.
배우다 > ",배우다
"아기 모유 어디 ? > 유아 수유실은 어디에 있습니까?
스타벅스 곳 저기 전 차내리다 > ",스타벅스 못가서 내려주세요.
"은행 저기 곳 다음 도착 차내리다 > 은행 지나서 내려주세요.
놀다 물건 가지다 놀다 > ",장난감을 가지고 놀다
"지름길 차내리다 가다 > 지름길로 가주세요.
힘들다 위로 힘 > ",힘들때 위로 받으면 힘난다
"상처 심하다 아니다 괜찮다 > 상처가 깊지 않으니까 괜찮아
미용 배우다 중에 > ",미용을 배우고 있어
"여기 차내리다 맞다 > 여기서 내려주세요.
스타벅스 전 곳 도착 내리다 > ",스타벅스 못가서 내려주세요.
"난방 고장 사용 불가능 > 히터가 안되네요.
빠르다위-반복 > ",빨리 빨리 해
"카드 고장 안되다 > 카드 인식이 안되네요.
낯선 뒤 쫓아오다 > ",이상한 사람이 저를 쫓아와요
"버스 곳 차내리다 맞다 > 버스정류장에서 내려주세요.
여기 명동 지하철 > ",여기는 명동역입니다.
"에어컨 켜다 > 에어컨 좀 켜주세요.
가스 고장 흐르다 > ",가스가 새고 있어요.
"지금 바쁘다 미래 연락 > 나 바쁘니까 이따 연락할게
시청 > ",시청으로 가주세요.
"차 유리 올리다 ? > 창문을 닫아드릴까요?
내리다 > ",내리세요.
"도착 10분 > 10분 뒤에 도착합니다.
쉬다 -때 책 읽다 끝 > ",쉬는 시간에 책을 읽었어
"항공 표 받다 곳 ? > 발권 카운터는 어디에 있나요?
청음회관 차내리다 오케이 ? > ",청음회관에서 내려드릴까요?
"카드 되다 ? > 카드 결제 되나요?
서울역 도착 가다 > ",서울역으로 가주세요.
"3 목적 곳 방법 ? > 3번 출구로 나가려면 어떻게 가나요?
짐 없다 > ",짐이 없습니다.
"우산 실종 잃어버리다 > 우산을 분실하였습니다.
지키다 > ",지키다
"샛길 저기 다음 곳 > 골목 지나서 내려주세요.
한국농아인협회 가다 > ",한국농아인협회로 가주세요.
"버스 곳 다음 여기 ? > 버스정류장 지나서 내려드릴까요?
안경 잃어버리다 실종 > ",안경을 잃어버렸습니다.
"물품보관 문안열리다 불량 > 물품보관함이 안되네요.
저기 ? > ",저것인가요?
"먹다 어디 곳 ? > 식당은 어디에 있습니까?
찾다 무엇 ? > ",뭘 찾아?
"아이 지금 5 되다 > 아이가 다섯 살이 되었다
방학 시작 심심하다 > ",방학이 시작했는데 심심하다
"걱정 하지마 나 너 돕다 주다 > 걱정하지마 내가 도와줄게
나다 > ",나다
"발 발목 발바닥 > 발목을 접질렀어요.
1호 맞다 ? > ",1호선이 맞나요?
"지금 내리다 맞다 ? > 지금 내려드릴까요?
만들다 > ",만들다
"겨울 끝 봄 빨리 다가오다 > 겨울이 끝나면 봄이 온다
지하철 철로 물건 떨어지다 > ",선로에 물건을 떨어뜨렸습니다.
"초밥 먹다 위하다 일본 가다 > 초밥을 먹기 위해 일본에 갔다
차밀리다 시간 괜찮다 ? > ","차가 막히는데, 괜찮으세요?"
"물품보관 잘 안되다 죽다 ? > 물품보관함이 안되나요?
몸 괜찮다 ? > ",몸은 괜찮아?
"병원 어디 ? > 의무실은 어디에 있습니까?
돌보다 > ",돌보다
"여행 정보 묻다 어디 곳 ? > 관광안내소는 어디에 있습니까?
건강 돌보다 > ",건강을 돌보다
"청음회관 오케이 ? > 청음회관에서 내려드릴까요?
계획 바꾸다 끝 > ",계획을 수정했다
"여기 있다 ? > 여기에 있을까요?
버스 전 곳 보다 내리다 > ",버스정류장 못가서 내려주세요.
"주변 건물 붕괴 > 근처에 있는 건물이 붕괴되고 있어요.
편지 저기 곳 다음 차내리다 > ",우체국 지나서 내려주세요.
"일 두 가지 일이 겹치다 바쁘다 > 일이 많아서 너무 바쁘다
스타벅스 전 곳 차내리다 > ",스타벅스 못가서 내려주세요.
"위로 필요 같다 > 위로할 필요가 있을것 같아
닭 먹다 원하다 > ",치킨 먹고 싶어
"나 집 놀다 와 > 우리집에 놀러와
필요없다 ? > ",필요없으신가요?
"저기 차내리다 맞다 > 저기서 내려주세요.
지연되다 5분 ? > ",5분 지연되었나요?
"위험 ? > 위험한가요?
정보 찾다 중 > ",정보를 찾고있습니다.
"노트북 사라지다 실종 > 노트북을 잃어버렸습니다.
차 유리 내리다 ? > ",창문을 열어드릴까요?
"종로 찾다 가다 길 방법 ? > 종로로 가려면 어떻게 가나요?
택시 곳 어디 ? > ",택시 승강장은 어디에 있습니까?
"택시 전 저기 곳 차내리다 > 택시정류장 못가서 내려주세요.
학교 저기 ? > ",학교 안으로 들어갈까요?
"빨리 돕다 부탁 > 빨리 도와주세요.
대로 다음 내리다 ? > ",큰 길 지나서 내려드릴까요?
"쌀 이용 떡 만들다 먹다 끝 > 쌀로 떡을 만들어 먹었다
너 데려가다 누구 ? > ",누가 널 데리고 왔니?
"약 어디 ? > 약국은 어디에 있습니까?
자판기 사용 안되다 ? > ",자판기가 안되나요?
"표 ? > 승차권 있으세요?
편지 어디 곳 ? > ",우체국은 어디에 있습니까?
"나사렛 가다 ? > 나사렛대학교에서 내려드릴까요?
주차 2번 곳 ? > ",제2 주차장은 어디에 있습니까?
"우산 실종 잃어버리다 ? > 우산을 잃어버리셨나요?
아기 모유 어디 곳 ? > ",유아 수유실은 어디에 있습니까?
"배 아프다 ? > 배가 아프세요?
이제 쉬다 > ",이제 쉬자
"나 이름 동시에 부르다 > 동시에 나를 불렀다
지하철 곳 다음 내리다 ? > ",지하철역 지나서 내려드릴까요?
"나사렛 차내리다 ? > 나사렛대학교에서 내려드릴까요?
지금 분위기 불편하다 > ",지금 분위기가 너무 불편해
"신호등 곳 차내리다 ? > 저기 신호등 앞에 세워드릴까요?
유턴 맞다 ? > ",유턴 해드릴까요?
"언덕 저기 곳 다음 차내리다 ? > 언덕 지나서 내려드릴까요?
육교 곳 다음 도착 내리다 ? > ",육교 지나서 내려드릴까요?
"몇사람 ? > 몇 명이신가요?
좌회전 맞다 > ",좌회전이 맞습니다.
"미안 정보 찾다 없다 > 정보를 찾을 수 없습니다.
일 너무 힘들다 > ",일이 너무 힘들다
"학교 주차 > 학교에 주차하겠습니다.
시청 차내리다 오케이 > ",시청으로 가주세요.
"터널 다음 곳 ? > 터널 지나서 내려드릴까요?
우회전 확인 맞다 > ",우회전이 맞습니다.
"누가 건물 추락 > 어떤 사람이 건물에서 추락했어요.
계단 무엇 곳 ? > ",계단은 어디에 있나요?
"샛길 저기 가다 ? > 골목으로 들어갈까요?
오른쪽 > ",오른쪽입니다.
"카페 곳 ? > 커피숍은 어디에 있습니까?
내리다 곳 알려받다 > ",내릴 역을 알려주세요.
"곳 바꾸다 > 목적지를 변경하고 싶습니다.
육교 곳 다음 내리다 ? > ",육교 지나서 내려드릴까요?
"힘들다 > 힘들다
지하철 ? > ",지하철 승강장은 어디에 있습니까?
"똑바로 말하다 해보다 > 말 돌이지 말고 똑바로 말해봐
점수 나쁘다 우울하다 > ",성적이 나빠서 우울하다
"애인 무엇 궁금하다 > 애인이 뭐하는지 궁금하다
괜찮다 > ",괜찮습니다.
"맡다 일 완료 끝 > 맡은 역할을 거뜬히 해낸다
고속 돈주다 ? > ",고속도로 통행료를 내야 하나요?
"유턴 맞다 > 유턴 맞습니다.
나사렛 차내리다 오케이 ? > ",나사렛대학교에서 내려드릴까요?
"신호등 전 곳 > 신호등 못가서 내려주세요.
버스 곳 맞다 ? > ",버스정류장에서 내려드릴까요?
"명동 차내리다 > 명동역으로 가주세요.
지하철 곳 다음 차내리다 ? > ",지하철역 지나서 내려드릴까요?
"청음회관 차내리다 > 청음회관으로 가주세요.
너 -보다 나 더 예쁘다 > ",내가 너보다 이뻐
"터널 다음 차내리다 > 터널 지나서 내려주세요.
우산 실종 ? > ",우산을 잃어버리셨나요?
"에어컨 켜다 ? > 에어컨 좀 켜드릴까요?
에어컨 끄다 > ",에어컨 좀 꺼주세요.
"건너다 > 건너편에서 내려주세요.
돈 계산 틀리다 ? > ",요금이 맞지 않나요?
"군청 곳 다음 도착 내리다 > 동사무소 지나서 내려주세요.
여기 차내리다 맞다 > ",여기서 내려주세요.
"호텔 항공 가깝다 곳 ? > 공항 주변에 호텔은 어디있나요?
고속터미널 목적 가다 > ",고속버스터미널로 가주세요.
"너무 덥다 > 너무 더워
나사렛 내리다 오케이 ? > ",나사렛대학교에서 내려드릴까요?
"카드 사용 불가능 고장 > 카드 인식이 안되네요.
접근 도착 > ",다와갑니다.
"모르다 > 모르겠습니다.
사거리 다음 도착 차내리다 ? > ",사거리 지나서 내려드릴까요?
"편의점 곳 무엇 ? > 편의점은 어디에 있나요?
신호등 다음 도착 차내리다 ? > ",신호등 지나서 내려드릴까요?
"친구 쉼쉬다 안되다 > 친구가 숨을 안 쉬는 것 같아요.
카페 어디 곳 ? > ",커피숍은 어디에 있습니까?
"도착 알려주다 > 도착하면 알려주세요.
배 위쪼이다 아프다 > ",배가 꼬이듯 아픕니다.
"노트북 잃어버리다 > 노트북을 잃어버렸습니다.
동안 원래 태어나다 집 가다 > ",오랜만에 고향을 찾다
"학교 저기 가다 ? > 학교 안으로 들어갈까요?
백화점 다음 곳 저기 차내리다 > ",백화점 지나서 내려주세요.
"고생 많다 > 수고가 많았소
확인 가능 ? > ",확인 할 수 있을까요?
"나사렛 곳 가다 ? > 나사렛대학교로 갈까요?
따뜻하다 끄다 > ",에어컨을 꺼주세요.
"짜장 먹다 가다 > 짜장면 먹으러 갈래
너 저기 남자 친하다 ? > ",너 그 남자와 친해?
"가능 > 가능합니다.
차내리다 곳곳 ? > ",어디에서 내려드릴까요?
"좌회전 확인 맞다 ? > 좌회전 맞으시죠?
깨끗하다 > ",깨끗하다
"눈 물건 더럽다 들어오다 > 눈에 이물질이 들어갔어요.
손바닥찍다 목적 > ",이 주소로 가주세요.
"좌회전 차내리다 ? > 좌회전해서 내려드릴까요?
일 어렵다 > ",일이 어려워요
"샛길 다음 여기 ? > 골목길 지나서 내려드릴까요?
계획 만들다 > ",계획을 짜다
"항상 보다 원하다 > 항상 보고 싶어
시청 차내리다 오케이 > ",시청으로 가주세요.
"건너다 ? > 건너편에서 내려드릴까요?
유턴 맞다 ? > ",유턴 해드릴까요?
"일 귀찮다 > 일하기 귀찮아
의자 곳 무엇 ? > ",의자는 어디에 있나요?
"기차 곳 맞다 ? > 기차역에서 내려드릴까요?
가방 실종 ? > ",가방을 분실하셨나요?
"캐리어 무게 곳 ? > 캐리어 무게를 재는 곳은 어디인가요?
시청 차내리다 ? > ",시청에서 내려드릴까요?
"에어컨 사용 잘 안되다 > 에어컨이 안되네요.
시청 차두다 ? > ",시청에서 내려드릴까요?
"여의도 찾다 방법 ? > 여의도로 가려면 어떻게 가나요?
키 작다 힘 세다 > ",키는 작아도 힘은 세다
"나 돈 1000 있다 > 나에게 1000원이 있다
에어컨 > ",에어컨 좀 켜주세요.
"글 작다 보다 어렵다 > 글씨가 작아서 잘 안보인다
중국 먹다 곳 어디 ? > ",중식집이 어디에 있습니까?
"강도 넘어오다 아마 > 강도가 들어온것 같아요.
고속터미널 내리다 가다 > ",고속버스터미널로 가주세요.
"접근 도착 ? > 다와가나요?
버스 전 곳 보다 차내리다 > ",버스정류장 못가서 내려주세요.
"병원 곳 어디 ? > 의무실은 어디에 있습니까?
카드 잃어버리다 > ",카드를 잃어버렸습니다.
"듣다 > 듣다
독 버섯 먹다 같다 > ",독버섯을 먹은 것 같아요.
"공기청정기 안되다 고장 > 공기청정기가 안되네요.
돈 > ",현금입니다.
"수레 빌리다 어디 곳 ? > 휠체어 대여소가 어디에 있습니까?
맞다 반갑다 > ",정말 반갑네 반가워
"서울농아인협회 가다 > 서울농아인협회로 가주세요.
더럽다 > ",더럽다
"저기 차내리다 맞다 > 저기서 내려주세요.
빨리 접근 ? > ",다와가나요?
"청음회관 가다 > 청음회관으로 가주세요.
아이 없다 실종 > ",아이를 잃어버렸습니다.
"지하철 곳 다음 여기 ? > 지하철역 지나서 내려드릴까요?
샛길 가다 > ",골목으로 들어가주세요.
"보건소 곳 다음 도착 내리다 > 보건소 지나서 내려주세요.
터널 다음 도착 내리다 ? > ",터널 지나서 내려드릴까요?
"몸 병 아프다 > 몸이 아프다
나 삶 불행 > ",내 삶은 불행하다
"신호등 다음 도착 차내리다 ? > 신호등 지나서 내려드릴까요?
항공 표 어디 ? > ",항공사 카운터는 어디에 있습니까?
"항공 잠 곳 어디 ? > 공항 내 수면실이 어디에 있나요?
지하철 곳 다음 차내리다 > ",지하철역 지나서 내려주세요.
"집 일 청소 돕다 > 집안일을 도와주다
걷다 빠르다 > ",걸음이 빠르다
"나 믿다 > 오빠만 믿어
물품보관 안되다 > ",물품보관함이 안되네요.
"물품보관 불량 > 물품보관함이 안되네요.
단말기터치 불량 사용 안되다 > ",카드 인식이 안되네요.
"여기 ? > 이것인가요?
유리 내리다 ? > ",창문을 열어드릴까요?
"열쇠 없다 실종 ? > 열쇠를 잃어버리셨나요?
백화점 다음 곳 보다 차내리다 > ",백화점 지나서 내려주세요.
"바람 심하다 > 바람이 쎄다
보다 무엇 ? > ",뭐 보고 있어?
"우산 잃어버리다 실종 > 우산을 분실하였습니다.
종로 곳 가다 길 무엇 ? > ",종로로 가려면 어떻게 가나요?
"옷 크다 입다 불가능 > 옷이 너무 커서 입을 수 없다
물건 검사 두다 어디 ? > ",코인로커가 어디에 있습니까?
"사거리 다음 내리다 ? > 사거리 지나서 내려드릴까요?
기념 물건 곳 어디 ? > ",기념품점이 어디에 있습니까?
"청음회관 내리다 오케이 ? > 청음회관에서 내려드릴까요?
물품보관 사용 불가능 > ",물품보관함이 안되네요.
"나쁘다 > 나쁘다
에어컨 켜다 ? > ",에어컨 좀 켜드릴까요?
"청음회관 가다 ? > 청음회관에서 내려드릴까요?
건너다 내리다 ? > ",건너편에서 내려드릴까요?
"천안아산역 내리다 > 천안아산역으로 가주세요.
접근 도착 되다 ? > ",다와가나요?
"우회전 맞다 ? > 우회전 맞으시죠?
옷 없다 어떻게 > ",입을 옷이 없어 막막해
"버스 타다 곳곳 ? > 버스정류장이 어디에 있나요?
용산역 주차 되다 ? > ",용산역에 주차할 수 있나요?
"지하철 계단 곳 12 > 12번 출구입니다.
돈 > ",현금입니다.
"서울농아인협회 내리다 > 서울농아인협회로 가주세요.
좌회전 확인 맞다 > ",좌회전이 맞습니다.
"힘들다 > 힘듭니다.
에어컨 켜다 > ",에어컨 좀 켜주세요.
"차 내리다 > 창문 좀 열겠습니다.
집 도둑 넘어오다 > ",집에 도둑이 들어왔어요.
"영수증 > 영수증을 주세요.
병 나다 치료 불가능 > ",이 병은 치료가 불가능하다
"우리 둘 학교 같다 > 우리는 같은 학교에 다닌다
아파트 가다 > ",아파트 단지 안으로 가주세요.
"나 > 접니다
약 보다 차내리다 > ",약국 좀 들렀다가주세요.
"열쇠 없다 잃어버리다 ? > 열쇠를 잃어버리셨나요?
느리다 > ",느리다
"음악 듣다 중에 > 음악을 듣고 있어
서울농아인협회 도착 > ",서울농아인협회로 가주세요.
"항공 짐 맡기다 어디 ? > 수하물보관소가 어디에 있습니까?
사슴 달리다 빠르다 > ",사슴이 달리면 빠르다
"좌회전 확인 맞다 ? > 좌회전 해드릴까요?
1호 맞다 > ",1호선이 맞습니다.
"도착 10분 전 ? > 10분 내로 도착하나요?
해파리 팔 주사 > ",해파리에게 쏘였어요.
"고속터미널 곳 가다 > 고속버스터미널로 가주세요.
친구 동시에 일어나다 > ",친구들이 동시에 일어났다
"아파트 저기 곳 ? > 아파트 단지 안으로 들어갈까요?
수고 > ",수고
"서울농아인협회 곳 > 서울농아인협회로 가주세요.
무섭다 > ",무섭다
"공항 내리다 가다 ? > 김포공항으로 갈까요?
능력 부족 > ",실력이 부족하다
"지갑 실종 없다 > 지갑을 잃어버렸습니다.
좌회전 맞다 ? > ",좌회전 해드릴까요?
"지방 버스 곳 어디 ? > 시외버스 승강장은 어디에 있습니까?
버스 곳 내리다 맞다 > ",버스정류장에서 내려주세요.
"손바닥찍다 도착 가다 ? > 이 주소로 갈까요?
올리다 ? > ",창문을 닫아드릴까요?
"있다 > 있습니다.
군청 곳 다음 내리다 ? > ",주민센터 지나서 내려드릴까요?
"나사렛 목적 > 나사렛대학교로 가주세요.
건너다 내리다 오케이 ? > ",건너편에서 내려드릴까요?
"교통카드 충전 되다 ? > 교통카드 충전 되나요?
도착 ? > ",도착했나요?
"지름길 차내리다 가다 > 지름길로 가주세요.
공기청정기 고장 불량 > ",공기청정기가 안되네요.
"기쁘다 > 기쁘다
군청 곳 다음 내리다 > ",동사무소 지나서 내려주세요.
"신호등 다음 도착 차내리다 > 신호등 지나서 내려주세요.
시간 지연되다 ? > ",지연되었나요?
"공항 도착 가다 ? > 김포공항으로 갈까요?
카드 되다 > ",카드도 됩니다.
"버스 곳 내리다 맞다 ? > 버스정류장에서 내려드릴까요?
물건 없다 > ",물건이 없습니다.
"불행 > 불행
오늘 5월 너무 덥다 > ",5월인데 너무 덥다
"맥도날드 보다 다음 곳 내리다 > 맥도날드 지나서 내려주세요.
편지 저기 곳 다음 도착 내리다 > ",우체국 지나서 내려주세요.
"급하다 ? > 급하세요?
꼿다 > ",안전벨트를 매주세요.
"육교 곳 다음 도착 내리다 > 육교 지나서 내려주세요.
친구 만나다 끝 > ",친구를 만났어
"물 너무 더럽다 > 물어 너무 더럽다
경찰 저기 곳 다음 > ",경찰서 지나서 내려주세요.
"고속터미널 가다 내리다 > 고속버스터미널로 가주세요.
물 컵 어디 곳 ? > ",정수기는 어디에 있습니까?
"탑승 ? > 탑승수속은 어디에서 하나요?
시간 지연되다 몇분 ? > ",몇 분 지연되었나요?
"노트북 실종 잃어버리다 > 노트북을 잃어버렸습니다.
어제 -보다 오늘 춥다 아니다 > ",어제보다 오늘이 춥지 않다
"학교 안 가다 > 학교로 들어가주세요.
시계 찾다 실종 > ",시계를 분실하였습니다.
"대략 40분 > 대략 40분입니다.
지금 차내리다 맞다 ? > ",지금 내려드릴까요?
"모두 일 쉽다 아니다 > 모든 일이 쉽게 이루어지지 않는다
화장실 곳곳 ? > ",화장실이 어디에 있나요?
"에어컨 사용 불가능 안되다 > 에어컨이 안되네요.
아기 쉬다 곳 ? > ",유아 휴게실은 어디에 있습니까?
"지하철 단말기터치 안되다 > 교통카드가 찍히지 않습니다.
은행 곳 어디 ? > ",은행은 어디에 있습니까?
"나 여행 자유 원하다 > 자유롭게 여행을 다니고 싶다
한국 항공 표 어디 ? > ",대한항공 카운터는 어디에 있습니까?
"시청 내리다 > 시청으로 가주세요.
춥다 끄다 ? > ",에어컨을 꺼드릴까요?
"병원 저기 다음 도착 차내리다 > 병원 지나서 내려주세요.
청음회관 내리다 > ",청음회관으로 가주세요.
"돈 계산 잘못하다 > 계산을 잘못하였습니다.
시간 지키다 필요 > ",시간을 지켜야 한다
"말하다 > 말하다
여기 서울 지하철 > ",여기는 서울역입니다.
"샛길 다음 차내리다 ? > 골목길 지나서 내려드릴까요?
경찰 저기 곳 다음 내리다 ? > ",경찰서 지나서 내려드릴까요?
"청음회관 도착 > 청음회관으로 가주세요.
종로 찾다 가다 곳 방법 ? > ",종로로 가려면 어떻게 가나요?
"지하철 곳 어디 ? > 지하철 승강장은 어디에 있습니까?
여의도 길 무엇 ? > ",여의도로 가려면 어떻게 가나요?
"여기 내리다 맞다 ? > 여기서 내려드릴까요?
에어컨 불량 안되다 > ",에어컨이 안되네요.
"아파트 안 가다 > 아파트 단지 안으로 가주세요.
궁금 또 있다 ? > ",더 궁금하신 점은 없으신가요?
"저기 일 하다 싫다 > 그 일은 하기 싫어
너 위하다 준비 끝 > ",너를 위해 준비했어
"돈 > 현금입니다.
좌회전 맞다 ? > ",좌회전 맞으시죠?
"의자 곳 ? > 의자는 어디에 있나요?
명동 곳 > ",명동역으로 가주세요.
"어린이집 주차 > 어린이집에 주차하겠습니다.
한국농아인협회 오케이 ? > ",한국농아인협회에서 내려드릴까요?
"나사렛 곳 > 나사렛대학교로 가주세요.
카드 단말기터치 다시 > ",카드를 다시 대세요.
"영수증 받다 > 영수증을 주세요.
군청 곳 다음 도착 차내리다 > ",동사무소 지나서 내려주세요.
"샛길 다음 내리다 ? > 골목길 지나서 내려드릴까요?
카드 없다 잃어버리다 ? > ",카드를 분실하셨나요?
"에어컨 사용 불가능 고장 ? > 에어컨이 안되나요?
건너다 차두다 > ",건너편에서 내려주세요.
"택시 기본 오천원 > 기본 요금은 오천원입니다.
신호등 다음 내리다 ? > ",신호등 지나서 내려드릴까요?
"지름길 내리다 ? > 골목 들어가서 내려드릴까요?
터널 다음 도착 차내리다 > ",터널 지나서 내려주세요.
"카페 어디 ? > 커피숍은 어디에 있습니까?
잠실대교 가다 ? > ",잠실대교로 건너가드릴까요?
"오천원 > 오천원입니다.
열쇠 잃어버리다 실종 ? > ",열쇠를 잃어버리셨나요?
"신호등 다음 차내리다 ? > 신호등 지나서 내려드릴까요?
화장실 곳 어디 ? > ",화장실은 어디에 있습니까?
"자판기 길 무엇 ? > 자판기는 어디에 있나요?
만원 > ",만원입니다.
"돈 > 현금입니다.
에어컨 고장 잘 안되다 > ",에어컨이 안되네요.
"어떻게 ? > 어떻게 하나요?
숨 안되다 > ",숨이 안 쉬어져요.
"문 몸 끼다 > 문에 몸이 끼었어요.
백화점 곳 다음 보다 내리다 > ",백화점 지나서 내려주세요.
"조심 > 조심하세요.
스타벅스 전 곳 도착 차내리다 > ",스타벅스 못가서 내려주세요.
"공항 내리다 가다 ? > 김포공항으로 갈까요?
버스 곳 차내리다 맞다 ? > ",버스정류장에서 내려드릴까요?
"인천 항공 장소 가다 방법 ? > 인천공항으로 어떻게 가나요?
사진기 실종 잃어버리다 > ",카메라를 분실하였습니다.
"서울농아인협회 가다 > 서울농아인협회로 가주세요.
지금 내리다 > ",여기서 내리겠습니다.
"학교 다니다 > 학교에 다니다
좌회전 차내리다 > ",좌회전하고 내려주세요.
"데려가다 > 데려가다
도착 1시간 전 > ",1시간 내로 도착합니다.
"햄버거 곳 ? > 패스트푸드는 어디에 있습니까?
우회전 확인 맞다 ? > ",우회전 해드릴까요?
"편의점 무엇 ? > 편의점은 어디에 있나요?
항공 잠 어디 ? > ",공항 내 수면실이 어디에 있나요?
"돈주다 얼마 ? > 얼마인가요?
여행 정보 묻다 곳 ? > ",관광안내소는 어디에 있습니까?
"포기 안되다 > 포기하면 안돼
난방 켜다 > ",히터 좀 켜주세요.
"여의도 곳 방법 ? > 여의도로 가려면 어떻게 가나요?
택시 문자보내다 맞다 > ",제가 콜택시를 불렀습니다.
"파리바게트 다음 저기 내리다 > 파리바게트 지나서 내려주세요.
여의도 목적 무엇 ? > ",여의도로 가려면 어떻게 가나요?
"매일 > 매일
택시 전 저기 곳 내리다 > ",택시정류장 못가서 내려주세요.
"시계 잃어버리다 실종 > 시계를 분실하였습니다.
돕다상대방 필요하다 ? > ",도와줄까?
"표 사다 > 승차권을 구입하셔야 합니다.
병원 주차 > ",병원에 주차하겠습니다.
"물품보관 문안열리다 안되다 > 물품보관함이 안되네요.
건너다 차내리다 오케이 > ",건너편에서 내려주세요.
"차 맡기다 곳 어디 ? > 주차대행한 차는 어디에서 찾습니까?
지갑 잃어버리다 실종 ? > ",지갑을 분실하셨나요?
"지금 시작 해라 > 지금부터 시작해라
나 집 불 > ",우리 집에 불이 났어요.
"자판기 안되다 > 자판기가 안되네요.
지금 카드 충전 > ",지금 카드를 충전하겠습니다.
"버스 오다 기다리다 되다 > 버스가 오기를 기다려야 한다
청음회관 내리다 > ",청음회관으로 가주세요.
"배고프다 힘 없다 > 배고파서 힘이 없다
나 너 비교 나 빠르다 > ",너보다 내가 더 빨라
"터널 다음 도착 차내리다 ? > 터널 지나서 내려드릴까요?
터널 다음 내리다 > ",터널 지나서 내려주세요.
"잠깐 기다리다 > 잠깐 기다려주세요.
스타벅스 곳 저기 전 > ",스타벅스 못가서 내려주세요.
"영화 보다 > 영화를 보다
설명 천천히 > ",천천히 설명해주세요.
"에어컨 켜다 > 에어컨 좀 켜주세요.
여기 내리다 맞다 > ",여기서 내려주세요.
"저기 아파트 가다 > 아파트 단지 안으로 가주세요.
만나다 > ",만나다
"손바닥찍다 가다 내리다 ? > 이 주소로 갈까요?
비 같다 아마 > ",비가 올 것 같다
"기차 곳 내리다 맞다 ? > 기차역에서 내려드릴까요?
경찰 부르다 > ",제가 경찰을 불렀습니다.
"기차 곳 차내리다 맞다 > 기차역에서 내려주세요.
막차 시간 ? > ",막차는 몇 시인가요?
"단말기터치 고장 사용 안되다 > 카드 인식이 안되네요.
항공 목욕 곳 어디 ? > ",공항 내 샤워실이 어디에 있나요?
"아기 쉬다 어디 ? > 유아 휴게실은 어디에 있습니까?
나 너 다르다 > ",나는 너와 다르다
"누가 집단폭력 > 어떤 사람이 집단폭력을 당하고 있어요.
서울농아인협회 가다 ? > ",서울농아인협회에서 내려드릴까요?
"터널 다음 내리다 ? > 터널 지나서 내려드릴까요?
손바닥찍다 가다 > ",이 주소로 가주세요.
"약 곳곳 ? > 약국은 어디에 있나요?
스타벅스 저기 곳 전 저기 > ",스타벅스 못가서 내려주세요.
"바람 느낌 시원 > 바람이 시원하다
사거리 다음 내리다 > ",사거리 지나서 내려주세요.
"샛길 곳 > 골목으로 들어가주세요.
대로 다음 차내리다 > ",큰 길 지나서 내려주세요.
"돈 > 현금입니다.
에어컨 ? > ",에어컨 좀 켜드릴까요?
"나사렛 전 차내리다 > 나사렛대학교 못가서 내려주세요.
안내소 무엇 곳 ? > ",안내소는 어디에 있나요?
"서울역 차내리다 가다 > 서울역으로 가주세요.
엘리베이터 곳곳 ? > ",엘리베이터는 어디에 있나요?
"에어컨 고장 안되다 > 에어컨이 안되네요.
서대문농아인복지관 도착 > ",서대문농아인복지관으로 가주세요.
"카드 불량 잘 안되다 > 카드 인식이 안되네요.
보청기 찾다 실종 > ",보청기를 잃어버렸습니다.
"서대문농아인복지관 ? > 서대문농아인복지관에서 내려드릴까요?
신호등 다음 곳 > ",신호등 지나서 내려주세요.
"발권 ? > 발권 카운터는 어디에 있나요?
기차 곳 차내리다 맞다 ? > ",기차역에서 내려드릴까요?
"제주 홍보 곳 ? > 제주 홍보관은 어디입니까?
아이 없다 잃어버리다 ? > ",아이를 잃어버리셨나요?
"눈 -중 눈 사람 만들다 놀다 > 눈이 와서 눈사람을 만들다
청음회관 ? > ",청음회관에서 내려드릴까요?
"버스 곳 저기 다음 곳 ? > 버스정류장 지나서 내려드릴까요?
보내다 > ",보내다
"택시 전 저기 곳 > 택시정류장 못가서 내려주세요.
여의도 곳 무엇 ? > ",여의도로 가려면 어떻게 가나요?
"고속터미널 가다 내리다 > 고속버스터미널로 가주세요.
에어컨 고장 사용 안되다 > ",에어컨이 안되네요.
"명동 차내리다 ? > 명동역으로 갈까요?
볼펜 찾다 중에 > ",볼펜을 찾고 있어
"길 곳곳 도움받다 > 길 찾는 것 좀 도와주세요.
자판기 고장 ? > ",자판기가 안되나요?
"중요 잊다 하지마 > 중요하니깐 잊지마
저기 내리다 맞다 > ",저기서 내려주세요.
"공항 가다 내리다 ? > 김포공항으로 갈까요?
지갑 사라지다 실종 ? > ",지갑을 분실하셨나요?
"집 계시다 누구 ? > 집에 누구 계셔?
돕다 필요 ? > ",찾는걸 도와줄까
"시계 실종 > 시계를 분실하였습니다.
기차 곳 내리다 맞다 ? > ",기차역에서 내려드릴까요?
"버스 곳 다음 차내리다 > 버스정류장 지나서 내려주세요.
도착 시간 딱 > ",제시간에 도착합니다.
"오천원 ? > 오천원인가요?
필요없다 > ",필요없습니다.
"한국농아인협회 ? > 한국농아인협회에서 내려드릴까요?
끝 먹다 가다 > ",끝나고 밥 먹으러 가자
"시간 지키다 철저하다 중요 > 시간을 지키는 것은 중요하다
여의도 길 방법 ? > ",여의도로 가려면 어떻게 가나요?
"카드 단말기터치 다시 해보다 > 카드를 다시 대세요.
너무 기쁘다 눈물 흘리다 > ",너무 기뻐서 눈물이 흘렀다
"안전벨트 꼿다 > 안전벨트를 매주세요.
여행 편안 반갑다 부탁 > ",즐거운 여행 되시길 바랍니다.
"신호등 전 내리다 > 신호등 못가서 내려주세요.
에어컨 불량 사용 안되다 ? > ",에어컨이 안되나요?
"언니 생일 잊다 > 언니의 생일을 잊었다
유리 올리다 > ",창문 좀 닫겠습니다.
"몸 아프다 회복 금방 > 회복이 빠르다
차 올리다 ? > ",창문을 닫아드릴까요?
"9호 > 9호선입니다.
택시 문자받다 맞다 ? > ",콜을 부르셨나요?
"육교 곳 다음 차내리다 > 육교 지나서 내려주세요.
버스 전 저기 곳 저기 > ",버스정류장 못가서 내려주세요.
"차 안 강아지 방치 두다 > 차 안에 강아지가 방치되어있어요.
버스 곳 다음 여기 > ",버스정류장 지나서 내려주세요.
"나사렛 차내리다 > 나사렛대학교로 가주세요.
남자 생각 궁금 물어보다 > ",그의 생각은 어떤지 물어보았다
"나 너 싫다 > 나는 네가 싫어
차 빌리다 곳 ? > ",렌트카를 빌리는 곳은 어디에 있습니까?
"카드 불량 사용 안되다 ? > 카드 인식이 안되나요?
카드 불량 안되다 > ",카드 인식이 안되네요.
"사거리 건너다 ? > 사거리 지날까요?
시청 내리다 오케이 ? > ",시청에서 내려드릴까요?
"어린이집 보다 차내리다 ? > 어린이집이 보이면 내려드릴까요?
버스 어디 곳 ? > ",시내버스 승강장은 어디에 있습니까?
"여기 맞다 > 여기서 내려주세요.
힘들다 그렇지만 참다 필요 > ",힘들어도 참아야 한다
"핸드폰 찾다 실종 > 휴대폰을 잃어버렸습니다.
청음회관 차내리다 오케이 ? > ",청음회관에서 내려드릴까요?
"좌회전 맞다 > 좌회전이 맞습니다.
단말기터치 안되다 죽다 ? > ",카드 인식이 안되나요?
"나사렛 내리다 ? > 나사렛대학교에서 내려드릴까요?
괜찮다 > ",괜찮아요.
"불가능 > 불가능
우회전 확인 맞다 > ",우회전이 맞습니다.
"기억 > 기억
남자 만나다 싫다 > ",그 남자를 만나기 싫어
"버스 전 곳 저기 내리다 > 버스정류장 못가서 내려주세요.
에어컨 켜다 ? > ",에어컨 좀 켜드릴까요?
"택시 기본 만원 > 기본 요금은 만원입니다.
항공 잠 곳 ? > ",공항 내 수면실이 어디에 있나요?
"성격 다르다 이혼 > 성격이 달라서 이혼했다
고속터미널 가다 차내리다 > ",고속버스터미널로 가주세요.
"샛길 문 가다 > 골목으로 들어가주세요.
아파트 저기 ? > ",아파트 단지 안으로 들어갈까요?
"에어컨 고장 사용 안되다 ? > 에어컨이 안되나요?
돈받다 > ",요금을 지불하셔야 합니다.
"은행 저기 곳 다음 도착 내리다 > 은행 지나서 내려주세요.
우회전 맞다 > ",우회전이 맞습니다.
"좌회전 확인 맞다 ? > 좌회전 맞으시죠?
카드 다르다 또 없다 ? > ",다른 카드 없으세요?
"타다 > 타세요.
에어컨 사용 불가능 안되다 ? > ",에어컨이 안되나요?
"시간 부족 > 시간이 부족해
에어컨 켜다 > ",에어컨 좀 켜주세요.
"버스 곳 다음 차내리다 > 버스정류장 지나서 내려주세요.
우연 알다 오빠 만나다 > ",아는 오빠를 우연히 만났어
"샛길 저기 ? > 골목으로 들어갈까요?
종로 목적 가다 방법 ? > ",종로로 가려면 어떻게 가나요?
"맞다 > 맞습니다.
스타벅스 전 곳 내리다 > ",스타벅스 못가서 내려주세요.
"명동 내리다 ? > 명동역으로 갈까요?
저기 샛길 가다 > ",골목으로 들어가주세요.
"내리다 ? > 창문을 열어드릴까요?
개 뼈 뼈다귀 삼키다 > ",강아지가 뼈를 삼켰어요.
"일 너무 느리다 > 일 속도가 너무 느려
종로 곳 가다 무엇 ? > ",종로로 가려면 어떻게 가나요?
"소리 커 > 소리가 너무 커
심심하다 > ",심심하다
"택시 곳 ? > 택시 승강장은 어디에 있습니까?
지하철 시간 딱 ? > ",열차 배차 시간이 일정한가요?
"은행 길 ? > 은행은 어디에 있나요?
지하철 단말기터치 안되다 ? > ",교통카드가 안 찍히나요?
"열쇠 실종 > 열쇠를 잃어버렸습니다.
담배 어디 ? > ",흡연실은 어디에 있습니까?
"명동 내리다 > 명동역으로 가주세요.
여자 나 친하다 친구 > ",그녀는 나와 아주 친한 친구야
"응급실 가다 > 응급실로 가주세요.
안전벨트 꼿다 > ",안전벨트를 매주세요.
"육교 곳 다음 > 육교 지나서 내려주세요.
남자 생각 마지막 대답 > ",그는 오랜 생각끝에 대답했다
"항공 표 받다 어디 곳 ? > 발권 카운터는 어디에 있나요?
나 너 포기 불가능 > ",난 너를 포기할 수 없어
"돈 ? > 현금이세요?
뒤 차따라가다 > ",앞 차 따라가 주세요.
"카드 없다 실종 ? > 카드를 분실하셨나요?
바다 가깝다 곳 해파리 오다 > ",해안가에 해파리가 나타났어요.
"3 목적 길 방법 ? > 3번 출구로 나가려면 어떻게 가나요?
버스 전 곳 보다 내리다 > ",버스정류장 못가서 내려주세요.
"기억 없다 낯설다 > 얼굴을 잊어서 누군지 몰랐다
힘들다 ? > ",힘드세요?
"물 컵 곳 ? > 정수기는 어디에 있습니까?
지름길 도착 가다 > ",지름길로 가주세요.
"물품보관 사용 안되다 ? > 물품보관함이 안되나요?
택시 돈 되다 ? > ",현금도 되나요?
"기차 곳 차내리다 맞다 ? > 기차역에서 내려드릴까요?
반지 없다 잃어버리다 > ",반지를 분실하였습니다.
"돈 얼마 ? > 얼마인가요?
좋다 일 있다 아마 > ",좋은 일이 있을거야
"아이 실종 ? > 아이를 잃어버리셨나요?
기차 곳 맞다 > ",기차역에서 내려주세요.
"112 신고 부탁 > 112에 신고해주세요.
옷 더럽다 심하다 빨래 > ",옷이 너무 더러워서 빨았어
"버스 곳 내리다 맞다 > 버스정류장에서 내려주세요.
반 안 일등 하다 > ",반에서 일등을 하다
"단말기터치 사용 잘 안되다 > 카드 인식이 안되네요.
버스 곳 내리다 맞다 ? > ",버스정류장에서 내려드릴까요?
"천안아산역 내리다 > 천안아산역으로 가주세요.
안되다 ? > ",안되나요?
"차 유리 내리다 > 창문 좀 열겠습니다.
단말기터치 고장 ? > ",카드 인식이 안되나요?
"터널 다음 여기 > 터널 지나서 내려주세요.
역무원 부르다 나 > ",제가 역무원을 불렀습니다.
"약 무엇 곳 ? > 약국은 어디에 있나요?
지하철 곳 1 무엇 ? > ",1번 승강장인가요?
"커피 곳 ? > 커피숍은 어디에 있습니까?
자판기 고장 > ",자판기가 안되네요.
"건너다 차내리다 > 건너편에서 내려주세요.
누가 벼락 엄지손가락 > ",어떤 사람이 벼락을 맞았어요.
"유리 내리다 > 창문 좀 열겠습니다.
담배 곳 어디 ? > ",흡연실은 어디에 있습니까?
"어린이교통카드 되다 ? > 아이 교통 카드도 되나요?
바다 가깝다 곳 상어 오다 > ",해안가에 상어가 나타났어요.
"난방 켜다 ? > 히터 좀 켜드릴까요?
지하철 안 없다 ? > ",지하철 안에 없나요?
"언덕 저기 곳 다음 내리다 ? > 언덕 지나서 내려드릴까요?
군청 곳 다음 여기 > ",동사무소 지나서 내려주세요.
"찾다 > 찾다
2호 ? > ",2호선인가요?
"나사렛 내리다 오케이 ? > 나사렛대학교에서 내려드릴까요?
지갑 찾다 실종 ? > ",지갑을 분실하셨나요?
"터널 다음 여기 ? > 터널 지나서 내려드릴까요?
맥도날드 보다 곳 다음 내리다 > ",맥도날드 지나서 내려주세요.
"돕다 부탁 > 도와주세요!
기차 곳 차내리다 맞다 > ",기차역에서 내려주세요.
"명동 내리다 ? > 명동역으로 갈까요?
회의실 곳 무엇 ? > ",회의실은 어디에 있나요?
"서울농아인협회 차내리다 > 서울농아인협회로 가주세요.
차밀리다 기다리다 ? > ",차가 막히나요?
"엄지손가락 자르다 > 신체부위가 절단됐어요.
계단 곳곳 ? > ",계단은 어디에 있나요?
"이마트 곳 저기 다음 차내리다 > 이마트 지나서 내려주세요.
엘리베이터 사용 안되다 불가능 > ",엘리베이터가 안되네요.
"아파트 안 곳 ? > 아파트 단지 안으로 들어갈까요?
어지럽다 쓰러지다 > ",어지러워 쓰러졌습니다.
"3 찾다 길 방법 ? > 3번 출구로 나가려면 어떻게 가나요?
아기 숨 힘들다 > ",아기가 숨을 안 쉬어요.
"사진기 잃어버리다 > 카메라를 분실하였습니다.
나 자유 느끼다 원하다 > ",자유를 느끼고 싶다
"열쇠 실종 잃어버리다 ? > 열쇠를 잃어버리셨나요?
회의실 무엇 ? > ",회의실은 어디에 있나요?
"샛길 저기 다음 곳 ? > 골목길 지나서 내려드릴까요?
배우다 했었다 겸손 > ",배운 사람이 더 겸손하다
"경찰 저기 곳 다음 내리다 > 경찰서 지나서 내려주세요.
도착 알려주다 가능 > ",도착하면 알려드리겠습니다.
"영수증 필요 ? > 영수증 필요하세요?
의자 곳곳 ? > ",의자는 어디에 있나요?
"급하다 > 제가 좀 급합니다.
4사람 ? > ",모두 4명인가요?
"빵 집 어디 ? > 빵집이 어디에 있습니까
편지 어디 ? > ",우체국은 어디에 있습니까?
"한국 먹다 어디 ? > 한정식집이 어디에 있습니까?
아파트 안 도착 > ",아파트 단지 안으로 가주세요.
"때문 > 때문에
나사렛 가다 내리다 ? > ",나사렛대학교로 갈까요?
"시청 내리다 > 시청으로 가주세요.
저기 차내리다 맞다 > ",저기서 내려주세요.
"일 끝 집 가다 > 일을 끝내고 집에 갔어
스타벅스 전 곳 내리다 > ",스타벅스 못가서 내려주세요.
"물품보관 문안열리다 잘 안되다 > 물품보관함이 안되네요.
내리다 곳 알려주다 ? > ",내릴 역을 알려드릴까요?
"설명 다시 ? > 다시 설명해드릴까요?
핸드폰 번호 필요 ? > ",휴대폰 번호를 알려드릴까요?
"아파트 저기 가다 ? > 아파트 단지 안으로 들어갈까요?
버스 곳 내리다 맞다 > ",버스정류장에서 내려주세요.
"아기 장난감 먹다 삼키다 > 아기가 장난감을 삼켰어요.
서울농아인협회 목적 > ",서울농아인협회로 가주세요.
"여의도 무엇 ? > 여의도로 가려면 어떻게 가나요?
에어컨 켜다 > ",에어컨 좀 켜주세요.
"군청 곳 다음 여기 ? > 주민센터 지나서 내려드릴까요?
여의도 길 방법 ? > ",여의도로 가려면 어떻게 가나요?
"대로 다음 내리다 ? > 큰 길 지나서 내려드릴까요?
119 곳 다음 차내리다 > ",소방서 지나서 내려주세요.
"지하철 곳 12 > 12번 승강장입니다.
시청 차내리다 오케이 ? > ",시청에서 내려드릴까요?
"사거리 다음 ? > 사거리 지나서 내려드릴까요?
병원 저기 다음 도착 내리다 ? > ",병원 지나서 내려드릴까요?
"연착 확인증 필요 > 연착 지연 증명서 발급해주세요.
화장실 무엇 곳 ? > ",화장실이 어디에 있나요?
"종로 곳 가다 방법 무엇 ? > 종로로 가려면 어떻게 가나요?
명동 목적 > ",명동역으로 가주세요.
"지갑 실종 ? > 지갑을 분실하셨나요?
서울농아인협회 내리다 > ",서울농아인협회로 가주세요.
"배 침몰 > 배가 침몰하고 있어요.
백화점 다음 곳 저기 차내리다 > ",백화점 지나서 내려주세요.
"불가능 변하다 가능 > 불가능한 일은 없다
어린이교통카드 > ",아이 교통 카드입니다.
"부탁 > 부탁
보건소 곳 다음 ? > ",보건소 지나서 내려드릴까요?
"나사렛 도착 가다 ? > 나사렛대학교로 갈까요?
지름길 가다 내리다 > ",지름길로 가주세요.
"시간 지연되다 5분 > 5분 지연되었습니다.
빵 집 곳 어디 ? > ",빵집이 어디에 있습니까
"신호등 다음 도착 내리다 > 신호등 지나서 내려주세요.
여의도 방법 무엇 ? > ",여의도로 가려면 어떻게 가나요?
"육교 곳 다음 내리다 ? > 육교 지나서 내려드릴까요?
나사렛 가다 > ",나사렛대학교로 가주세요.
"세금 되돌리다 돈받다 어디 ? > 세금환급을 어디서 받나요?
남자 헤어지다 힘들다 > ",그와 헤어져서 가슴이 아프다
"편지 저기 곳 다음 내리다 ? > 우체국 지나서 내려드릴까요?
바람 -때 기분 좋다 > ",바람이 불면 기분이 좋다
"경찰 저기 곳 다음 ? > 경찰서 지나서 내려드릴까요?
여의도 찾다 무엇 ? > ",여의도로 가려면 어떻게 가나요?
"차 유리 올리다 > 창문 좀 닫겠습니다.
어제 몸 아프다 오늘 괜찮다 > ",어제 아팠는데 지금은 괜찮아
"카드 다르다 교환하다 > 다른 카드를 주세요.
청음회관 내리다 ? > ",청음회관에서 내려드릴까요?
"청음회관 차내리다 > 청음회관으로 가주세요.
카드 잃어버리다 ? > ",카드를 분실하셨나요?
"아기 젖병 곳 ? > 유아 수유실은 어디에 있습니까?
손바닥찍다 내리다 > ",이 주소로 가주세요.
"중국 먹다 어디 곳 ? > 중식집이 어디에 있습니까?
지하철 곳 다음 여기 > ",지하철역 지나서 내려주세요.
"시계 실종 잃어버리다 > 시계를 분실하였습니다.
자판기 불량 죽다 > ",자판기가 안되네요.
"지름길 내리다 > 골목 들어가서 세워주세요.
편지 저기 곳 다음 내리다 > ",우체국 지나서 내려주세요.
"9호 ? > 9호선인가요?
보다 부족 답답하다 > ",내 자신이 부족해서 한심했다
"열쇠 실종 잃어버리다 > 열쇠를 잃어버렸습니다.
돈 > ",현금입니다.
"집 가다 엄마 계시다 아니다 > 집에 와보니 엄마가 안 계셨다
버스 전 곳 저기 차내리다 > ",버스정류장 못가서 내려주세요.
"아이 잃어버리다 실종 ? > 아이를 잃어버리셨나요?
돈 ? > ",현금이세요?
"에어컨 사용 안되다 고장 > 에어컨이 안되네요.
영수증 주세요 > ",영수증을 주세요.
"병원 저기 다음 도착 내리다 > 병원 지나서 내려주세요.
도착 시간 딱 ? > ",제시간에 도착하나요?
"사거리 다음 도착 차내리다 > 사거리 지나서 내려주세요.
사진기 잃어버리다 실종 > ",카메라를 분실하였습니다.
"아프다 > 너무 아파요.
지름길 차내리다 가다 ? > ",지름길로 갈까요?
"학교 가다 > 학교로 들어가주세요.
공항 방문 감사 > ",김포공항을 이용해 주셔서 감사합니다.
"카드 교환하다 > 다른 카드를 주세요.
차 엉덩이 트렁크열다 ? > ",트렁크 좀 열어드릴까요?
"핸드폰 없다 잃어버리다 > 휴대폰을 잃어버렸습니다.
가방 잃어버리다 실종 > ",가방을 잃어버렸습니다.
"그릇 깨끗하다 씻다 끝 > 그릇을 깨끗하게 씻었어
보건소 곳 다음 차내리다 > ",보건소 지나서 내려주세요.
"감사 잘 먹다 > 어머나 고마워요 잘 먹겠습니다
자판기 곳 무엇 ? > ",자판기는 어디에 있나요?
"택시 카톡보내다 ? > 콜을 부를까요?
지하철 곳 옷가게 있다 > ",역사 안에 옷가게가 있습니다.
"항공 표 곳 어디 ? > 항공사 카운터는 어디에 있습니까?
지금 차내리다 맞다 ? > ",지금 내려드릴까요?
"택시 전 저기 곳 내리다 > 택시정류장 못가서 내려주세요.
신호등 다음 차내리다 > ",신호등 지나서 내려주세요.
"불 상처 > 화상을 입었어요.
방 -안에 사람 없다 > ",방안에는 아무도 없다
"사진기 사라지다 실종 > 카메라를 분실하였습니다.
고민 있다 말하다 해보다 > ",무슨 고민 있어 말해봐
"여의도 무엇 방법 ? > 여의도로 가려면 어떻게 가나요?
보청기 잃어버리다 > ",보청기를 잃어버렸습니다.
"택시 기본 돈 얼마 ? > 기본 요금은 얼마인가요?
오늘 너 배달 맡다 > ",오늘은 네가 배달을 맡아
"설명 어렵다 > 설명이 어렵습니다.
지갑 없다 실종 ? > ",지갑을 분실하셨나요?
"샛길 저기 다음 도착 차내리다 > 골목 지나서 내려주세요.
119 곳 다음 내리다 ? > ",소방서 지나서 내려드릴까요?
"경찰 다음 여기 ? > 경찰서 지나서 내려드릴까요?
나 뱀 무섭다 > ",나는 뱀이 무섭다
"카드 고장 사용 안되다 ? > 카드 인식이 안되나요?
건너다 차내리다 오케이 ? > ",건너편에서 내려드릴까요?
"놀다 원하다 많다 놀다 > 놀고 싶을때 실컷 놀아라
병원 저기 다음 곳 ? > ",병원 지나서 내려드릴까요?
"도착 1시 > 1시에 도착합니다.
버스 곳 다음 내리다 > ",버스정류장 지나서 내려주세요.
"설명 어렵다 ? > 설명이 어려우신가요?
물품보관 문안열리다 고장 > ",물품보관함이 안되네요.
"한국 안 이륙 곳 ? > 국내선 출국장이 어디에 있습니까?
자판기 잘 안되다 죽다 > ",자판기가 안되네요.
"핸드폰 번호 > 휴대폰 번호입니다.
종로 곳 가다 곳 방법 ? > ",종로로 가려면 어떻게 가나요?
"표 > 승차권입니다.
우회전 차내리다 ? > ",우회전해서 내려드릴까요?
"항공 쉬다 서비스 곳 ? > 항공사 라운지는 어디에 있습니까?
뒤 트렁크닫다 > ",트렁크 좀 닫아주세요.
"열쇠 없다 실종 > 열쇠를 잃어버렸습니다.
언덕 저기 곳 다음 차내리다 > ",언덕 지나서 내려주세요.
"몸 힘들다 마음 편하다 > 몸은 힘들지만 마음을 편하다
내리다 갈아타다 가능 > ",여기서 갈아탈 수 있습니다.
"이마트 곳 저기 다음 차내리다 > 이마트 지나서 내려주세요.
한국 항공 표 곳 ? > ",대한항공 카운터는 어디에 있습니까?
"은행 어디 ? > 은행은 어디에 있습니까?
단말기터치 사용 불가능 안되다 > ",카드 인식이 안되네요.
"사람 혼자 살다 불가능 > 사람은 혼자서 살 수 없다
이마트 다음 곳 차내리다 > ",이마트 지나서 내려주세요.
"일본 먹다 곳 어디 ? > 일식집이 어디에 있습니까?
따뜻하다 끄다 > ",에어컨을 꺼주세요.
"아기 젖병 어디 곳 ? > 유아 수유실은 어디에 있습니까?
카드 사라지다 실종 ? > ",카드를 분실하셨나요?
"한국농아인협회 차내리다 ? > 한국농아인협회에서 내려드릴까요?
스타벅스 전 곳 차내리다 > ",스타벅스 못가서 내려주세요.
"공기청정기 사용 안되다 죽다 > 공기청정기가 안되네요.
열쇠 잃어버리다 실종 > ",열쇠를 잃어버렸습니다.
"카드 사용 안되다 고장 > 카드 인식이 안되네요.
서대문농아인복지관 가다 > ",서대문농아인복지관으로 가주세요.
"유실물 ? > 유실물 센터는 어디에 있습니까?
너 믿다 > ",널 믿을게
"나사렛 전 도착 차내리다 > 나사렛대학교 못가서 내려주세요.
물 컵 어디 ? > ",정수기는 어디에 있습니까?
"카드 사라지다 실종 > 카드를 잃어버렸습니다.
빨리 오다 부탁 > ",빨리 와주세요.
"보건소 곳 다음 내리다 > 보건소 지나서 내려주세요.
지금 차내리다 맞다 ? > ",지금 내려드릴까요?
"너무 따뜻하다 자다 같다 > 너무 따뜻해서 자고 싶다
서울농아인협회 차내리다 ? > ",서울농아인협회에서 내려드릴까요?
"샛길 도착 > 골목으로 들어가주세요.
여의도 곳 방법 ? > ",여의도로 가려면 어떻게 가나요?
"빨리 끝 좋다 > 빨리 끝났으면 좋겠다
택시 곳 가깝다 > ",근처에 택시 승강장이 있습니다.
"학교 저기 곳 ? > 학교 안으로 들어갈까요?
불행 일 만나다 > ",불행한 일을 당하다
"수화 더 배우다 원하다 > 수화를 더 배우고 싶다
청음회관 가다 > ",청음회관으로 가주세요.
"청음회관 내리다 ? > 청음회관에서 내려드릴까요?
나쁘다 버릇 치료하다 > ",나쁜 버릇을 고치다
"여기 있다 > 여기에 계세요.
수영 장소 물 깨끗하다 아니다 > ",수영장 물이 깨끗하지 않아
"군청 곳 다음 차내리다 ? > 주민센터 지나서 내려드릴까요?
귀엽다 > ",고거 참 깜찍하고 귀엽네
"단말기터치 다시 > 카드를 다시 대세요.
지하철 곳 ? > ",지하철 승강장은 어디에 있습니까?
"은행 길 곳 ? > 은행은 어디에 있나요?
샛길 다음 내리다 > ",골목 지나서 내려주세요.
"집 낯선 넘어오다 > 집에 모르는 사람이 침입했어요.
보건소 곳 다음 내리다 ? > ",보건소 지나서 내려드릴까요?
"119 곳 다음 내리다 > 소방서 지나서 내려주세요.
단말기터치 안되다 ? > ",카드 인식이 안되나요?
"이마트 곳 저기 다음 내리다 > 이마트 지나서 내려주세요.
단말기터치 불량 죽다 ? > ",카드 인식이 안되나요?
"휠체어 빌리다 어디 ? > 휠체어 대여소가 어디에 있습니까?
우회전 확인 맞다 ? > ",우회전 맞으시죠?
"신호등 전 내리다 > 신호등 못가서 내려주세요.
신호등 전 차내리다 > ",신호등 못가서 내려주세요.
"나 자유 돌아다니다 원하다 > 자유롭게 돌아다니고 싶다
오늘 일 나 맡다 > ",이번 임무는 내가 직접 맡는다
"응급실 차내리다 > 응급실로 가주세요.
건너다 내리다 오케이 > ",건너편에서 내려주세요.
"폭발 > 폭탄이 터졌어요.
항공 목욕 어디 곳 ? > ",공항 내 샤워실은 어디에 있나요?
"터널 다음 도착 차내리다 > 터널 지나서 내려주세요.
신호등 전 도착 차내리다 > ",신호등 못가서 내려주세요.
"핸드폰 잃어버리다 찾다 > 잃어버린 휴대폰을 찾습니다.
지갑 잃어버리다 ? > ",지갑을 분실하셨나요?
"도착 40분 ? > 40분 뒤에 도착하나요?
표 직접 누르다 어디 ? > ",셀프체크인은 어디서 가능한가요?
"키우다 > 키우다
나사렛 내리다 ? > ",나사렛대학교에서 내려드릴까요?
"언덕 다음 여기 ? > 언덕 지나서 내려드릴까요?
한국 먹다 곳 어디 ? > ",한정식집이 어디에 있습니까?
"위로 > 위로
친구 심심하다 시간 나 부르다 > ",친구는 심심하면 나를 부른다
"여의도 길 가다 방법 ? > 여의도로 가려면 어떻게 가나요?
도착 곳 명동 지하철 ? > ",목적지가 명동역인가요?
"날 춥다 따뜻하다 입다 가다 > 날이 추우니 따뜻하게 입고 가
따뜻하다 그만 ? > ",히터를 꺼드릴까요?
"공부 싫다 > 공부하기 싫다
따뜻하다 켜다 > ",히터 좀 켜주세요.
"영화 보다 슬프다 > 영화를 봤더니 슬펐다
에어컨 > ",에어컨 좀 켜주세요.
"물건 검사 두다 곳 ? > 코인로커가 어디에 있습니까?
스타벅스 곳 저기 전 차내리다 > ",스타벅스 못가서 내려주세요.
"제주 홍보 어디 ? > 제주 홍보관은 어디입니까?
가스 고장 흐르다 > ",가스가 새고 있는 것 같아요.
"거짓말 싫다 > 거짓말이 싫어요
차 올리다 > ",창문 좀 닫겠습니다.
"사거리 다음 차내리다 ? > 사거리 지나서 내려드릴까요?
밤 12시 후 돈 추가 ? > ",심야 할증 요금이 적용되나요?
"저기 > 저것입니다.
지하철 곳 12 무엇 ? > ",12번 승강장인가요?
"수레 빌리다 곳 ? > 휠체어 대여소가 어디에 있습니까?
문제 나다 나 말해 약속 > ",문제가 생기면 나한테 말해
"버스 곳 어디 ? > 시내버스 승강장은 어디에 있습니까?
학생 맡다 무엇 공부 > ",학생은 공부를 해야한다
"단말기터치 다시 > 카드를 다시 대세요.
119 곳 다음 내리다 > ",소방서 지나서 내려주세요.
"지금 차내리다 맞다 ? > 지금 내려드릴까요?
담배 몸 나쁘다 > ",담배는 건강에 나쁘다
"지금 내리다 ? > 여기서 내리시겠습니까?
백화점 곳 다음 보다 차내리다 > ",백화점 지나서 내려주세요.
"우회전 확인 맞다 ? > 우회전 해드릴까요?
공기청정기 잘 안되다 고장 > ",공기청정기가 안되네요.
"서울농아인협회 ? > 서울농아인협회에서 내려드릴까요?
거짓말 나쁘다 > ",거짓말은 나쁘다
"영수증 주세요 > 영수증을 주세요.
아프다 원인 병원 입원 > ",아파서 병원에 입원했다
"아이 사라지다 실종 ? > 아이를 잃어버리셨나요?
신호등 다음 내리다 > ",신호등 지나서 내려주세요.
"돈 바꾸다 어디 곳 ? > 환전은 어디서 하나요?
여행 정보 묻다 곳 어디 ? > ",관광안내소는 어디에 있습니까?
"나이 병원 예약 부탁 > 세브란스 병원 진료 예약을 해주세요.
계시다 > ",계시다
"약 곳 어디 ? > 약국은 어디에 있습니까?
약속 늦다 > ",제가 약속시간에 늦었습니다.
"물품보관 고장 죽다 ? > 물품보관함이 안되나요?
나사렛 차내리다 > ",나사렛대학교로 가주세요.
"119 곳 다음 여기 ? > 소방서 지나서 내려드릴까요?
3 곳 길 무엇 ? > ",3번 출구로 나가려면 어떻게 가나요?
"종로 곳 가다 무엇 방법 ? > 종로로 가려면 어떻게 가나요?
육교 곳 다음 도착 차내리다 ? > ",육교 지나서 내려드릴까요?
"서울역 ? > 서울역에 어떻게 갈 수 있나요?
사람 물건 무겁다 깔리다 > ",사람이 무거운 물건에 깔렸어요.
"로밍 ? > 로밍센터는 어디에 있습니까?
요즘 남자 얼굴 좋다 > ",요즘 남자 얼굴이 좋아보인다
"왼쪽 > 왼쪽입니다.
편지 저기 곳 다음 차내리다 > ",우체국 지나서 내려주세요.
"아파트 저기 > 아파트 단지 안으로 가주세요.
난방 켜다 > ",히터 좀 켜주세요.
"부탁상대방 괜찮다 ? > 부탁해도 될까?
좌회전 확인 맞다 ? > ",좌회전 맞으시죠?
"병원 다음 차내리다 ? > 병원 지나서 내려드릴까요?
또 헤어지다 하지마 > ",다신 헤어지지 말자
"터널 다음 차내리다 ? > 터널 지나서 내려드릴까요?
포기 > ",포기
"맥도날드 보다 다음 곳 내리다 > 맥도날드 지나서 내려주세요.
공항 차내리다 가다 ? > ",김포공항으로 갈까요?
"택시 전 저기 차내리다 > 택시정류장 못가서 내려주세요.
학교 안 도착 > ",학교 안으로 들어가주세요.
"카드 단말기터치 다시 > 카드를 다시 대세요.
운전 천천히 > ",천천히 가주세요.
"쌍둥이 성격 다르다 > 쌍둥이도 성격이 다르다
편지 저기 곳 다음 도착 내리다 > ",우체국 지나서 내려주세요.
"안전벨트 > 안전벨트를 매주세요.
거북 느리다 > ",거북이는 느리다
"군청 곳 다음 차내리다 ? > 주민센터 지나서 내려드릴까요?
은행 다음 여기 > ",은행 지나서 내려주세요.
"119 곳 다음 내리다 ? > 소방서 지나서 내려드릴까요?
언덕 저기 곳 다음 ? > ",언덕 지나서 내려드릴까요?
"돈 부족 > 돈이 부족해
건강 위하다 운동 필요 > ",건강을 위해 운동해야 한다
"한국농아인협회 내리다 ? > 한국농아인협회에서 내려드릴까요?
항공 표 받다 곳 어디 ? > ",발권 카운터는 어디에 있나요?
"물어보다 > 물어보다
항공 표 곳 ? > ",항공사 카운터는 어디에 있습니까?
"지름길 목적 가다 ? > 지름길로 갈까요?
엘리베이터 무엇 ? > ",엘리베이터는 어디에 있나요?
"우산 찾다 실종 ? > 우산을 잃어버리셨나요?
나사렛 차내리다 ? > ",나사렛대학교에서 내려드릴까요?
"천안아산역 가다 > 천안아산역으로 가주세요.
느리다 생각 ? > ",왜 늦었어?
"없다 ? > 없으세요?
언덕 저기 곳 다음 도착 내리다 > ",언덕 지나서 내려주세요.
"시청 ? > 시청에서 내려드릴까요?
기념 물건 어디 ? > ",기념품점이 어디에 있습니까?
"몸 아프다 병원 가다 오다 > 아파서 병원에 다녀왔어
뒤 트렁크열다 > ",트렁크 좀 열어주세요.
"돈 잃어버리다 찾다 중에 > 돈을 잃어버려서 찾고 있어
너무 귀찮다 > ",너무 귀찮다
"건너다 내리다 ? > 건너편에서 내려드릴까요?
모르다 > ",모르겠습니다.
"빠르다 > 빠르다
난방 끄다 > ",에어컨을 꺼주세요.
"사거리 다음 여기 ? > 사거리 지나서 내려드릴까요?
카드 1회 되다 ? > ",1회용 카드도 되나요?
"잊다 > 잊다
아파트 가다 > ",아파트 단지 안으로 가주세요.
"택시 돈 되다 > 현금도 됩니다.
지하철 어디 곳 ? > ",지하철 승강장은 어디에 있습니까?
"보건소 곳 다음 > 보건소 지나서 내려주세요.
지하철 곳 8호 > ",8호선 타는 곳입니다.
"종로 곳 가다 방법 ? > 종로로 가려면 어떻게 가나요?
택시 전 저기 내리다 > ",택시정류장 못가서 내려주세요.
"신호등 다음 내리다 ? > 신호등 지나서 내려드릴까요?
사진기 없다 실종 > ",카메라를 분실하였습니다.
"약속 지키다 중요 > 약속을 지키는 것은 중요하다
잘 되다 부탁 > ",잘 되길 바래
"지하철 반대 건너다 가다 > 반대편 승차장으로 가려고 합니다.
일본 먹다 어디 곳 ? > ",일식집이 어디에 있습니까?
"핸드폰 없다 실종 > 휴대폰을 잃어버렸습니다.
맞다 > ",네. 맞습니다.
"우회전 맞다 ? > 우회전 해드릴까요?
좋다 > ",좋다
"왼쪽 ? > 왼쪽이요?
빵 집 곳 ? > ",빵집이 어디에 있습니까
"나사렛 전 곳 > 나사렛대학교 못가서 내려주세요.
응급실 차내리다 > ",응급실로 가주세요.
"카드 또 다르다 없다 ? > 다른 카드 없으세요?
명동 가다 ? > ",명동역으로 갈까요?
"지하철 곳 다음 도착 차내리다 > 지하철역 지나서 내려주세요.
시청 내리다 오케이 > ",시청으로 가주세요.
"선생님 집 장소 데려가다 > 선생님이 집에 데려다 주셨다
버스 ? > ",버스 승강장은 어디에 있나요?
"발생하다 > 사고가 났습니다.
대로 다음 도착 차내리다 > ",큰 길 지나서 내려주세요.
"접근 도착 가능 > 다와갑니다.
사거리 전 차내리다 > ",사거리 못가서 내려주세요.
"틀리다 > 틀립니다.
움직이다 > ",움직이다
"터널 다음 내리다 ? > 터널 지나서 내려드릴까요?
집 전기 그치다 > ",집에 전기가 나갔어요.
"우회전 확인 맞다 ? > 우회전 맞으시죠?
한국농아인협회 내리다 ? > ",한국농아인협회에서 내려드릴까요?
"당신 ? > 그쪽이세요?
버스 어디 ? > ",시내버스 승강장은 어디에 있습니까?
"슬프다 > 슬프다
택시 전 저기 차내리다 > ",택시정류장 못가서 내려주세요.
"하늘 보다 마음 편하다 > 하늘을 보면 마음이 편하다
기차 곳 차내리다 맞다 ? > ",기차역에서 내려드릴까요?
"우회전 확인 맞다 ? > 우회전 맞으시죠?
버스 곳 맞다 > ",버스정류장에서 내려주세요.
"아기 독 약 삼키다 > 아이가 독극물을 삼켰어요.
친구 전기 몸 자극 > ",친구가 감전 사고를 당했어요.
"버스 곳 다음 차내리다 ? > 버스정류장 지나서 내려드릴까요?
너무 배고프다 > ",너무 배고파
"부족 > 부족
안경 찾다 실종 > ",안경을 잃어버렸습니다.
"뒤 엉덩이 들어올리다 > 트렁크 좀 열어주세요.
지갑 실종 > ",지갑을 잃어버렸습니다.
"책 곳 ? > 서점은 어디에 있습니까?
샛길 다음 여기 > ",골목 지나서 내려주세요.
"지금 내리다 맞다 ? > 지금 내려드릴까요?
저기 움직이다 하지마 위험 > ","위험해, 움직이지마"
"하나 다음 내리다 ? > 다음 역에서 내리시나요?
아이 실종 잃어버리다 > ",아이를 잃어버렸습니다.
"여기 1호 되다 > 여기서 1호선을 탈 수 있습니다.
나사렛 전 차내리다 > ",나사렛대학교 못가서 내려주세요.
"대로 다음 도착 차내리다 > 큰 길 지나서 내려주세요.
신호등 다음 차내리다 > ",신호등 지나서 내려주세요.
"육교 곳 다음 도착 차내리다 ? > 육교 지나서 내려드릴까요?
지하철 곳 다음 차내리다 > ",지하철역 지나서 내려주세요.
"물품보관 고장 ? > 물품보관함이 안되나요?
병원 저기 다음 도착 내리다 ? > ",병원 지나서 내려드릴까요?
"다르다 카드 > 다른 카드를 주세요.
병원 다음 차내리다 ? > ",병원 지나서 내려드릴까요?
"전지 몸 자극 > 감전 사고가 났어요.
돈 얼마 물어보다 해보다 > ",얼마인지 한번 물어봐
"종로 찾다 가다 방법 ? > 종로로 가려면 어떻게 가나요?
신호등 다음 여기 ? > ",신호등 지나서 내려드릴까요?
"은행 저기 곳 다음 차내리다 ? > 은행 지나서 내려드릴까요?
화장실 어디 ? > ",화장실은 어디에 있습니까?
"지름길 가다 차내리다 > 지름길로 가주세요.
버스 곳 내리다 맞다 > ",버스정류장에서 내려주세요.
"손바닥찍다 곳 가다 ? > 이 주소로 갈까요?
기다리다 > ",기다리다
"이마트 다음 곳 내리다 > 이마트 지나서 내려주세요.
우회전 확인 맞다 ? > ",우회전 해드릴까요?
"대로 다음 차내리다 ? > 큰 길 지나서 내려드릴까요?
갈아타다 곳 맞다 > ",갈아타는 곳이 맞습니다.
"화장실 곳 ? > 화장실은 어디에 있습니까?
가방 찾다 실종 ? > ",가방을 분실하셨나요?
"사람 각각 성격 다르다 > 사람들은 각각 성격이 다르다
기념 물건 곳 ? > ",기념품점이 어디에 있습니까?
"비행기 취소 가능 ? > 비행기를 취소 할 수 있을까요?
2016 새롭다 날 시작 > ","2016년, 새해가 시작된다"
"살다 너무 힘들다 > 삶이 너무 버겁다
몸 손묶다 갇히다 > ",몸이 결박 당해있어요.
"기차 곳 내리다 맞다 > 기차역에서 내려주세요.
터널 다음 차내리다 ? > ",터널 지나서 내려드릴까요?
"항공 목욕 어디 ? > 공항 내 샤워실은 어디에 있나요?
군청 곳 다음 곳 > ",동사무소 지나서 내려주세요.
"계단 곳 ? > 계단은 어디에 있나요?
너 느리다 때문에 짜증나다 > ",너 너무 느려서 짜증나
"계획 보류 자연 미루다 > 계획이 보류되어 미루게 되었다
원래 > ",원래 그렇습니다.
"맥도날드 보다 곳 다음 내리다 > 맥도날드 지나서 내려주세요.
여기 신촌 지하철 ? > ",여기가 신촌역인가요?
"우산 없다 잃어버리다 > 우산을 잃어버렸습니다.
단말기터치 잘 안되다 ? > ",카드 인식이 안되나요?
"이마트 다음 곳 도착 차내리다 > 이마트 지나서 내려주세요.
발생하다 ? > ",사고가 났나요?
"불편하다 신고 곳 ? > 민원은 어디에 넣나요?
짐 있다 ? > ",짐이 있으세요?
"명동 차내리다 > 명동역으로 가주세요.
빨리 ? > ",빨리 가드릴까요?
"신호등 다음 내리다 > 신호등 지나서 내려주세요.
자판기 안되다 죽다 ? > ",자판기가 안되나요?
"도착 가능 몇분 ? > 몇 분 뒤에 도착할까요?
빨리 접근 되다 ? > ",다와가나요?
"계단 곳 무엇 ? > 계단은 어디에 있나요?
샛길 다음 내리다 > ",골목 지나서 내려주세요.
"1호 갈아타다 ? > 1호선으로 갈아타세요?
중국 먹다 어디 ? > ",중식집이 어디에 있습니까?
"나사렛 전 내리다 > 나사렛대학교 못가서 내려주세요.
경찰 부르다 ? > ",경찰을 불러드릴까요?
"여기 내리다 맞다 ? > 여기서 내리는 것이 맞나요?
물건 잃어버리다 > ",물건을 잃어버렸습니다.
"핸드폰 실종 > 휴대폰을 잃어버렸습니다.
유리 올리다 ? > ",창문을 닫아드릴까요?
"명동 내리다 > 명동역으로 가주세요.
유턴 맞다 > ",유턴 맞습니다.
"부탁 제발 > 제발 부탁해
다시 수어 부탁 > ",다시 한 번 수어를 해주시기 바랍니다.
"에어컨 끄다 > 에어컨 좀 꺼주세요.
환전 ? > ",환전은 어디서 하나요?
"알다 ? > 아시겠어요?
계산 잘못하다 ? > ",금액이 맞지않나요?
"공부 잘하다 > 공부를 잘하다
살다 어디 ? > ",어디서 살아?
"손 작다 > 손이 작다
은행 저기 곳 다음 내리다 > ",은행 지나서 내려주세요.
"또 궁금하다 있다 물어보다 > 더 궁금한게 있으면 물어보세요
학교 저기 > ",학교로 들어가주세요.
"건너다 내리다 > 건너편에서 내려주세요.
궁금하다 > ",궁금하다
"아니다 > 아니요.
집 버스 거리 1시간 > ",집까지 버스를 타면 1시간이다
"나 너 너무 좋다 > 난 네가 너무 좋아
부서 만들다 끝 > ",동아리를 만들었어
