augmentation_method,idx,gloss,spoken
SR,1,집 불,댁에 불이 났어요.
SR,2,집 불,주택에 불이 났어요.
SR,3,집 불,가옥에 불이 났어요.
SR,4,집 불,세대에 불이 났어요.
SR,5,도착 10분 전,10분 내로 당도합니다.
SR,6,도착 10분,10분 뒤에 당도합니다.
SR,7,도착 1시간 전,1시간 내로 당도합니다.
SR,8,도착 1시,1시에 당도합니다.
SR,9,1호 갈아타다 목적 곳곳,1호선 환승하는 위치는 어디인가요?
SR,10,1호 갈아타다 목적 곳곳,1호선 환승하는 장소는 어디인가요?
SR,11,1호 곳 무엇,1호선을 타는 위치는 어디인가요?
SR,12,1호 곳 무엇,1호선을 타는 장소은 어디인가요?
SR,13,2016 새롭다 날 시작,"2016년, 새해가 출발한다"
SR,14,도착 3시,3시에 당도합니다.
SR,15,8호 곳곳,8호선 타는 위치는 어디에 있나요?
SR,16,8호 곳곳,8호선 타는 장소는 어디에 있나요?
SR,17,9호 곳곳,9호선 타는 위치는 어디에 있나요?
SR,18,9호 곳곳,9호선 타는 장소는 어디에 있나요?
SR,19,9호 갈아타다 목적 곳곳,9호선 환승하는 위치는 어디인가요?
SR,20,9호 갈아타다 목적 곳곳,9호선 환승하는 장소는 어디인가요?
SR,21,정보  묻다  곳  가다  부탁,가까운 인솔 데스크를 이용해 주시기 바랍니다.
SR,22,제일  가깝다  곳  찾다  드리다,가장 가까운 위치로 검색해드리겠습니다.
SR,23,제일  가깝다  곳  찾다  드리다,가장 가까운 장소로 검색해드리겠습니다.
SR,24,제일  가깝다  곳  찾다  드리다,가장 가까운 처소로 검색해드리겠습니다.
SR,25,가다 빨리 방법,가장 빠른 길은 어디일까요?
SR,26,갈아타다 곳 맞다,갈아타는 위치가 맞습니다.
SR,27,갈아타다 곳 맞다,갈아타는 장소가 맞습니다.
SR,28,개 집 지키다 유명하다,개는 주택을 잘 지키는 동물로 알려져 있다
SR,29,개 집 지키다 유명하다,개는 가옥을 잘 지키는 동물로 알려져 있다
SR,30,건강 돌보다,기력을 돌보다
SR,31,건강 위하다 운동 필요,기력을 위해 운동해야 한다
SR,32,건강 위하다 운동 필요,건강을 위해 스포츠해야 한다
SR,33,건강 위하다 운동 필요,건강을 위해 체육해야 한다
SR,34,걷다 빠르다,보행이 빠르다
SR,35,결과 무엇 너무 궁금하다,끝끝내 어떻게 되었는지 정말 궁금하다
SR,36,결과 무엇 너무 궁금하다,최후가 어떻게 되었는지 정말 궁금하다
SR,37,결과 무엇 너무 궁금하다,막바지가 어떻게 되었는지 정말 궁금하다
SR,38,결과 무엇 너무 궁금하다,결국에 어떻게 되었는지 정말 궁금하다
SR,39,결과 무엇 너무 궁금하다,마지막에 어떻게 되었는지 정말 궁금하다
SR,40,결과 무엇 너무 궁금하다,결말이 어떻게 되었는지 정말 궁금하다
SR,41,돈 계산 잘못하다,셈을 잘못하였습니다.
SR,42,계획 끝 일 오늘 시작,계획했던 작업을 실천했다
SR,43,감사 마음 전하다 위하다 편지 쓰다,고마운 심정을 담아 편지를 준비했다
SR,44,감사 마음 전하다 위하다 편지 쓰다,고마운 마음을 담아 편지를 장만했다
SR,45,감사 마음 전하다 위하다 편지 쓰다,고마운 마음을 담아 편지를 마련했다
SR,46,항공  배달  어디  곳,공항 내 택배를 보낼 수 있는 위치는 어디입니까?
SR,47,항공  배달  곳  어디,공항 내 택배를 보낼 수 있는 위치는 어디입니까?
SR,48,항공  배달  어디,공항 내 택배를 보낼 수 있는 위치는 어디입니까?
SR,49,항공  배달  곳,공항 내 택배를 보낼 수 있는 위치는 어디입니까?
SR,50,항공  배달  어디  곳,공항 내 택배를 보낼 수 있는 장소는 어디입니까?
SR,51,항공  배달  곳  어디,공항 내 택배를 보낼 수 있는 장소는 어디입니까?
SR,52,항공  배달  어디,공항 내 택배를 보낼 수 있는 장소는 어디입니까?
SR,53,항공  배달  곳,공항 내 택배를 보낼 수 있는 장소는 어디입니까?
SR,54,호텔  항공  가깝다  어디  곳,공항 주위에 호텔은 어디있나요?
SR,55,호텔  항공  가깝다  곳  어디,공항 주위에 호텔은 어디있나요?
SR,56,호텔  항공  가깝다  어디,공항 주위에 호텔은 어디있나요?
SR,57,호텔  항공  가깝다  곳,공항 주위에 호텔은 어디있나요?
SR,58,공항 버스 곳 전 보다 도착 차내리다,공항버스정류소 못가서 내려주세요.
SR,59,공항 버스 전 곳 보다 도착 내리다,공항버스정류소 못가서 내려주세요.
SR,60,공항 버스 전 곳 보다 도착 차내리다,공항버스정류소 못가서 내려주세요.
SR,61,공항 버스 곳 전 보다 저기,공항버스정류소 못가서 내려주세요.
SR,62,공항 버스 전 곳 보다 저기,공항버스정류소 못가서 내려주세요.
SR,63,공항 버스 보다 곳 전 내리다,공항버스정류소 못가서 내려주세요.
SR,64,공항 버스 보다 곳 전 차내리다,공항버스정류소 못가서 내려주세요.
SR,65,공항 버스 보다 전 곳 내리다,공항버스정류소 못가서 내려주세요.
SR,66,공항 버스 보다 전 곳 차내리다,공항버스정류소 못가서 내려주세요.
SR,67,공항 버스 보다 곳 전 도착 내리다,공항버스정류소 못가서 내려주세요.
SR,68,공항 버스 곳 전 보다 도착 차내리다,공항버스승차장 못가서 내려주세요.
SR,69,공항 버스 전 곳 보다 도착 내리다,공항버스승차장 못가서 내려주세요.
SR,70,공항 버스 전 곳 보다 도착 차내리다,공항버스승차장 못가서 내려주세요.
SR,71,공항 버스 곳 전 보다 저기,공항버스승차장 못가서 내려주세요.
SR,72,공항 버스 전 곳 보다 저기,공항버스승차장 못가서 내려주세요.
SR,73,공항 버스 보다 곳 전 내리다,공항버스승차장 못가서 내려주세요.
SR,74,공항 버스 보다 곳 전 차내리다,공항버스승차장 못가서 내려주세요.
SR,75,공항 버스 보다 전 곳 내리다,공항버스승차장 못가서 내려주세요.
SR,76,공항 버스 보다 전 곳 차내리다,공항버스승차장 못가서 내려주세요.
SR,77,공항 버스 보다 곳 전 도착 내리다,공항버스승차장 못가서 내려주세요.
SR,78,공항 버스 곳 전 보다 도착 차내리다,공항버스정거장 못가서 내려주세요.
SR,79,공항 버스 전 곳 보다 도착 내리다,공항버스정거장 못가서 내려주세요.
SR,80,공항 버스 전 곳 보다 도착 차내리다,공항버스정거장 못가서 내려주세요.
SR,81,공항 버스 곳 전 보다 저기,공항버스정거장 못가서 내려주세요.
SR,82,공항 버스 전 곳 보다 저기,공항버스정거장 못가서 내려주세요.
SR,83,공항 버스 보다 곳 전 내리다,공항버스정거장 못가서 내려주세요.
SR,84,공항 버스 보다 곳 전 차내리다,공항버스정거장 못가서 내려주세요.
SR,85,공항 버스 보다 전 곳 내리다,공항버스정거장 못가서 내려주세요.
SR,86,공항 버스 보다 전 곳 차내리다,공항버스정거장 못가서 내려주세요.
SR,87,공항 버스 보다 곳 전 도착 내리다,공항버스정거장 못가서 내려주세요.
SR,88,교통 법 지키다,교통법칙을 지키다
SR,89,교통 법 지키다,교통법을 지키다
SR,90,군인 나라 지키다 위하다 목숨 맡기다,군인들은 생명을 다해 조국을 지켰다
SR,91,궁금  있다  묻다  부탁,궁금하신 사항을 수어로 물어봐 주세요.
SR,92,궁금  있다  묻다  부탁,궁금하신 내역을 수어로 물어봐 주세요.
SR,93,남자 만나다 싫다,그 사나이를 만나기 싫어
SR,94,남자 만나다 싫다,그 남성를 만나기 싫어
SR,95,지금 까지 놀다 오늘 일 시작,그 새 놀았으니 다시 일을 시작해야겠다
SR,96,지금 까지 놀다 오늘 일 시작,그 사이 놀았으니 다시 일을 시작해야겠다
SR,97,지금 까지 놀다 오늘 일 시작,그 동안 놀았으니 다시 작업을 시작해야겠다
SR,98,지금 까지 놀다 오늘 일 시작,그 동안 놀았으니 다시 노동을 시작해야겠다
SR,99,지금 까지 놀다 오늘 일 시작,그 동안 놀았으니 다시 근무를 시작해야겠다
SR,100,지금 까지 놀다 오늘 일 시작,그 동안 놀았으니 다시 근로을 시작해야겠다
SR,101,지금 까지 놀다 오늘 일 시작,그 동안 놀았으니 다시 일을 착수해야겠다
SR,102,지금 까지 놀다 오늘 일 시작,그 동안 놀았으니 다시 일을 개시해야겠다
SR,103,지금 까지 놀다 오늘 일 시작,그 동안 놀았으니 다시 일을 거행해야겠다
SR,104,지금 끝 수고 많다,그 사이 수고가 많으셨습니다
SR,105,지금 끝 수고 많다,그 동안 노고가 많으셨습니다
SR,106,돈 많다 하루 갚다 가능 불가능,그 많은 금전을 하루만에 갚는건 불가능해
SR,107,학생 공부 하다 아니다 놀다 뿐,그 어린애는 공부를 하지 않고 놀기만 한다
SR,108,학생 공부 하다 아니다 놀다 뿐,그 어린아이는 공부를 하지 않고 놀기만 한다
SR,109,학생 공부 하다 아니다 놀다 뿐,그 아동은 공부를 하지 않고 놀기만 한다
SR,110,학생 공부 하다 아니다 놀다 뿐,그 애는 공부를 하지 않고 놀기만 한다
SR,111,학생 공부 하다 아니다 놀다 뿐,그 어린이는 공부를 하지 않고 놀기만 한다
SR,112,여자 마음 좋다 돌보다 노력,그 여인는 마음이 좋으니깐 친절히 돌봐줄거야
SR,113,여자 마음 좋다 돌보다 노력,그 여성는 마음이 좋으니깐 친절히 돌봐줄거야
SR,114,여자 마음 좋다 돌보다 노력,그 여자는 심정이 좋으니깐 친절히 돌봐줄거야
SR,115,저기 일 하다 싫다,그 작업은 하기 싫어
SR,116,저기 일 하다 싫다,그 노동은 하기 싫어
SR,117,저기 일 하다 싫다,그 근무는 하기 싫어
SR,118,학생 동생 돌보다 모습 어른 같다,그 학생은 조숙해서 동생을 돌보는 품이 어르신같다
SR,119,학생 동생 돌보다 모습 어른 같다,그 학생은 조숙해서 동생을 돌보는 품이 성인같다
SR,120,여자 나 친하다 친구,그녀는 나와 아주 친한 동무야
SR,121,여자 나 친하다 친구,그녀는 나와 아주 친한 벗야
SR,122,여자 남편 없다 혼자 자녀 3 키우다,그녀는 남편없이 스스로 세 자녀를 키워냈다
SR,123,여자 아기 자다 얼굴 보다 행복 미소,그녀는 잠든 어린애의 얼굴을 보고 행복한 미소를 지었다
SR,124,여자 아기 자다 얼굴 보다 행복 미소,그녀는 잠든 어린아이의 얼굴을 보고 행복한 미소를 지었다
SR,125,여자 아기 자다 얼굴 보다 행복 미소,그녀는 잠든 아동의 얼굴을 보고 행복한 미소를 지었다
SR,126,여자 아기 자다 얼굴 보다 행복 미소,그녀는 잠든 애의 얼굴을 보고 행복한 미소를 지었다
SR,127,여자 아기 자다 얼굴 보다 행복 미소,그녀는 잠든 어린이의 얼굴을 보고 행복한 미소를 지었다
SR,128,남자 생각 마지막 대답,그는 오랜 사고끝에 대답했다
SR,129,남자 생각 궁금 물어보다,그의 의식은 어떤지 물어보았다
SR,130,남자 생각 궁금 물어보다,그의 신경은 어떤지 물어보았다
SR,131,남자 생각 궁금 물어보다,그의 견해는 어떤지 물어보았다
SR,132,남자 생각 궁금 물어보다,그의 의견은 어떤지 물어보았다
SR,133,남자 생각 궁금 물어보다,그의 의사는 어떤지 물어보았다
SR,134,버스 곳 가깝다,인근에 버스 정류장이 있나요?
SR,135,버스 곳 가깝다,근방에 버스 정류장이 있나요?
SR,136,버스 곳 가깝다,부근에 버스 정류장이 있나요?
SR,137,버스 곳 가깝다,근처에 버스 정류소이 있나요?
SR,138,버스 곳 가깝다,근처에 버스 승차장이 있나요?
SR,139,버스 곳 가깝다,근처에 버스 정거장이 있나요?
SR,140,버스 곳 가깝다,인근에 버스 정류장이 있습니다.
SR,141,버스 곳 가깝다,근방에 버스 정류장이 있습니다.
SR,142,버스 곳 가깝다,부근에 버스 정류장이 있습니다.
SR,143,버스 곳 가깝다,근처에 버스 정류소이 있습니다.
SR,144,버스 곳 가깝다,근처에 버스 승차장이 있습니다.
SR,145,버스 곳 가깝다,근처에 버스 정거장이 있습니다.
SR,146,약 가깝다,인근에 약국이 있나요?
SR,147,약 가깝다,근방에 약국이 있나요?
SR,148,약 가깝다,부근에 약국이 있나요?
SR,149,약 가깝다,인근에 약국이 있습니다.
SR,150,약 가깝다,근방에 약국이 있습니다.
SR,151,약 가깝다,부근에 약국이 있습니다.
SR,152,주변 건물 붕괴,인근에 있는 건물이 붕괴되고 있어요.
SR,153,주변 건물 붕괴,근방에 있는 건물이 붕괴되고 있어요.
SR,154,주변 건물 붕괴,부근에 있는 건물이 붕괴되고 있어요.
SR,155,택시 곳 가깝다,인근에 택시 승강장이 있나요?
SR,156,택시 곳 가깝다,근방에 택시 승강장이 있나요?
SR,157,택시 곳 가깝다,부근에 택시 승강장이 있나요?
SR,158,택시 곳 가깝다,인근에 택시 승강장이 있습니다.
SR,159,택시 곳 가깝다,근방에 택시 승강장이 있습니다.
SR,160,택시 곳 가깝다,부근에 택시 승강장이 있습니다.
SR,161,주변 폭탄,인근에서 폭탄이 터졌어요.
SR,162,주변 폭탄,근방에서 폭탄이 터졌어요.
SR,163,주변 폭탄,부근에서 폭탄이 터졌어요.
SR,164,물 강 빠르다 서다 넘어지다 ,급류에 동무가 휩쓸렸어요.
SR,165,가방  비행기  안  가지다  무게  한계  몇,기내 수하물의 무게 제한는 몇 Kg인가요?
SR,166,가방  비행기  안  가지다  무게  최고  가능  몇,기내 수하물의 무게 제한는 몇 Kg인가요?
SR,167,끝 먹다 가다,종료되고 밥 먹으러 가자
SR,168,끝 먹다 가다,종결되고 밥 먹으러 가자
SR,169,끝 무엇 하다,종료되면 뭐하지
SR,170,끝 무엇 하다,종결나면 뭐하지
SR,171,끝,종결났습니다.
SR,172,나 짐 많다 돕다본인 가능,나 보따리가 많은데 도와줄 수 있어
SR,173,나 너 다르다,나는 자네와 다르다
SR,174,나 너 싫다,나는 너가 싫어
SR,175,나 너 싫다,나는 자네가 싫어
SR,176,나 오랜만 오빠 만나다 기쁘다,나는 오래간만에 오빠를 만나서 기뻤다
SR,177,나 할머니 돌아가다 슬프다,나는 할머니의 사망이 한없이 슬펐다
SR,178,나무 이용 만들다 집 벌레 많다,나무로 만든 주택은 벌레가 많다
SR,179,나무 이용 만들다 집 벌레 많다,나무로 만든 가옥은 벌레가 많다
SR,180,나 -보다 일 잘하다 질투,나보다 작업 잘하시니깐 질투가 난다
SR,181,나 너 포기 불가능,난 자네를 포기할 수 없어
SR,182,나 너 너무 좋다,난 너가 너무 좋아
SR,183,나 너 너무 좋다,난 자네가 너무 좋아
SR,184,다르다 사람 믿다 속다,남의 언어을 믿다가 뒤통수를 맞았다
SR,185,다르다 사람 믿다 속다,남의 서술을 믿다가 뒤통수를 맞았다
SR,186,남자 여자 운전 방법 가르치다 주다,사나이는 여자에게 운전을 가르쳤다
SR,187,남자 여자 운전 방법 가르치다 주다,남성는 여자에게 운전을 가르쳤다
SR,188,남자 여자 운전 방법 가르치다 주다,남자는 부녀자에게 운전을 가르쳤다
SR,189,남자 여자 운전 방법 가르치다 주다,남자는 계집에게 운전을 가르쳤다
SR,190,남자 여자 운전 방법 가르치다 주다,남자는 여인에게 운전을 가르쳤다
SR,191,남자 여자 운전 방법 가르치다 주다,남자는 여성에게 운전을 가르쳤다
SR,192,남자 아기 1 가르치다 10 이해 가능,남자어린애는 하나를 가르치면 열을 알았다
SR,193,남자 아기 1 가르치다 10 이해 가능,남자어린아이는 하나를 가르치면 열을 알았다
SR,194,남자 아기 1 가르치다 10 이해 가능,남자애는 하나를 가르치면 열을 알았다
SR,195,남자 아기 1 가르치다 10 이해 가능,남자어린이는 하나를 가르치면 열을 알았다
SR,196,나 삶 불행,내 생활은 불행하다
SR,197,보다 부족 답답하다,나 자신이 부족해서 한심했다
SR,198,친구 딸 낳다,내 동무가 딸을 낳았어
SR,199,친구 오다 반갑다 만나다 부탁,내 동무가 오는데 반갑게 맞이해줘
SR,200,나 너 -보다 키크다,내가 자네보다 더 커
SR,201,너 -보다 나 더 예쁘다,내가 자네보다 이뻐
SR,202,저 방 갇히다,제가 방에 갇혔어요.
SR,203,싫다 무엇 야채,내가 싫어하는 음식은 채소다
SR,204,나 가능 일 무엇,제가 할 수 있는 일이 뭐가 있을까
SR,205,나 가능 일 무엇,내가 할 수 있는 작업이 뭐가 있을까
SR,206,나 가능 일 무엇,내가 할 수 있는 노동이 뭐가 있을까
SR,207,내리다 시간 알려주다,내릴 경우 알려드릴까요?
SR,208,내리다 시간 알려주다,내릴 시기 알려드릴까요?
SR,209,내리다 시간 알려받다,내릴 경우 알려주세요.
SR,210,내리다 시간 알려받다,내릴 시기 알려주세요.
SR,211,너 저기 남자 친하다,자네 그 남자와 친해?
SR,212,너 저기 남자 친하다,너 그 사나이와 친해?
SR,213,너 저기 남자 친하다,너 그 남성과 친해?
SR,214,너 때문에 못하다,자네 때문에 못했잖아
SR,215,너 계속 반복 데려가다 안하다,자네 자꾸 이러면 안 데리고 갈거다
SR,216,너 나 피 귀잡다 같다,자네랑 나는 혈액형이 똑같다
SR,217,너 위하다 준비 끝,자네를 위해 준비했어
SR,218,너 위하다 준비 끝,너를 위해 채비했어
SR,219,너 위하다 준비 끝,너를 위해 장만했어
SR,220,너 위하다 준비 끝,너를 위해 마련했어
SR,221,너무 춥다 옷 두껍다 입다,너무 추워서 의복을 두껍게 입었다
SR,222,너무 춥다 옷 두껍다 입다,너무 추워서 의상을 두껍게 입었다
SR,223,너 -보다 여자 더 마르다,자네보다 그 여자가 더 말랐어
SR,224,너 -보다 여자 더 마르다,너보다 그 부녀자가 더 말랐어
SR,225,너 -보다 여자 더 마르다,너보다 그 여성이 더 말랐어
SR,226,나 너 비교 나 빠르다,자네보다 내가 더 빨라
SR,227,너 마음 궁금,네 사고가 궁금해
SR,228,너 마음 궁금,네 견해가 궁금해
SR,229,너 마음 궁금,네 의견이 궁금해
SR,230,너 마음 궁금,네 의사가 궁금해
SR,231,너 오다 그렇다면 감사,너가 와주면 고맙겠구나
SR,232,너 오다 그렇다면 감사,자네가 와주면 고맙겠구나
SR,233,놀다 원하다 많다 놀다,놀고 싶을경우 실컷 놀아라
SR,234,누나 동생 심부름 시키다 시장 보내다,누나가 동생을 장에 심부름을 보냈다
SR,235,누나 동생 심부름 시키다 시장 보내다,누나가 동생을 매점에 심부름을 보냈다
SR,236,담배 몸 나쁘다,담배는 기력에 나쁘다
SR,237,도착,당도했나요?
SR,238,도착,당도했습니다.
SR,239,나 돈 때문에 걱정 -중,돈 때문에 염려가 많아
SR,240,나 돈 때문에 걱정 -중,돈 때문에 근심이 많아
SR,241,둘 성격 원인 헤어지다,두 인간은 성격차이로 헤어졌다
SR,242,둘 성격 원인 헤어지다,두 분은 성격차이로 헤어졌다
SR,243,차  빌리다  어디  곳,렌트카를 빌리는 위치은 어디에 있습니까?
SR,244,차  빌리다  곳  어디,렌트카를 빌리는 위치은 어디에 있습니까?
SR,245,차  빌리다  어디,렌트카를 빌리는 위치은 어디에 있습니까?
SR,246,차  빌리다  곳,렌트카를 빌리는 위치은 어디에 있습니까?
SR,247,차  빌리다  어디  곳,렌트카를 빌리는 장소는 어디에 있습니까?
SR,248,차  빌리다  곳  어디,렌트카를 빌리는 장소는 어디에 있습니까?
SR,249,차  빌리다  어디,렌트카를 빌리는 장소는 어디에 있습니까?
SR,250,차  빌리다  곳,렌트카를 빌리는 장소는 어디에 있습니까?
SR,251,충분하다,충족합니다.
SR,252,충분하다,풍부합니다.
SR,253,충분하다,충분합니다.
SR,254,맡다 일 완료 끝,맡은 의무을 거뜬히 해낸다
SR,255,맡다 일 완료 끝,맡은 직분을 거뜬히 해낸다
SR,256,맡다 일 완료 끝,맡은 업무을 거뜬히 해낸다
SR,257,맡다 일 완료 끝,맡은 기능을 거뜬히 해낸다
SR,258,맡다 일 완료 끝,맡은 임무을 거뜬히 해낸다
SR,259,맡다 일 완료 끝,맡은 직무을 거뜬히 해낸다
SR,260,맡다 일 완료 끝,맡은 구실을 거뜬히 해낸다
SR,261,매일 살다 여전히 지겹다,매일 반복되는 매일이 지겹다
SR,262,매일 살다 여전히 지겹다,매일 반복되는 나날이 지겹다
SR,263,멀리 오다 수고 많다,먼길 오느라 노고 많았어
SR,264,다음 몇분,몇 분 뒤에 다음 역에 당도할까요?
SR,265,도착 가능 몇분,몇 분 뒤에 당도할까요?
SR,266,모두 일 쉽다 아니다,모든 작업이 쉽게 이루어지지 않는다
SR,267,모두 일 쉽다 아니다,모든 노동이 쉽게 이루어지지 않는다
SR,268,음성 작다 안들리다,목청이 작아서 잘 안들린다
SR,269,음성 작다 안들리다,음성이 작아서 잘 안들린다
SR,270,몸 힘들다 빨리 가다 쉬다,신체도 불편한데 일찍 가서 쉬십시오
SR,271,몸 병 뜨겁다 머리 진통,신체에 열이 많이 나고 두통이 심해요.
SR,272,몸 괜찮다 ?,신체는 괜찮아?
SR,273,몸 힘들다 마음 편하다,몸뚱이는 힘들지만 마음을 편하다
SR,274,몸 힘들다 마음 편하다,신체는 힘들지만 마음을 편하다
SR,275,몸 힘들다 마음 편하다,몸은 힘들지만 심정을 편하다
SR,276,몸 움직이다 몸 마르다 가능,몸뚱이을 자주 움직여야 살이 빠진다
SR,277,몸 움직이다 몸 마르다 가능,신체를 자주 움직여야 살이 빠진다
SR,278,몸 손묶다 갇히다,몸뚱이가 결박 당해있어요.
SR,279,몸 손묶다 갇히다,신체가 결박 당해있어요.
SR,280,몸 아프다 원인 모두 귀찮다,몸뚱이가 아파서 다 귀찮다
SR,281,몸 아프다 원인 모두 귀찮다,신체가 아파서 다 귀찮다
SR,282,몸 병 아프다,몸뚱이가 아프다
SR,283,몸 병 아프다,신체가 아프다
SR,284,무섭다 이야기 하지마 제발,무서운 이야기는 제발 그만둬요
SR,285,생각 무엇,무슨 사고해
SR,286,문 몸 끼다,문에 신체가 끼었어요.
SR,287,미래 위해 미리 준비 필요하다,향후를 위해 준비해야 한다
SR,288,미래 위해 미리 준비 필요하다,장래를 위해 준비해야 한다
SR,289,미래 위해 미리 준비 필요하다,앞날을 위해 준비해야 한다
SR,290,미래 위해 미리 준비 필요하다,다음을 위해 준비해야 한다
SR,291,미래 위해 미리 준비 필요하다,미래를 위해 채비해야 한다
SR,292,미래 위해 미리 준비 필요하다,미래를 위해 장만해야 한다
SR,293,미래 위해 미리 준비 필요하다,미래를 위해 마련해야 한다
SR,294,낯선 밖다 걷다,밖에 모르는 인간이 서성거려요.
SR,295,낯선 밖다 걷다,밖에 모르는 분이 서성거려요.
SR,296,밖 불 119 부르다 부탁,밖에 불길이 났어요. 소방차를 불길러주세요.
SR,297,밖 싸움 경찰 부르다 부탁,밖에 싸움이 났어요. 순경을 불러주세요.
SR,298,밖 춥다 나오다 하지마 집 계시다,밖은 추우니 나오지 말고 댁에 있어
SR,299,지하철 반대 건너다 가다,반대편 정류소로 가려고 합니다.
SR,300,지하철 반대 건너다 가다,반대편 정류장으로 가려고 합니다.
SR,301,지하철 반대 건너다 가다,반대편 정거장으로 가려고 합니다.
SR,302,지하철 반대 건너다 방법,반대편 정류소로 어떻게 갈 수 있나요?
SR,303,지하철 반대 건너다 방법,반대편 정류장으로 어떻게 갈 수 있나요?
SR,304,지하철 반대 건너다 방법,반대편 정거장으로 어떻게 갈 수 있나요?
SR,305,배우다 했었다 겸손,배운 인간이 더 겸손하다
SR,306,버스 전 저기 곳 저기,버스정류소 못가서 내려주세요.
SR,307,버스 전 곳 저기 내리다,버스정류소 못가서 내려주세요.
SR,308,버스 전 곳 저기 차내리다,버스정류소 못가서 내려주세요.
SR,309,버스 전 곳 저기 도착 내리다,버스정류소 못가서 내려주세요.
SR,310,버스 전 곳 저기 도착 차내리다,버스정류소 못가서 내려주세요.
SR,311,버스 곳 전 보다 내리다,버스정류소 못가서 내려주세요.
SR,312,버스 곳 전 보다 차내리다,버스정류소 못가서 내려주세요.
SR,313,버스 전 곳 보다 내리다,버스정류소 못가서 내려주세요.
SR,314,버스 전 곳 보다 차내리다,버스정류소 못가서 내려주세요.
SR,315,버스 곳 전 보다 도착 내리다,버스정류소 못가서 내려주세요.
SR,316,버스 전 저기 곳 저기,버스승차장 못가서 내려주세요.
SR,317,버스 전 곳 저기 내리다,버스승차장 못가서 내려주세요.
SR,318,버스 전 곳 저기 차내리다,버스승차장 못가서 내려주세요.
SR,319,버스 전 곳 저기 도착 내리다,버스승차장 못가서 내려주세요.
SR,320,버스 전 곳 저기 도착 차내리다,버스승차장 못가서 내려주세요.
SR,321,버스 곳 전 보다 내리다,버스승차장 못가서 내려주세요.
SR,322,버스 곳 전 보다 차내리다,버스승차장 못가서 내려주세요.
SR,323,버스 전 곳 보다 내리다,버스승차장 못가서 내려주세요.
SR,324,버스 전 곳 보다 차내리다,버스승차장 못가서 내려주세요.
SR,325,버스 곳 전 보다 도착 내리다,버스승차장 못가서 내려주세요.
SR,326,버스 전 저기 곳 저기,버스정거장 못가서 내려주세요.
SR,327,버스 전 곳 저기 내리다,버스정거장 못가서 내려주세요.
SR,328,버스 전 곳 저기 차내리다,버스정거장 못가서 내려주세요.
SR,329,버스 전 곳 저기 도착 내리다,버스정거장 못가서 내려주세요.
SR,330,버스 전 곳 저기 도착 차내리다,버스정거장 못가서 내려주세요.
SR,331,버스 곳 전 보다 내리다,버스정거장 못가서 내려주세요.
SR,332,버스 곳 전 보다 차내리다,버스정거장 못가서 내려주세요.
SR,333,버스 전 곳 보다 내리다,버스정거장 못가서 내려주세요.
SR,334,버스 전 곳 보다 차내리다,버스정거장 못가서 내려주세요.
SR,335,버스 곳 전 보다 도착 내리다,버스정거장 못가서 내려주세요.
SR,336,버스 곳 다음 여기,버스정류소 지나서 내려드릴까요?
SR,337,버스 곳 다음 내리다,버스정류소 지나서 내려드릴까요?
SR,338,버스 곳 다음 차내리다,버스정류소 지나서 내려드릴까요?
SR,339,버스 곳 저기 다음 곳,버스정류소 지나서 내려드릴까요?
SR,340,버스 곳 저기 다음 도착 내리다,버스정류소 지나서 내려드릴까요?
SR,341,버스 곳 저기 다음 도착 차내리다,버스정류소 지나서 내려드릴까요?
SR,342,버스 곳 다음 여기,버스승차장 지나서 내려드릴까요?
SR,343,버스 곳 다음 내리다,버스승차장 지나서 내려드릴까요?
SR,344,버스 곳 다음 차내리다,버스승차장 지나서 내려드릴까요?
SR,345,버스 곳 저기 다음 곳,버스승차장 지나서 내려드릴까요?
SR,346,버스 곳 저기 다음 도착 내리다,버스승차장 지나서 내려드릴까요?
SR,347,버스 곳 저기 다음 도착 차내리다,버스승차장 지나서 내려드릴까요?
SR,348,버스 곳 다음 여기,버스정거장 지나서 내려드릴까요?
SR,349,버스 곳 다음 내리다,버스정거장 지나서 내려드릴까요?
SR,350,버스 곳 다음 차내리다,버스정거장 지나서 내려드릴까요?
SR,351,버스 곳 저기 다음 곳,버스정거장 지나서 내려드릴까요?
SR,352,버스 곳 저기 다음 도착 내리다,버스정거장 지나서 내려드릴까요?
SR,353,버스 곳 저기 다음 도착 차내리다,버스정거장 지나서 내려드릴까요?
SR,354,버스 곳 다음 여기,버스정류소 지나서 내려주세요.
SR,355,버스 곳 다음 내리다,버스정류소 지나서 내려주세요.
SR,356,버스 곳 다음 차내리다,버스정류소 지나서 내려주세요.
SR,357,버스 곳 저기 다음 곳,버스정류소 지나서 내려주세요.
SR,358,버스 곳 저기 다음 도착 내리다,버스정류소 지나서 내려주세요.
SR,359,버스 곳 저기 다음 도착 차내리다,버스정류소 지나서 내려주세요.
SR,360,버스 곳 다음 여기,버스승차장 지나서 내려주세요.
SR,361,버스 곳 다음 내리다,버스승차장 지나서 내려주세요.
SR,362,버스 곳 다음 차내리다,버스승차장 지나서 내려주세요.
SR,363,버스 곳 저기 다음 곳,버스승차장 지나서 내려주세요.
SR,364,버스 곳 저기 다음 도착 내리다,버스승차장 지나서 내려주세요.
SR,365,버스 곳 저기 다음 도착 차내리다,버스승차장 지나서 내려주세요.
SR,366,버스 곳 다음 여기,버스정거장 지나서 내려주세요.
SR,367,버스 곳 다음 내리다,버스정거장 지나서 내려주세요.
SR,368,버스 곳 다음 차내리다,버스정거장 지나서 내려주세요.
SR,369,버스 곳 저기 다음 곳,버스정거장 지나서 내려주세요.
SR,370,버스 곳 저기 다음 도착 내리다,버스정거장 지나서 내려주세요.
SR,371,버스 곳 저기 다음 도착 차내리다,버스정거장 지나서 내려주세요.
SR,372,버스 곳 맞다,버스정류소에서 내려드릴까요?
SR,373,버스 곳 내리다 맞다,버스정류소에서 내려드릴까요?
SR,374,버스 곳 차내리다 맞다,버스정류소에서 내려드릴까요?
SR,375,버스 곳 맞다,버스승차장에서 내려드릴까요?
SR,376,버스 곳 내리다 맞다,버스승차장에서 내려드릴까요?
SR,377,버스 곳 차내리다 맞다,버스승차장에서 내려드릴까요?
SR,378,버스 곳 맞다,버스정거장에서 내려드릴까요?
SR,379,버스 곳 내리다 맞다,버스정거장에서 내려드릴까요?
SR,380,버스 곳 차내리다 맞다,버스정거장에서 내려드릴까요?
SR,381,버스 곳 맞다,버스정류소에서 내려주세요.
SR,382,버스 곳 내리다 맞다,버스정류소에서 내려주세요.
SR,383,버스 곳 차내리다 맞다,버스정류소에서 내려주세요.
SR,384,버스 곳 맞다,버스승차장에서 내려주세요.
SR,385,버스 곳 내리다 맞다,버스승차장에서 내려주세요.
SR,386,버스 곳 차내리다 맞다,버스승차장에서 내려주세요.
SR,387,버스 곳 맞다,버스정거장에서 내려주세요.
SR,388,버스 곳 내리다 맞다,버스정거장에서 내려주세요.
SR,389,버스 곳 차내리다 맞다,버스정거장에서 내려주세요.
SR,390,버스 타다 곳곳,버스정류소이 어디에 있나요?
SR,391,버스 타다 곳곳,버스승차장이 어디에 있나요?
SR,392,버스 타다 곳곳,버스정거장이 어디에 있나요?
SR,393,부탁본인 일 있다 나 먼저 가다,청한 일이 있어서 먼저 갈게
SR,394,부탁본인 일 있다 나 먼저 가다,청탁한 일이 있어서 먼저 갈게
SR,395,부탁본인 일 있다 나 먼저 가다,당부한 일이 있어서 먼저 갈게
SR,396,부탁본인 일 있다 나 먼저 가다,요청한 일이 있어서 먼저 갈게
SR,397,부탁본인 일 있다 나 먼저 가다,요구한 일이 있어서 먼저 갈게
SR,398,부탁본인 일 있다 나 먼저 가다,부탁한 작업이 있어서 먼저 갈게
SR,399,부탁상대방 괜찮다,청해도 될까
SR,400,부탁상대방 괜찮다,당부해도 될까
SR,401,부탁상대방 괜찮다,요청해도 될까
SR,402,불가능 변하다 가능,불가능한 작업은 없다
SR,403,불행 기억 잊다 새롭다 시작,불행했던 기억은 잊고 다시 착수해봅시다
SR,404,불행 기억 잊다 새롭다 시작,불행했던 기억은 잊고 다시 출발해봅시다
SR,405,불행 기억 잊다 새롭다 시작,불행했던 기억은 잊고 다시 거행해봅시다
SR,406,비행기 추락,항공기가 추락하고 있어요.
SR,407,사거리 전 버스 곳 차내리다,사거리 전 버스정류소 앞에 세워주세요.
SR,408,사거리 전 버스 곳 차내리다,사거리 전 버스승차장 앞에 세워주세요.
SR,409,사거리 전 버스 곳 차내리다,사거리 전 버스정거장 앞에 세워주세요.
SR,410,사람 각각 성격 다르다,사람들은 각각 성질이 다르다
SR,411,사람 각각 성격 다르다,사람들은 각각 성미가 다르다
SR,412,사람 혼자 살다 불가능,인간은 혼자서 살 수 없다
SR,413,누가 갑자기 쓰러지다,인간이 갑자기 쓰러졌어요.
SR,414,사람 물건 무겁다 깔리다,인간이 무거운 물건에 깔렸어요.
SR,415,사랑 사람 잊다 쉽다 어렵다,사랑했던 인간을 잊는건 어렵다
SR,416,사랑 사람 잊다 쉽다 어렵다,사랑했던 분을 잊는건 어렵다
SR,417,살다 너무 힘들다,생활이 너무 버겁다
SR,418,웃다 모습 귀엽다,샐쭉 웃는 형상이 귀엽다
SR,419,웃다 모습 귀엽다,샐쭉 웃는 모양이 귀엽다
SR,420,웃다 모습 귀엽다,샐쭉 웃는 꼴이 귀엽다
SR,421,웃다 모습 귀엽다,샐쭉 웃는 장면이 귀엽다
SR,422,서로 생각 다르다 싸우다 많다,견해가 달라서 많이 싸웠다
SR,423,생각,견해가 달라서 많이 싸웠다
SR,424,서로 생각 다르다 싸우다 많다,의견이 달라서 많이 싸웠다
SR,425,생각,의견이 달라서 많이 싸웠다
SR,426,지하철 철로 핸드폰 떨어지다,선로에 핸드폰을 떨어뜨렸습니다.
SR,427,지하철 철로 핸드폰 떨어지다,선로에 휴대전화를 떨어뜨렸습니다.
SR,428,지하철 철로 핸드폰 떨어지다,선로에 휴대전화기를 떨어뜨렸습니다.
SR,429,선생님 나 기술 가르치다,선생님이 나에게 재능을 가르쳐주셨다
SR,430,선생님 나 기술 가르치다,선생님이 나에게 재주를 가르쳐주셨다
SR,431,점수 나쁘다 우울하다,점수가 나빠서 우울하다
SR,432,나이 병원 예약 부탁,세브란스 병원 검진 예약을 해주세요.
SR,433,나이 병원 예약 부탁,세브란스 병원 진찰 예약을 해주세요.
SR,434,나이 병원 예약 부탁,세브란스 병원 진단 예약을 해주세요.
SR,435,고생 많다,노고가 많았소
SR,436,술 취하다 나무 막대 사람 때리다 ,술 취한 인간이 방망이로 인간들을 때리고 있어요.
SR,437,숨 안되다,호흡이 안 쉬어져요.
SR,438,쉬다 -때 책 읽다 끝,쉬는 시간에 도서를 읽었어
SR,439,쉬다 -때 책 읽다 끝,쉬는 시간에 서적을 읽었어
SR,440,일 편하다 생각 하지마,쉽게 작업 할 생각하지 마라
SR,441,일 편하다 생각 하지마,쉽게 근무 할 생각하지 마라
SR,442,신분당 곳 무엇,신분당선을 타는 위치는 어디인가요?
SR,443,신분당 곳 무엇,신분당선을 타는 장소는 어디인가요?
SR,444,심심하다 무엇,심심할경우 무엇을 하면 좋을까
SR,445,쌍둥이 성격 다르다,쌍둥이도 성질이 다르다
SR,446,쌍둥이 성격 다르다,쌍둥이도 성미가 다르다
SR,447,쌍둥이 낳다 그렇다면 행복 고생 더 2배,쌍둥이를 낳으면 행복과 고난은 두배이다
SR,448,아기 갑자기 토하다,갓난아기가 갑자기 토해요.
SR,449,아기 갑자기 토하다,갓난애가 갑자기 토해요.
SR,450,아기 갑자기 토하다,갓난아이가 갑자기 토해요.
SR,451,아기 갑자기 토하다,젖먹이가 갑자기 토해요.
SR,452,아기 숨 힘들다,갓난아기가 숨을 안 쉬어요.
SR,453,아기 숨 힘들다,갓난애가 숨을 안 쉬어요.
SR,454,아기 숨 힘들다,갓난아이가 숨을 안 쉬어요.
SR,455,아기 숨 힘들다,젖먹이가 숨을 안 쉬어요.
SR,456,아기 장난감 먹다 삼키다,갓난아기가 장난감을 삼켰어요.
SR,457,아기 장난감 먹다 삼키다,갓난애가 장난감을 삼켰어요.
SR,458,아기 장난감 먹다 삼키다,갓난아이가 장난감을 삼켰어요.
SR,459,아기 장난감 먹다 삼키다,젖먹이가 장난감을 삼켰어요.
SR,460,아기 돌보다 힘 없어지다,갓난아기를 돌보면 힘이 빠지는 것 같다
SR,461,아기 돌보다 힘 없어지다,갓난애를 돌보면 힘이 빠지는 것 같다
SR,462,아기 돌보다 힘 없어지다,갓난아이를 돌보면 힘이 빠지는 것 같다
SR,463,아기 돌보다 힘 없어지다,젖먹이를 돌보면 힘이 빠지는 것 같다
SR,464,아기 돌보다 힘 없어지다,영아를 돌보면 힘이 빠지는 것 같다
SR,465,아내 쓰러지다,마누라가 쓰러졌어요.
SR,466,아내 쓰러지다,배우자가 쓰러졌어요.
SR,467,아내 쓰러지다,처가 쓰러졌어요.
SR,468,아내 쓰러지다,부인이 쓰러졌어요.
SR,469,아버지 쉬다 날 때문에 집 계시다,부친께서 공휴일이라 집에 계신다
SR,470,아버지 쉬다 날 때문에 집 계시다,아빠께서 공휴일이라 집에 계신다
SR,471,아버지 쉬다 날 때문에 집 계시다,아버지께서 공휴일이라 댁에 계신다
SR,472,아빠 일 생기다 모두 기억,부친는 그 일을 기억하고 계셨다
SR,473,아빠 일 생기다 모두 기억,아비는 그 일을 기억하고 계셨다
SR,474,아빠 일 생기다 모두 기억,아빠는 그 일을 기억하고 계셨다
SR,475,아빠 딸 미국 보내다 위하여 일 열심히,부친는 딸을 미국으로 유학 보내기 위해 열심히 일했다
SR,476,아빠 딸 미국 보내다 위하여 일 열심히,아비는 딸을 미국으로 유학 보내기 위해 열심히 일했다
SR,477,아빠 딸 미국 보내다 위하여 일 열심히,아빠는 딸을 미국으로 유학 보내기 위해 열심히 일했다
SR,478,아빠 딸 미국 보내다 위하여 일 열심히,아버지는 딸을 미국으로 유학 보내기 위해 열심히 노동했다
SR,479,아빠 딸 미국 보내다 위하여 일 열심히,아버지는 딸을 미국으로 유학 보내기 위해 열심히 근무했다
SR,480,아버지 키우다 했었다 소 팔다 학교 아들 보내다,부친는 키우던 소를 팔아 아들을 학교에 보냈다
SR,481,아버지 키우다 했었다 소 팔다 학교 아들 보내다,아비는 키우던 소를 팔아 아들을 학교에 보냈다
SR,482,아버지 키우다 했었다 소 팔다 학교 아들 보내다,아빠는 키우던 소를 팔아 아들을 학교에 보냈다
SR,483,아버지 늙다 건강 돌보다 필요,부친도 나이가 드셔서 건강을 돌보셔야 한다
SR,484,아버지 늙다 건강 돌보다 필요,아빠도 나이가 드셔서 건강을 돌보셔야 한다
SR,485,아버지 늙다 건강 돌보다 필요,아버지도 연세가 드셔서 건강을 돌보셔야 한다
SR,486,아버지 늙다 건강 돌보다 필요,아버지도 나이가 드셔서 기력을 돌보셔야 한다
SR,487,아빠 방학 때 아들 시골 보내다,부친은 방학이면 아들을 시골에 보냈다
SR,488,아빠 방학 때 아들 시골 보내다,아비는 방학이면 아들을 시골에 보냈다
SR,489,아빠 방학 때 아들 시골 보내다,아버지는 방학이면 아들을 시골에 보냈다
SR,490,아빠 아들 데려가다 박물관 가다,부친은 아들을 박물관에 데리고 갔다
SR,491,아빠 아들 데려가다 박물관 가다,아비는 아들을 박물관에 데리고 갔다
SR,492,아빠 아들 데려가다 박물관 가다,아버지는 아들을 박물관에 데리고 갔다
SR,493,아이 지금 5 되다,어린애가 다섯 살이 되었다
SR,494,아이 지금 5 되다,어린아이가 다섯 살이 되었다
SR,495,아이 지금 5 되다,어린이가 다섯 살이 되었다
SR,496,아기 독 약 삼키다,어린애가 독극물을 삼켰어요.
SR,497,아기 독 약 삼키다,소아가 독극물을 삼켰어요.
SR,498,아기 독 약 삼키다,어린아이가 독극물을 삼켰어요.
SR,499,아기 독 약 삼키다,애가 독극물을 삼켰어요.
SR,500,아기 독 약 삼키다,어린이가 독극물을 삼켰어요.
SR,501,아기 벌 크다 침 팔 주사 쓰러지다,어린애가 말벌에 쏘여서 기절했어요.
SR,502,아기 벌 크다 침 팔 주사 쓰러지다,소아가 말벌에 쏘여서 기절했어요.
SR,503,아기 벌 크다 침 팔 주사 쓰러지다,어린아이가 말벌에 쏘여서 기절했어요.
SR,504,아기 벌 크다 침 팔 주사 쓰러지다,애가 말벌에 쏘여서 기절했어요.
SR,505,아기 벌 크다 침 팔 주사 쓰러지다,어린이가 말벌에 쏘여서 기절했어요.
SR,506,아기 방 갇히다,어린애가 방에 갇혔어요.
SR,507,아기 방 갇히다,어린아이가 방에 갇혔어요.
SR,508,아기 방 갇히다,아동이 방에 갇혔어요.
SR,509,아기 방 갇히다,애가 방에 갇혔어요.
SR,510,아기 방 갇히다,어린이가 방에 갇혔어요.
SR,511,아기 장남감 삼키다,어린애가 장난감을 삼켰어요.
SR,512,아기 장남감 삼키다,소아가 장난감을 삼켰어요.
SR,513,아기 장남감 삼키다,어린아이가 장난감을 삼켰어요.
SR,514,아기 장남감 삼키다,애가 장난감을 삼켰어요.
SR,515,아기 장남감 삼키다,어린이가 장난감을 삼켰어요.
SR,516,아이 혼자 방황,어린애가 혼자 방황하고 있습니다.
SR,517,아이 혼자 방황,어린아이가 혼자 방황하고 있습니다.
SR,518,아이 혼자 방황,아동이 혼자 방황하고 있습니다.
SR,519,아이 혼자 방황,애가 혼자 방황하고 있습니다.
SR,520,아이 혼자 방황,어린이가 혼자 방황하고 있습니다.
SR,521,아이 놀다 곳 실종,어린애를 공원에서 잃어버렸어요.
SR,522,아이 놀다 곳 실종,어린아이를 공원에서 잃어버렸어요.
SR,523,아이 놀다 곳 실종,애를 공원에서 잃어버렸어요.
SR,524,아이 놀다 곳 실종,어린이를 공원에서 잃어버렸어요.
SR,525,낯선 아기 데리다,어린애를 모르는 사람이 데려갔어요.
SR,526,낯선 아기 데리다,어린아이를 모르는 사람이 데려갔어요.
SR,527,낯선 아기 데리다,애를 모르는 사람이 데려갔어요.
SR,528,낯선 아기 데리다,어린이를 모르는 사람이 데려갔어요.
SR,529,낯선 아기 데리다,아이를 모르는 자이 데려갔어요.
SR,530,낯선 아기 데리다,아이를 모르는 인간이 데려갔어요.
SR,531,아이 잃어버리다,어린애를 잃어버렸습니다.
SR,532,아이 없다 잃어버리다,어린애를 잃어버렸습니다.
SR,533,아이 실종,어린애를 잃어버렸습니다.
SR,534,아이 없다 실종,어린애를 잃어버렸습니다.
SR,535,아이 찾다 실종,어린애를 잃어버렸습니다.
SR,536,아이 사라지다 실종,어린애를 잃어버렸습니다.
SR,537,아이 잃어버리다 실종,어린애를 잃어버렸습니다.
SR,538,아이 실종 잃어버리다,어린애를 잃어버렸습니다.
SR,539,아이 잃어버리다,어린아이를 잃어버렸습니다.
SR,540,아이 없다 잃어버리다,어린아이를 잃어버렸습니다.
SR,541,아이 실종,어린아이를 잃어버렸습니다.
SR,542,아이 없다 실종,어린아이를 잃어버렸습니다.
SR,543,아이 찾다 실종,어린아이를 잃어버렸습니다.
SR,544,아이 사라지다 실종,어린아이를 잃어버렸습니다.
SR,545,아이 잃어버리다 실종,어린아이를 잃어버렸습니다.
SR,546,아이 실종 잃어버리다,어린아이를 잃어버렸습니다.
SR,547,아이 잃어버리다,애를 잃어버렸습니다.
SR,548,아이 없다 잃어버리다,애를 잃어버렸습니다.
SR,549,아이 실종,애를 잃어버렸습니다.
SR,550,아이 없다 실종,애를 잃어버렸습니다.
SR,551,아이 찾다 실종,애를 잃어버렸습니다.
SR,552,아이 사라지다 실종,애를 잃어버렸습니다.
SR,553,아이 잃어버리다 실종,애를 잃어버렸습니다.
SR,554,아이 실종 잃어버리다,애를 잃어버렸습니다.
SR,555,아이 잃어버리다,어린이를 잃어버렸습니다.
SR,556,아이 없다 잃어버리다,어린이를 잃어버렸습니다.
SR,557,아이 실종,어린이를 잃어버렸습니다.
SR,558,아이 없다 실종,어린이를 잃어버렸습니다.
SR,559,아이 찾다 실종,어린이를 잃어버렸습니다.
SR,560,아이 사라지다 실종,어린이를 잃어버렸습니다.
SR,561,아이 잃어버리다 실종,어린이를 잃어버렸습니다.
SR,562,아이 실종 잃어버리다,어린이를 잃어버렸습니다.
SR,563,아이 실종 찾다 도움받다,어린애를 잃어버렸습니다. 도와주세요.
SR,564,아이 실종 찾다 도움받다,어린아이를 잃어버렸습니다. 도와주세요.
SR,565,아이 실종 찾다 도움받다,애를 잃어버렸습니다. 도와주세요.
SR,566,아이 실종 찾다 도움받다,어린이를 잃어버렸습니다. 도와주세요.
SR,567,아이 실종 찾다 도움받다 가능,어린애를 잃어버렸습니다. 도와주실 수 있으세요?
SR,568,아이 실종 찾다 도움받다 가능,어린아이를 잃어버렸습니다. 도와주실 수 있으세요?
SR,569,아이 실종 찾다 도움받다 가능,애를 잃어버렸습니다. 도와주실 수 있으세요?
SR,570,아이 실종 찾다 도움받다 가능,어린이를 잃어버렸습니다. 도와주실 수 있으세요?
SR,571,아이 잃어버리다,어린애를 잃어버리셨나요?
SR,572,아이 없다 잃어버리다,어린애를 잃어버리셨나요?
SR,573,아이 실종,어린애를 잃어버리셨나요?
SR,574,아이 없다 실종,어린애를 잃어버리셨나요?
SR,575,아이 찾다 실종,어린애를 잃어버리셨나요?
SR,576,아이 사라지다 실종,어린애를 잃어버리셨나요?
SR,577,아이 잃어버리다 실종,어린애를 잃어버리셨나요?
SR,578,아이 실종 잃어버리다,어린애를 잃어버리셨나요?
SR,579,아이 잃어버리다,어린아이를 잃어버리셨나요?
SR,580,아이 없다 잃어버리다,어린아이를 잃어버리셨나요?
SR,581,아이 실종,어린아이를 잃어버리셨나요?
SR,582,아이 없다 실종,어린아이를 잃어버리셨나요?
SR,583,아이 찾다 실종,어린아이를 잃어버리셨나요?
SR,584,아이 사라지다 실종,어린아이를 잃어버리셨나요?
SR,585,아이 잃어버리다 실종,어린아이를 잃어버리셨나요?
SR,586,아이 실종 잃어버리다,어린아이를 잃어버리셨나요?
SR,587,아이 잃어버리다,애를 잃어버리셨나요?
SR,588,아이 없다 잃어버리다,애를 잃어버리셨나요?
SR,589,아이 실종,애를 잃어버리셨나요?
SR,590,아이 없다 실종,애를 잃어버리셨나요?
SR,591,아이 찾다 실종,애를 잃어버리셨나요?
SR,592,아이 사라지다 실종,애를 잃어버리셨나요?
SR,593,아이 잃어버리다 실종,애를 잃어버리셨나요?
SR,594,아이 실종 잃어버리다,애를 잃어버리셨나요?
SR,595,도착 아직,아직 당도 안 했나요?
SR,596,도착 아직,아직 당도 안 했습니다.
SR,597,아파트 가다,아파트 단지 내부으로 가주세요.
SR,598,아파트 저기,아파트 단지 내부으로 가주세요.
SR,599,아파트 저기 가다,아파트 단지 내부으로 가주세요.
SR,600,아파트 저기 곳,아파트 단지 내부으로 가주세요.
SR,601,아파트 안 곳,아파트 단지 내부으로 가주세요.
SR,602,아파트 안 도착,아파트 단지 내부으로 가주세요.
SR,603,아파트 안 가다,아파트 단지 내부으로 가주세요.
SR,604,저기 아파트 가다,아파트 단지 내부으로 가주세요.
SR,605,아파트 문 가다,아파트 단지 내부으로 가주세요.
SR,606,아파트 저기,아파트 단지 내부으로 들어갈까요?
SR,607,아파트 저기 가다,아파트 단지 내부으로 들어갈까요?
SR,608,아파트 저기 곳,아파트 단지 내부으로 들어갈까요?
SR,609,아파트 안 곳,아파트 단지 내부으로 들어갈까요?
SR,610,아파트 안 도착,아파트 단지 내부으로 들어갈까요?
SR,611,아파트 안 가다,아파트 단지 내부으로 들어갈까요?
SR,612,어디 연기 불 느끼다,어디선가 연기가 나요. 불길이 나고 있는 것 같아요.
SR,613,누가 건물 추락,어떤 인간이 건물에서 추락했어요.
SR,614,누가 교통사고,어떤 인간이 교통사고를 당했어요.
SR,615,누가 교통사고,어떤 분이 교통사고를 당했어요.
SR,616,누가 거리 곳 피 머리 흐르다,어떤 분이 길거리에서 피를 많이 흘리고 있어요.
SR,617,누가 거리 곳 피 머리 흐르다,어떤 사람이 거리에서 피를 많이 흘리고 있어요.
SR,618,누가 거리 곳 피 머리 흐르다,어떤 사람이 길거리에서 혈액를 많이 흘리고 있어요.
SR,619,누가 칼 가지다,어떤 인간이 무기/흉기를 소지하고 있어요.
SR,620,누가 바다 빠지다 헤엄치다,어떤 인간이 바다에 빠졌어요.
SR,621,누가 바다 빠지다 헤엄치다,어떤 분이 바다에 빠졌어요.
SR,622,누가 벼락 엄지손가락,어떤 인간이 벼락을 맞았어요.
SR,623,누가 벼락 엄지손가락,어떤 분이 벼락을 맞았어요.
SR,624,누가 자살 중,어떤 인간이 자살을 시도하고 있어요.
SR,625,누가 자살 중,어떤 분이 자살을 시도하고 있어요.
SR,626,누가 나 죽이다,어떤 인간이 저를 죽이려고 해요.
SR,627,누가 집단폭력,어떤 분이 집단폭력을 당하고 있어요.
SR,628,누가 칼 협박 가지다,어떤 인간이 칼로 위협하고 있어요.
SR,629,누가 칼 살인 피 흐르다,어떤 인간이 칼에 찔려서 피를 많이 흘리고 있어요.
SR,630,누가 칼 살인 피 흐르다,어떤 분이 칼에 찔려서 피를 많이 흘리고 있어요.
SR,631,누가 칼 살인 피 흐르다,어떤 사람이 칼에 찔려서 혈액를 많이 흘리고 있어요.
SR,632,누가 잡다,어떤 인간한테 납치당했어요.
SR,633,어른 만나다 예의 말하다 필요,어르신 앞에선 예의있게 말해야 한다
SR,634,엄마 나이 47 아기 낳다,모친은 마흔 일곱에 막내를 낳으셨다
SR,635,엄마 나이 47 아기 낳다,엄마는 마흔 일곱에 막내를 낳으셨다
SR,636,엄마 나이 47 아기 낳다,어미는 마흔 일곱에 막내를 낳으셨다
SR,637,어제 -보다 오늘 춥다 아니다,어저께보다 오늘이 춥지 않다
SR,638,언니 아기 낳다 4,언니가 애 넷을 낳았다
SR,639,언니 성격 불 같다 화 많다,언니는 성질이 불같다
SR,640,언니 성격 불 같다 화 많다,언니는 성미가 불같다
SR,641,언니 생일 잊다,언니의 생일날을 잊었다
SR,642,언니 생일 잊다,언니의 생신을 잊었다
SR,643,엄마 잔소리 때문에 기분 별로,엄마가 잔소리해서 감정이 별로야
SR,644,여기 기차 되다,여기서 열차를  탈 수 있나요?
SR,645,여기 기차 되다,여기서 열차를  탈 수 있습니다.
SR,646,지하철 곳 옷가게 있다,역사 내부에 옷가게가 있나요?
SR,647,지하철 곳 옷가게 있다,역사 안에 의복가게가 있나요?
SR,648,지하철 곳 옷가게 있다,역사 안에 의상가게가 있나요?
SR,649,지하철 곳 옷가게 있다,역사 내부에 옷가게가 있습니다.
SR,650,지하철 곳 옷가게 있다,역사 안에 의복가게가 있습니다.
SR,651,지하철 곳 옷가게 있다,역사 안에 의상가게가 있습니다.
SR,652,지하철 곳 카페 있다,역사 내부에 커피숍이 있나요?
SR,653,지하철 곳 카페 있다,역사 이내에 커피숍이 있습니다.
SR,654,지하철 곳 카페 있다,역사 내부에 커피숍이 있습니다.
SR,655,지하철 곳 편의점 있다,역사 내부에 편의점이 있나요?
SR,656,지하철 곳 편의점 있다,역사 내부에 편의점이 있습니다.
SR,657,예의 지키다,예법을 지키다
SR,658,오늘 하루 수고,금일도 수고 많으셨습니다.
SR,659,오늘 하루 수고,오늘도 노고 많으셨습니다.
SR,660,오늘 너 배달 맡다,금일은 네가 배달을 맡아
SR,661,오늘 너 배달 맡다,오늘은 너가 배달을 맡아
SR,662,오늘 너 배달 맡다,오늘은 자네가 배달을 맡아
SR,663,예전 일 때문에 기억 애매,오래전 작업이라 좀처럼 기억나지 않는다
SR,664,동안 원래 태어나다 집 가다,오래간만에 고향을 찾다
SR,665,착하다 사람 화 더 무섭다,온순한 인간이 화를 내면 더 무섭다
SR,666,옷 더럽다 심하다 빨래,의복이 너무 더러워서 빨았어
SR,667,옷 더럽다 심하다 빨래,의상이 너무 더러워서 빨았어
SR,668,옷 크다 입다 불가능,의복이 너무 커서 입을 수 없다
SR,669,옷 크다 입다 불가능,의상이 너무 커서 입을 수 없다
SR,670,왼쪽,좌측이요?
SR,671,왼쪽,좌측입니다.
SR,672,요즘 날 따뜻하다 자다,요새 날씨가 따뜻해서 졸려
SR,673,요즘 날 따뜻하다 자다,최근 날씨가 따뜻해서 졸려
SR,674,요즘 남자 얼굴 좋다,요새 남자 얼굴이 좋아보인다
SR,675,요즘 남자 얼굴 좋다,최근 남자 얼굴이 좋아보인다
SR,676,요즘 남자 얼굴 좋다,요즈음 남자 얼굴이 좋아보인다
SR,677,요즘 남자 얼굴 좋다,요사이 남자 얼굴이 좋아보인다
SR,678,요즘 오빠 매일 아침 운동 하다,요새 오빠는 매일 아침 운동을 한다
SR,679,요즘 오빠 매일 아침 운동 하다,요즈음 오빠는 매일 아침 운동을 한다
SR,680,용산역 접근 주차,용산역 인근에 주차하겠습니다.
SR,681,용산역 접근 주차,용산역 근방에 주차하겠습니다.
SR,682,용산역 접근 주차,용산역 부근에 주차하겠습니다.
SR,683,어머니 자녀 독하다 키우다,우리 모친은 자식들을 엄하게 키우셨다
SR,684,어머니 자녀 독하다 키우다,우리 엄마는 자식들을 엄하게 키우셨다
SR,685,아기 갑자기 머리 우산,우리애가 갑자기 의식을 잃었어요.
SR,686,가방  맡기다  무게  한계  몇,위탁 수하물의 무게 제한는 몇 Kg인가요?
SR,687,가방  짐들다  무게  한계  몇,위탁 수하물의 무게 제한는 몇 Kg인가요?
SR,688,가방  맡기다  무게  최고  가능  몇,위탁 수하물의 무게 제한는 몇 Kg인가요?
SR,689,가방  짐들다  무게  최고  가능  몇,위탁 수하물의 무게 제한는 몇 Kg인가요?
SR,690,육교 곳 다음 내리다,다리 지나서 내려드릴까요?
SR,691,육교 곳 다음 차내리다,다리 지나서 내려드릴까요?
SR,692,육교 곳 다음,다리 지나서 내려드릴까요?
SR,693,육교 곳 다음 도착 내리다,다리 지나서 내려드릴까요?
SR,694,육교 곳 다음 도착 차내리다,다리 지나서 내려드릴까요?
SR,695,육교 곳 다음 여기,다리 지나서 내려드릴까요?
SR,696,육교 곳 다음 내리다,다리 지나서 내려주세요.
SR,697,육교 곳 다음 차내리다,다리 지나서 내려주세요.
SR,698,육교 곳 다음,다리 지나서 내려주세요.
SR,699,육교 곳 다음 도착 내리다,다리 지나서 내려주세요.
SR,700,육교 곳 다음 도착 차내리다,다리 지나서 내려주세요.
SR,701,육교 곳 다음 여기,다리 지나서 내려주세요.
SR,702,음악 듣다 중에,가요를 듣고 있어
SR,703,음악 듣다 중에,노래를 듣고 있어
SR,704,일 많다 혼자 불가능,이 많은 작업을 혼자서 맡는건 불가능해
SR,705,병 나다 치료 불가능,이 질병은 치료가 불가능하다
SR,706,병 나다 치료 불가능,이 병환은 치료가 불가능하다
SR,707,병 나다 치료 불가능,이 질환은 치료가 불가능하다
SR,708,저기 나 가지다 괜찮다,이것 내가 가져도 될까
SR,709,저기 너 가지다,이것 너 가져
SR,710,저기 너 가지다,이거 자네 가져
SR,711,오늘 일 나 맡다,이번 업무는 내가 직접 맡는다
SR,712,오늘 일 나 맡다,이번 직무는 내가 직접 맡는다
SR,713,오늘 일 나 맡다,이번 역할는 내가 직접 맡는다
SR,714,낯선 뒤 쫓아오다,이상한 인간이 저를 쫓아와요
SR,715,나 미래 친하다,지금부터 나와 친하게 지내자
SR,716,사람 관계 중요,사람관계는 중요하다
SR,717,일 끝 집 가다,작업을 끝내고 집에 갔어
SR,718,일 끝 집 가다,노동을 끝내고 집에 갔어
SR,719,일 끝 집 가다,근무를 끝내고 집에 갔어
SR,720,일 복수 힘들다,작업을 동시에 하려니 힘들다
SR,721,일 끝 쉬다 원하다,작업을 빨리 끝내고 쉬고 싶어
SR,722,일 끝 쉬다 원하다,노동을 빨리 끝내고 쉬고 싶어
SR,723,일 끝 쉬다 원하다,근무를 빨리 끝내고 쉬고 싶어
SR,724,일 너무 힘들다,작업이 너무 힘들다
SR,725,일 너무 힘들다,노동이 너무 힘들다
SR,726,일 너무 힘들다,근무가 너무 힘들다
SR,727,일 두 가지 일이 겹치다 바쁘다,작업이 많아서 너무 바쁘다
SR,728,일 어렵다,작업이 어려워요
SR,729,핸드폰 잃어버리다 찾다,잃어버린 핸드폰을 찾습니다.
SR,730,핸드폰 잃어버리다 찾다,잃어버린 휴대전화를 찾습니다.
SR,731,핸드폰 잃어버리다 찾다,잃어버린 휴대전화기를 찾습니다.
SR,732,옷 없다 어떻게,입을 의복이 없어 막막해
SR,733,옷 없다 어떻게,입을 의상이 없어 막막해
SR,734,신호등 다음 차내리다,저쪽 신호등 건너서 세워드릴까요?
SR,735,신호등 곳 차내리다,저쪽 신호등 앞에 세워드릴까요?
SR,736,신호등 곳 차내리다,저쪽 신호등 앞에 세워주세요.
SR,737,저기 맞다,저쪽서 내려주세요.
SR,738,저기 내리다 맞다,저쪽서 내려주세요.
SR,739,저기 차내리다 맞다,저쪽서 내려주세요.
SR,740,저기 쓰러지다 119 전화걸다 가능,"저쪽에 사람이 쓰러져 있는데, 119 좀 불러주실 수 있나요?"
SR,741,저기 쓰러지다,저쪽에 사람이 쓰러져 있어요.
SR,742,저기 쓰러지다,저기에 인간이 쓰러져 있어요.
SR,743,나 집 가다 때 택시 타다 괜찮다,저는 집에 갈경우 택시를 타면 돼요
SR,744,저기 방 안에 사람 있다,저방에 인간이 있어
SR,745,한달 누적사용 내역 보여주다,정기권 사용 내용을 보여드릴까요?
SR,746,한달 누적사용 내역 보다 원하다,정기권 사용 내용을 알고 싶습니다.
SR,747,경찰 부르다,제가 순사을 불렀습니다.
SR,748,도착 시간 딱,제시간에 당도합니다.
SR,749,제주  홍보  어디  곳,제주도 홍보관은 어디입니까?
SR,750,제주  홍보  곳  어디,제주도 홍보관은 어디입니까?
SR,751,제주  홍보  어디,제주도 홍보관은 어디입니까?
SR,752,제주  홍보  곳,제주도 홍보관은 어디입니까?
SR,753,물건 깔리다 몸 움직 불가능,주위 구조물이 무너져서 몸이 끼었어요. 몸을 움직이지 못하겠어요.
SR,754,물건 깔리다 몸 움직 불가능,주변 구조물이 무너져서 신체가 끼었어요. 신체를 움직이지 못하겠어요.
SR,755,물건 깔리다 몸 움직 불가능,주변 구조물이 무너져서 몸뚱이가 끼었어요. 몸뚱이를 움직이지 못하겠어요.
SR,756,지금 시작 해라,지금부터 착수해라
SR,757,지금 시작 해라,지금부터 거행해라
SR,758,지하철 곳 안내하다,지하철 갈아타는 위치로 안내해드릴까요?
SR,759,지하철 곳 안내하다,지하철 갈아타는 장소로 안내해드릴까요?
SR,760,지하철 곳 안내하다,지하철 갈아타는 곳으로 인솔해드릴까요?
SR,761,지하철 안 없다,지하철 내부에 없나요?
SR,762,지하철 안 없다,지하철 내부에 없습니다.
SR,763,지하철 안 불 피해 심하다,지하철 역 내부에서 화재가 발생했어요.
SR,764,지하철 문 틈 핸드폰 떨어지다,지하철 틈 사이로 핸드폰이 떨어졌습니다.
SR,765,지하철 문 틈 핸드폰 떨어지다,지하철 틈 사이로 휴대전화가 떨어졌습니다.
SR,766,지하철 문 틈 핸드폰 떨어지다,지하철 틈 사이로 휴대전화기가 떨어졌습니다.
SR,767,집 벽 넘어지다,주택 벽이 무너질려고 해요.
SR,768,집 벽 넘어지다,세대 벽이 무너질려고 해요.
SR,769,집 계시다 누구,댁에 누구 계셔
SR,770,집 계시다 누구,집에 누가 계셔
SR,771,집 도둑 넘어오다,집에 도적이 들어왔어요.
SR,772,집 낯선 넘어오다,댁에 모르는 사람이 침입했어요.
SR,773,차 안 강아지 방치 두다,차 내부에 강아지가 방치되어있어요.
SR,774,친구 전기 몸 자극 ,동무가 감전 사고를 당했어요.
SR,775,친구 쉼쉬다 안되다,동무가 숨을 안 쉬는 것 같아요.
SR,776,친구 먹다 중간 흰 네모 자르다 먹다 실수,동무가 음식을 먹다가 실수로 방부제를 같이 먹었어요.
SR,777,친구 심심하다 시간 나 부르다,동무는 심심하면 나를 부른다
SR,778,친구 만나다 끝,동무를 만났어
SR,779,친구 감기 전염 같다,동무한테 감기 옮은 것 같다
SR,780,캐리어  무게  어디  곳,캐리어 무게를 재는 위치는 어디인가요?
SR,781,캐리어  무게  곳  어디,캐리어 무게를 재는 위치는 어디인가요?
SR,782,캐리어  무게  어디,캐리어 무게를 재는 위치는 어디인가요?
SR,783,캐리어  무게  곳,캐리어 무게를 재는 위치는 어디인가요?
SR,784,캐리어  무게  어디  곳,캐리어 무게를 재는 장소는 어디인가요?
SR,785,캐리어  무게  곳  어디,캐리어 무게를 재는 장소는 어디인가요?
SR,786,캐리어  무게  어디,캐리어 무게를 재는 장소는 어디인가요?
SR,787,캐리어  무게  곳,캐리어 무게를 재는 장소는 어디인가요?
SR,788,타다 곳 맞다,타는 위치가 맞나요?
SR,789,타다 곳 맞다,타는 장소가 맞나요?
SR,790,택시 전 곳 도착 차내리다,택시정류소 못가서 내려주세요.
SR,791,택시 전 곳 저기,택시정류소 못가서 내려주세요.
SR,792,택시 전 저기 내리다,택시정류소 못가서 내려주세요.
SR,793,택시 전 저기 차내리다,택시정류소 못가서 내려주세요.
SR,794,택시 전 저기 곳,택시정류소 못가서 내려주세요.
SR,795,택시 전 저기 도착 내리다,택시정류소 못가서 내려주세요.
SR,796,택시 전 저기 도착 차내리다,택시정류소 못가서 내려주세요.
SR,797,택시 전 저기 곳 내리다,택시정류소 못가서 내려주세요.
SR,798,택시 전 저기 곳 차내리다,택시정류소 못가서 내려주세요.
SR,799,택시 전 저기 곳 도착 내리다,택시정류소 못가서 내려주세요.
SR,800,택시 전 저기 곳 도착 차내리다,택시정류소 못가서 내려주세요.
SR,801,택시 전 곳 도착 차내리다,택시승차장 못가서 내려주세요.
SR,802,택시 전 곳 저기,택시승차장 못가서 내려주세요.
SR,803,택시 전 저기 내리다,택시승차장 못가서 내려주세요.
SR,804,택시 전 저기 차내리다,택시승차장 못가서 내려주세요.
SR,805,택시 전 저기 곳,택시승차장 못가서 내려주세요.
SR,806,택시 전 저기 도착 내리다,택시승차장 못가서 내려주세요.
SR,807,택시 전 저기 도착 차내리다,택시승차장 못가서 내려주세요.
SR,808,택시 전 저기 곳 내리다,택시승차장 못가서 내려주세요.
SR,809,택시 전 저기 곳 차내리다,택시승차장 못가서 내려주세요.
SR,810,택시 전 저기 곳 도착 내리다,택시승차장 못가서 내려주세요.
SR,811,택시 전 저기 곳 도착 차내리다,택시승차장 못가서 내려주세요.
SR,812,택시 전 곳 도착 차내리다,택시정거장 못가서 내려주세요.
SR,813,택시 전 곳 저기,택시정거장 못가서 내려주세요.
SR,814,택시 전 저기 내리다,택시정거장 못가서 내려주세요.
SR,815,택시 전 저기 차내리다,택시정거장 못가서 내려주세요.
SR,816,택시 전 저기 곳,택시정거장 못가서 내려주세요.
SR,817,택시 전 저기 도착 내리다,택시정거장 못가서 내려주세요.
SR,818,택시 전 저기 도착 차내리다,택시정거장 못가서 내려주세요.
SR,819,택시 전 저기 곳 내리다,택시정거장 못가서 내려주세요.
SR,820,택시 전 저기 곳 차내리다,택시정거장 못가서 내려주세요.
SR,821,택시 전 저기 곳 도착 내리다,택시정거장 못가서 내려주세요.
SR,822,택시 전 저기 곳 도착 차내리다,택시정거장 못가서 내려주세요.
SR,823,학교 안 도착,학교 내부으로 들어가주세요.
SR,824,학교 저기,학교 내부으로 들어갈까요?
SR,825,학교 저기 가다,학교 내부으로 들어갈까요?
SR,826,학교 저기 곳,학교 내부으로 들어갈까요?
SR,827,학교 안 곳,학교 내부으로 들어갈까요?
SR,828,학교 안 도착,학교 내부으로 들어갈까요?
SR,829,학교 안 가다,학교 내부으로 들어갈까요?
SR,830,일 없다 심심하다,할 작업이 없어서 심심하다
SR,831,비행기  시간  바꾸다2  세금  돈  몇,항공사 예약 변동 수수료를 확인하고 싶은데 어떻게 하나요?
SR,832,비행기  안  핸드폰  충전  네모  가지다  가능,휴대전화 보조 배터리를 기내에 가져갈 수 있나요?
SR,833,핸드폰  충전  네모  비행기  안  가지다  가능,휴대전화 보조 배터리를 기내에 가져갈 수 있나요?
SR,834,비행기  안  핸드폰  충전  네모  가지다  가능,휴대폰 보조 배터리를 기내에 가져갈 수 있나요?
SR,835,핸드폰  충전  네모  비행기  안  가지다  가능,휴대폰 보조 배터리를 기내에 가져갈 수 있나요?
SR,836,비행기  안  핸드폰  충전  네모  가지다  가능,휴대전화기 보조 배터리를 기내에 가져갈 수 있나요?
SR,837,핸드폰  충전  네모  비행기  안  가지다  가능,휴대전화기 보조 배터리를 기내에 가져갈 수 있나요?
SR,838,핸드폰  충전  네모  짐  맡기다  가능,휴대전화 보조 배터리를 위탁 수하물로 보낼 수 있나요?
SR,839,핸드폰  충전  네모  짐  맡기다  가능,휴대폰 보조 배터리를 위탁 수하물로 보낼 수 있나요?
SR,840,핸드폰  충전  네모  짐  맡기다  가능,휴대전화기 보조 배터리를 위탁 수하물로 보낼 수 있나요?
SR,841,택시 돈 되다,현찰도 되나요?
SR,842,택시 돈 되다,현찰도 됩니다.
SR,843,돈,현찰이세요?
SR,844,돈,현찰입니다.
SR,845,지금 그녀 건강 너무 좋다,현재 그녀의 기력은 매우 좋아졌다
SR,846,형 책 필요 동생 시키다 책 장소 보내다,형은 도서를 사오라고 동생을 서점에 보냈다
SR,847,형 책 필요 동생 시키다 책 장소 보내다,형은 서적을 사오라고 동생을 서점에 보냈다
SR,848,홍수 집 물 채우다,홍수가 나서 주택이 물에 잠기고 있어요.
SR,849,홍수 집 물 채우다,홍수가 나서 가옥이 물에 잠기고 있어요.
SR,850,핸드폰 번호 필요,핸드폰 번호를 알려드릴까요?
SR,851,핸드폰 번호 필요,휴대전화 번호를 알려드릴까요?
SR,852,핸드폰 번호,핸드폰 번호입니다.
SR,853,핸드폰 번호,휴대전화 번호입니다.
SR,854,핸드폰 잃어버리다,핸드폰을 잃어버렸습니다.
SR,855,핸드폰 없다 잃어버리다,핸드폰을 잃어버렸습니다.
SR,856,핸드폰 실종,핸드폰을 잃어버렸습니다.
SR,857,핸드폰 없다 실종,핸드폰을 잃어버렸습니다.
SR,858,핸드폰 찾다 실종,핸드폰을 잃어버렸습니다.
SR,859,핸드폰 사라지다 실종,핸드폰을 잃어버렸습니다.
SR,860,핸드폰 잃어버리다 실종,핸드폰을 잃어버렸습니다.
SR,861,핸드폰 실종 잃어버리다,핸드폰을 잃어버렸습니다.
SR,862,핸드폰 잃어버리다,휴대전화를 잃어버렸습니다.
SR,863,핸드폰 없다 잃어버리다,휴대전화를 잃어버렸습니다.
SR,864,핸드폰 실종,휴대전화를 잃어버렸습니다.
SR,865,핸드폰 없다 실종,휴대전화를 잃어버렸습니다.
SR,866,핸드폰 찾다 실종,휴대전화를 잃어버렸습니다.
SR,867,핸드폰 사라지다 실종,휴대전화를 잃어버렸습니다.
SR,868,핸드폰 잃어버리다 실종,휴대전화를 잃어버렸습니다.
SR,869,핸드폰 실종 잃어버리다,휴대전화를 잃어버렸습니다.
SR,870,핸드폰 잃어버리다,휴대전화기를 잃어버렸습니다.
SR,871,핸드폰 없다 잃어버리다,휴대전화기를 잃어버렸습니다.
SR,872,핸드폰 실종,휴대전화기를 잃어버렸습니다.
SR,873,핸드폰 없다 실종,휴대전화기를 잃어버렸습니다.
SR,874,핸드폰 찾다 실종,휴대전화기를 잃어버렸습니다.
SR,875,핸드폰 사라지다 실종,휴대전화기를 잃어버렸습니다.
SR,876,핸드폰 잃어버리다 실종,휴대전화기를 잃어버렸습니다.
SR,877,핸드폰 실종 잃어버리다,휴대전화기를 잃어버렸습니다.
SR,878,핸드폰  충전  어디  곳,핸드폰을 충전할 수 있는 곳이 어디입니까?
SR,879,핸드폰  충전  곳  어디,핸드폰을 충전할 수 있는 곳이 어디입니까?
SR,880,핸드폰  충전  어디,핸드폰을 충전할 수 있는 곳이 어디입니까?
SR,881,핸드폰  충전  곳,핸드폰을 충전할 수 있는 곳이 어디입니까?
SR,882,핸드폰  충전  어디  곳,휴대전화를 충전할 수 있는 곳이 어디입니까?
SR,883,핸드폰  충전  곳  어디,휴대전화를 충전할 수 있는 곳이 어디입니까?
SR,884,핸드폰  충전  어디,휴대전화를 충전할 수 있는 곳이 어디입니까?
SR,885,핸드폰  충전  곳,휴대전화를 충전할 수 있는 곳이 어디입니까?
SR,886,핸드폰  충전  어디  곳,휴대전화기를 충전할 수 있는 곳이 어디입니까?
SR,887,핸드폰  충전  곳  어디,휴대전화기를 충전할 수 있는 곳이 어디입니까?
SR,888,핸드폰  충전  어디,휴대전화기를 충전할 수 있는 곳이 어디입니까?
SR,889,핸드폰  충전  곳,휴대전화기를 충전할 수 있는 곳이 어디입니까?
SR,890,핸드폰  충전  어디  곳,휴대폰을 충전할 수 있는 위치는 어디입니까?
SR,891,핸드폰  충전  곳  어디,휴대폰을 충전할 수 있는 위치는 어디입니까?
SR,892,핸드폰  충전  어디,휴대폰을 충전할 수 있는 위치는 어디입니까?
SR,893,핸드폰  충전  곳,휴대폰을 충전할 수 있는 위치는 어디입니까?
SR,894,핸드폰  충전  어디  곳,휴대폰을 충전할 수 있는 장소는 어디입니까?
SR,895,핸드폰  충전  곳  어디,휴대폰을 충전할 수 있는 장소는 어디입니까?
SR,896,핸드폰  충전  어디,휴대폰을 충전할 수 있는 장소는 어디입니까?
SR,897,핸드폰  충전  곳,휴대폰을 충전할 수 있는 장소는 어디입니까?
SR,898,쉬다 날 때문에 공원 장소 사람 많다,휴일이 되어서인지 공원에 인간이 많다
SR,899,힘들다 위로 힘,힘든 시기 위로 받으면 힘난다
SP,1,도착 10분 전,10분 후에 도착할 것인가?
SP,2,도착 10분 전,10분 이내에 도착하십시오.
SP,3,도착 10분,10분 후에 도착할 것인가?
SP,4,도착 10분,10분 후에 도착합니다.
SP,5,112 신고 부탁,112로 전화주세요.
SP,6,119 구하다 급하다 부르다 부탁,119 구조대에 전화하십시오.
SP,7,지하철 곳 12 무엇,플랫폼 12인가요?
SP,8,지하철 곳 12,플랫폼 12입니다.
SP,9,지하철 계단 12 무엇,12번 출구는 어디인가요?
SP,10,지하철 곳 1 무엇,플랫폼 1인가요?
SP,11,지하철 곳 번호 1,1번 플랫폼입니다.
SP,12,1시간 기다리다 오다 강하다,한시간 기다렸는데 왜 안오셨어요?
SP,13,도착 1시간 전,한 시간 안에 도착할 것인가?
SP,14,도착 1시간 전,1시간 이내에 도착합니다.
SP,15,도착 1시,1시에 도착할까요?
SP,16,도착 1시,1시에 도착해요.
SP,17,1호 첫차 시간,1호선의 첫 열차는 몇 시입니까?
SP,18,1호 갈아타다 목적 곳곳,어디에서 1호선으로 환승하나요?
SP,19,1호 갈아타다,1행으로 변경합니다.
SP,20,1호 갈아타다,1행으로 변경하시겠습니까?
SP,21,1호 곳 무엇,1호선은 어디서 타나요?
SP,22,카드 1회 되다,일회용 카드를 사용할 수 있습니까?
SP,23,2016 새롭다 날 시작,"2016년, 새해가 시작됩니다"
SP,24,3 가다 무엇 방법,3번 출구로 나가려면 어떻게 해야 하나요?
SP,25,3 가다 원하다 무엇 방법,3번 출구로 나가려면 어떻게 해야 하나요?
SP,26,3 찾다 무엇 방법,3번 출구로 나가려면 어떻게 해야 하나요?
SP,27,3 목적 곳 방법,3번 출구로 나가려면 어떻게 해야 하나요?
SP,28,3 가다 원하다 곳 방법,3번 출구로 나가려면 어떻게 해야 하나요?
SP,29,3 찾다 곳 방법,3번 출구로 나가려면 어떻게 해야 하나요?
SP,30,3 곳 길 방법,3번 출구로 나가려면 어떻게 해야 하나요?
SP,31,3 목적 길 방법,3번 출구로 나가려면 어떻게 해야 하나요?
SP,32,3 가다 길 방법,3번 출구로 나가려면 어떻게 해야 하나요?
SP,33,3 가다 원하다 길 방법,3번 출구로 나가려면 어떻게 해야 하나요?
SP,34,3 찾다 길 방법,3번 출구로 나가려면 어떻게 해야 하나요?
SP,35,3 곳 길 무엇,3번 출구로 나가려면 어떻게 해야 하나요?
SP,36,3 목적 길 무엇,3번 출구로 나가려면 어떻게 해야 하나요?
SP,37,3 가다 길 무엇,3번 출구로 나가려면 어떻게 해야 하나요?
SP,38,3 가다 원하다 길 무엇,3번 출구로 나가려면 어떻게 해야 하나요?
SP,39,3 찾다 길 무엇,3번 출구로 나가려면 어떻게 해야 하나요?
SP,40,도착 3시,3시에 도착할까요?
SP,41,도착 40분,40분 후에 도착할까요?
SP,42,지연되다 5분,5분 늦었어?
SP,43,지하철 곳 8호,여기가 8호선을 타는 곳입니다.
SP,44,지하철 곳 9호,여기가 9호선을 타는 곳입니다.
SP,45,9호 갈아타다 목적 곳곳,어디서 9호선으로 환승하나요?
SP,46,지금 전화 해보다,가기 전에 먼저 물어보자
SP,47,정보  묻다  곳  가다  부탁,가까운 안내데스크를 이용해주세요.
SP,48,시간 가능 -면 이틀 동안 시골 가다 살다 원하다,가능하면 이틀동안 시골에 가고싶다
SP,49,가능,가능합니까?
SP,50,가능,있을 수있다.
SP,51,가방 잃어버리다,가방을 잃어버렸어요.
SP,52,가방 없다 잃어버리다,가방을 잃어버렸어요.
SP,53,가방 실종,가방을 잃어버렸어요.
SP,54,가방 없다 실종,가방을 잃어버렸어요.
SP,55,가방 찾다 실종,가방을 잃어버렸어요.
SP,56,가방 사라지다 실종,가방을 잃어버렸어요.
SP,57,가방 잃어버리다 실종,가방을 잃어버렸어요.
SP,58,가방 실종 잃어버리다,가방을 잃어버렸어요.
SP,59,가스 고장 흐르다,가스 누출이 있는 것 같아요.
SP,60,가스 고장 흐르다,가스가 새고 있습니다.
SP,61,비행기  안  가위  가지다  가능,가위를 기내에 반입할 수 있나요?
SP,62,가위  비행기  안  가지다  가능,가위를 기내에 반입할 수 있나요?
SP,63,가위  짐  맡기다  가능,가위를 위탁 수하물로 보낼 수 있습니까?
SP,64,가을 되다 세상 노랗다 변하다,가을이 오면 온 세상이 노랗게 변해
SP,65,제일  가깝다  곳  찾다  드리다,가장 가까운 위치를 찾아드리겠습니다.
SP,66,가다 빨리 방법,가장 빠른 방법은 무엇입니까?
SP,67,감독 맡다,감독하다
SP,68,감사,감사하다
SP,69,감사합니다,감사 해요.
SP,70,감사,감사 해요.
SP,71,강남 가다 목적 지하철 갈아타다 몇호,강남역에 가려면 어떤 노선으로 갈아타야 하나요?
SP,72,강도 넘어오다 아마,강도가 들어온 것 같아요.
SP,73,개 뼈 뼈다귀 삼키다,개가 뼈를 삼켰습니다.
SP,74,개 죽다 슬프다,개가 죽어서 슬프다
SP,75,개 데려가다 걷다,개를 산책시키다
SP,76,개 키우다,개를 기르다
SP,77,지하철 안 에어컨 냄새,객실 에어컨에서 불쾌한 냄새가 납니다.
SP,78,지하철 안 냄새,방에 불쾌한 냄새가 납니다.
SP,79,거짓말 싫다,거짓말 싫어
SP,80,걱정 하지마 나 너 돕다 주다,걱정하지 마세요. 제가 도와드리겠습니다.
SP,81,건강 돌보다,건강을 돌봐
SP,82,건너다,반대편에서 내려드릴까요?
SP,83,건너다 내리다,반대편에서 내려드릴까요?
SP,84,건너다 차내리다,반대편에서 내려드릴까요?
SP,85,건너다 오케이,반대편에서 내려드릴까요?
SP,86,건너다 차두다,반대편에서 내려드릴까요?
SP,87,건너다 내리다 오케이,반대편에서 내려드릴까요?
SP,88,건너다 차내리다 오케이,반대편에서 내려드릴까요?
SP,89,건너다,반대편에서 내려주세요.
SP,90,건너다 내리다,반대편에서 내려주세요.
SP,91,건너다 차내리다,반대편에서 내려주세요.
SP,92,건너다 오케이,반대편에서 내려주세요.
SP,93,건너다 차두다,반대편에서 내려주세요.
SP,94,건너다 내리다 오케이,반대편에서 내려주세요.
SP,95,건너다 차내리다 오케이,반대편에서 내려주세요.
SP,96,걷다 빠르다,빨리 걷다
SP,97,겨울 끝 봄 빨리 다가오다,겨울이 지나면 봄이 온다
SP,98,결과 무엇 너무 궁금하다,결과가 어땠는지 정말 궁금합니다
SP,99,경찰 다음 여기,경찰서 지나서 내려줄까요?
SP,100,경찰 저기 곳 다음 내리다,경찰서 지나서 내려줄까요?
SP,101,경찰 저기 곳 다음 차내리다,경찰서 지나서 내려줄까요?
SP,102,경찰 저기 곳 다음,경찰서 지나서 내려줄까요?
SP,103,경찰 저기 곳 다음 도착 내리다,경찰서 지나서 내려줄까요?
SP,104,경찰 저기 곳 다음 도착 차내리다,경찰서 지나서 내려줄까요?
SP,105,경찰 곳 다음 여기,경찰서를 지나서 내리시기 바랍니다.
SP,106,경찰 저기 곳 다음 내리다,경찰서를 지나서 내리시기 바랍니다.
SP,107,경찰 저기 곳 다음 차내리다,경찰서를 지나서 내리시기 바랍니다.
SP,108,경찰 저기 곳 다음,경찰서를 지나서 내리시기 바랍니다.
SP,109,경찰 저기 곳 다음 도착 내리다,경찰서를 지나서 내리시기 바랍니다.
SP,110,경찰 저기 곳 다음 도착 차내리다,경찰서를 지나서 내리시기 바랍니다.
SP,111,경찰 전화걸다,경찰에 전화해
SP,112,경찰 부르다,경찰을 부를까요?
SP,113,계단 무엇,계단은 어디에 있습니까?
SP,114,계단 곳,계단은 어디에 있습니까?
SP,115,계단 곳 무엇,계단은 어디에 있습니까?
SP,116,계단 곳곳,계단은 어디에 있습니까?
SP,117,계단 무엇 곳,계단은 어디에 있습니까?
SP,118,계단 뼈곳,계단은 어디에 있습니까?
SP,119,돈 계산 잘못하다,계산이 잘못되었습니다.
SP,120,은행 번호 필요,계좌번호를 알려주실 수 있나요?
SP,121,은행 번호 받다,계좌번호를 알려주세요
SP,122,계획 만들다,계획을 세우다
SP,123,계획 보류 자연 미루다,계획이 보류되고 연기되었습니다
SP,124,계획 끝 일 오늘 시작,계획한 일을 수행했다
SP,125,감사 마음 전하다 위하다 편지 쓰다,감사의 마음을 전하기 위해 편지를 준비했습니다.
SP,126,고속 돈주다,고속도로 통행료를 지불해야 합니다.
SP,127,고속 빨리,고속도로는 빠릅니다.
SP,128,고속도로 자동차 갑자기 멈추다,고속도로에서 차가 갑자기 멈췄다.
SP,129,고속 지하철 9호 갈아타다,고속버스터미널에서 9호선으로 갈아타려고 합니다.
SP,130,고속 지하철 9호 갈아타다 방법,고속버스터미널에서 9호선으로 갈아타려면 어디로 갑니까?
SP,131,전기 기둥 줄 끊어지다,고압선이 끊어졌습니다.
SP,132,지름길 차내리다,골목으로 들어가 멈춰주세요.
SP,133,지름길 내리다,골목으로 들어가 멈춰주세요.
SP,134,샛길 저기,골목으로 들어가 볼까요?
SP,135,샛길 저기 가다,골목으로 들어가 볼까요?
SP,136,샛길 저기 곳,골목으로 들어가 볼까요?
SP,137,샛길 곳,골목으로 들어가 볼까요?
SP,138,샛길 도착,골목으로 들어가 볼까요?
SP,139,샛길 여기 가다,골목으로 들어가 볼까요?
SP,140,비행기  안  골프채  가지다  가능,골프채를 기내에 반입할 수 있습니까?
SP,141,골프채  비행기  안  가지다  가능,골프채를 기내에 반입할 수 있습니까?
SP,142,골프채  짐  맡기다  가능,골프채를 위탁수하물로 보낼 수 있나요?
SP,143,공기청정기 사용 안되다 죽다,공기청정기가 작동하지 않습니다.
SP,144,공기청정기 고장 불량,공기청정기가 작동하지 않습니다.
SP,145,공기청정기 안되다 불량,공기청정기가 작동하지 않습니다.
SP,146,공기청정기 잘 안되다 불량,공기청정기가 작동하지 않습니다.
SP,147,공기청정기 사용 안되다 불량,공기청정기가 작동하지 않습니다.
SP,148,공기청정기 사용 불가능 불량,공기청정기가 작동하지 않습니다.
SP,149,공기청정기 불량 고장,공기청정기가 작동하지 않습니다.
SP,150,공기청정기 안되다 고장,공기청정기가 작동하지 않습니다.
SP,151,공기청정기 잘 안되다 고장,공기청정기가 작동하지 않습니다.
SP,152,제일 쉽다 무엇 공부,공부가 제일 쉬웠다
SP,153,공부,공부가 제일 쉬웠다
SP,154,공부 끝,공부를 끝내다
SP,155,공부 잘하다,공부를 잘한다
SP,156,공부 싫다,공부하기 싫어
SP,157,착하다 말하다,정중하게 말하다
SP,158,항공  목욕  어디  곳,공항의 샤워 시설은 어디에 있습니까?
SP,159,항공  목욕  곳  어디,공항의 샤워 시설은 어디에 있습니까?
SP,160,항공  목욕  어디,공항의 샤워 시설은 어디에 있습니까?
SP,161,항공  목욕  곳,공항의 샤워 시설은 어디에 있습니까?
SP,162,항공  목욕  어디  곳,공항의 샤워실은 어디에 있습니까?
SP,163,항공  목욕  곳  어디,공항의 샤워실은 어디에 있습니까?
SP,164,항공  목욕  어디,공항의 샤워실은 어디에 있습니까?
SP,165,항공  목욕  곳,공항의 샤워실은 어디에 있습니까?
SP,166,항공  잠  어디  곳,공항의 침실은 어디에 있습니까?
SP,167,항공  잠  곳  어디,공항의 침실은 어디에 있습니까?
SP,168,항공  잠  어디,공항의 침실은 어디에 있습니까?
SP,169,항공  잠  곳,공항의 침실은 어디에 있습니까?
SP,170,항공  배달  어디  곳,공항에서 소포를 어디로 보낼 수 있습니까?
SP,171,항공  배달  곳  어디,공항에서 소포를 어디로 보낼 수 있습니까?
SP,172,항공  배달  어디,공항에서 소포를 어디로 보낼 수 있습니까?
SP,173,항공  배달  곳,공항에서 소포를 어디로 보낼 수 있습니까?
SP,174,호텔  항공  가깝다  어디  곳,공항 근처에 호텔이 있습니까?
SP,175,호텔  항공  가깝다  곳  어디,공항 근처에 호텔이 있습니까?
SP,176,호텔  항공  가깝다  어디,공항 근처에 호텔이 있습니까?
SP,177,호텔  항공  가깝다  곳,공항 근처에 호텔이 있습니까?
SP,178,공항 버스 곳 전 보다 도착 차내리다,공항버스 정류장에서 내리시기 바랍니다.
SP,179,공항 버스 전 곳 보다 도착 내리다,공항버스 정류장에서 내리시기 바랍니다.
SP,180,공항 버스 전 곳 보다 도착 차내리다,공항버스 정류장에서 내리시기 바랍니다.
SP,181,공항 버스 곳 전 보다 저기,공항버스 정류장에서 내리시기 바랍니다.
SP,182,공항 버스 전 곳 보다 저기,공항버스 정류장에서 내리시기 바랍니다.
SP,183,공항 버스 보다 곳 전 내리다,공항버스 정류장에서 내리시기 바랍니다.
SP,184,공항 버스 보다 곳 전 차내리다,공항버스 정류장에서 내리시기 바랍니다.
SP,185,공항 버스 보다 전 곳 내리다,공항버스 정류장에서 내리시기 바랍니다.
SP,186,공항 버스 보다 전 곳 차내리다,공항버스 정류장에서 내리시기 바랍니다.
SP,187,공항 버스 보다 곳 전 도착 내리다,공항버스 정류장에서 내리시기 바랍니다.
SP,188,공항  방문  농인  위하다  서비스  드리다,공항을 이용하는 청각 장애인을 위한 서비스를 제공합니다.
SP,189,항공  지하철  어디  곳,공항철도는 어디에서 탈 수 있나요?
SP,190,항공  지하철  곳  어디,공항철도는 어디에서 탈 수 있나요?
SP,191,항공  지하철  어디,공항철도는 어디에서 탈 수 있나요?
SP,192,항공  지하철  곳,공항철도는 어디에서 탈 수 있나요?
SP,193,여행  정보  묻다  어디  곳,관광안내소는 어디에 있나요?
SP,194,여행  정보  묻다  곳  어디,관광안내소는 어디에 있나요?
SP,195,여행  정보  묻다  어디,관광안내소는 어디에 있나요?
SP,196,여행  정보  묻다  곳,관광안내소는 어디에 있나요?
SP,197,개 미치다 병 물다,광견병에 걸린 개에게 물렸습니다.
SP,198,괜찮다,괜찮아
SP,199,교통카드 충전,교통카드를 충전해주세요.
SP,200,지하철 단말기터치 안되다,교통카드가 작동하지 않습니까?
SP,201,교통카드 남다 돈 얼마,교통카드 잔액은 얼마입니까?
SP,202,한국  안  이륙  어디  곳,국내선 출국장은 어디인가요?
SP,203,한국  안  이륙  곳  어디,국내선 출국장은 어디인가요?
SP,204,한국  안  이륙  어디,국내선 출국장은 어디인가요?
SP,205,한국  안  이륙  곳,국내선 출국장은 어디인가요?
SP,206,한국  안  다르다  나라  이륙  어디  곳,국제선 출국장은 어디에 있습니까?
SP,207,한국  안  다르다  나라  이륙  곳  어디,국제선 출국장은 어디에 있습니까?
SP,208,한국  안  다르다  나라  이륙  어디,국제선 출국장은 어디에 있습니까?
SP,209,한국  안  다르다  나라  이륙  곳,국제선 출국장은 어디에 있습니까?
SP,210,다르다  나라  한국  안  이륙  어디  곳,국제선 출국장은 어디에 있습니까?
SP,211,다르다  나라  한국  안  이륙  곳  어디,국제선 출국장은 어디에 있습니까?
SP,212,다르다  나라  한국  안  이륙  어디,국제선 출국장은 어디에 있습니까?
SP,213,다르다  나라  한국  안  이륙  곳,국제선 출국장은 어디에 있습니까?
SP,214,군인 나라 지키다 위하다 목숨 맡기다,군인들은 나라를 지키기 위해 목숨을 바쳤습니다.
SP,215,기억 모두 잊다 부탁,그 기억을 잊어
SP,216,남자 만나다 싫다,나는 그 남자를 만나고 싶지 않다
SP,217,지금 끝 수고 많다,당신은 지금까지 열심히 일했습니다
SP,218,돈 많다 하루 갚다 가능 불가능,그 많은 돈을 하루아침에 갚는 것은 불가능하다.
SP,219,학생 공부 하다 아니다 놀다 뿐,아이는 공부하지 않고 놀기만 한다
SP,220,여자 나 친하다 친구,그녀는 내 가장 친한 친구야
SP,221,여자 남편 없다 혼자 자녀 3 키우다,남편 없이 홀로 세 아이를 키웠다.
SP,222,여자 매력 또 귀엽다,그녀는 매우 매력적이고 귀엽다
SP,223,여자 아기 자다 얼굴 보다 행복 미소,잠든 아이의 얼굴을 바라보며 행복한 미소를 지었다
SP,224,남자 나 불편하다 생각 아마,그는 나를 불편하게 만드는 것 같았어
SP,225,사람 모두 놀라다 동시에 보다,그들은 깜짝 놀라 동시에 뒤를 돌아보았다.
SP,226,그것 같다 생각 -면 감사,그렇게 생각해주셔서 감사합니다
SP,227,그릇 깨끗하다 씻다 끝,나는 접시를 씻었다
SP,228,남자 생각 궁금 물어보다,나는 그에게 어떻게 생각하는지 물었다.
SP,229,버스 곳 가깝다,근처에 버스 정류장이 있습니까?
SP,230,약 가깝다,근처에 약국이 있습니까?
SP,231,주변 건물 붕괴,근처 건물이 무너지고 있습니다.
SP,232,택시 곳 가깝다,근처에 택시 승강장이 있습니까?
SP,233,주변 폭탄,근처에서 폭탄이 터졌습니다.
SP,234,계산 잘못하다,금액이 맞지 않습니까?
SP,235,계산 틀리다,금액이 일치하지 않습니다.
SP,236,물 강 빠르다 서다 넘어지다 ,내 친구는 급류에 휩쓸려 갔다.
SP,237,가방  비행기  안  가지다  가능  개수  몇,휴대 수하물은 몇 개까지 허용되나요?
SP,238,가방  비행기  안  가지다  무게  한계  몇,휴대 수하물의 무게 한도는 어떻게 됩니까?
SP,239,가방  비행기  안  가지다  무게  최고  가능  몇,휴대 수하물의 무게 한도는 어떻게 됩니까?
SP,240,비행기  안  물건  가지다  안되다  무엇,기내 반입 금지 품목을 알려주세요.
SP,241,비행기  안  물건  가지다  금지  무엇,기내 반입 금지 품목을 알려주세요.
SP,242,기념  물건  어디  곳,기념품 가게는 어디에 있습니까?
SP,243,기념  물건  곳  어디,기념품 가게는 어디에 있습니까?
SP,244,기념  물건  어디,기념품 가게는 어디에 있습니까?
SP,245,기념  물건  곳,기념품 가게는 어디에 있습니까?
SP,246,기다리다 지루하다,기다리다 지쳤어
SP,247,택시 기본 만원,"기본요금은 10,000원입니다."
SP,248,택시 기본 오천원,"기본요금은 5,000원입니다."
SP,249,택시 기본 만원,"기본요금은 10,000원인가요?"
SP,250,기분 나쁘다 생각 가지다 하지마,기분 나빠하지 마
SP,251,기분 나쁘다,기분이 나쁘다
SP,252,기쁘다,행복하다
SP,253,기억,기억 나니
SP,254,아기  기저귀  바꾸다2  어디  곳,기저귀 교환대는 어디에 있나요?
SP,255,아기  기저귀  바꾸다2  곳  어디,기저귀 교환대는 어디에 있나요?
SP,256,아기  기저귀  바꾸다2  어디,기저귀 교환대는 어디에 있나요?
SP,257,아기  기저귀  바꾸다2  곳,기저귀 교환대는 어디에 있나요?
SP,258,기차 곳 맞다,기차역에서 내리시기 바랍니다.
SP,259,기차 곳 내리다 맞다,기차역에서 내리시기 바랍니다.
SP,260,기차 곳 차내리다 맞다,기차역에서 내리시기 바랍니다.
SP,261,길 안내하다 도와주다,길을 찾도록 도와드릴까요?
SP,262,길 곳곳 도움받다,내 길을 찾도록 도와줘
SP,263,공항 내리다 가다,김포공항으로 가볼까요?
SP,264,공항 차내리다 가다,김포공항으로 가볼까요?
SP,265,공항 도착 가다,김포공항으로 가볼까요?
SP,266,공항 목적 가다,김포공항으로 가볼까요?
SP,267,공항 곳 가다,김포공항으로 가볼까요?
SP,268,공항 가다 내리다,김포공항으로 가볼까요?
SP,269,공항 가다 차내리다,김포공항으로 가볼까요?
SP,270,공기 깨끗하다 공기 시원하다,맑은 공기 들이마시니 기분이 상쾌해진다
SP,271,손 들다 움직이다 쏘다,움직이지 말고 손을 들고 움직이면 쏴라.
SP,272,끝 먹다 가다,끝나면 밥먹으러 가자
SP,273,끝,끝났다.
SP,274,지금 바쁘다 미래 연락,바쁘니까 나중에 전화할게
SP,275,나 너 싫다,당신이 싫어요
SP,276,나 대전 살다 -중,나는 대전에 산다
SP,277,나 덥다 날 싫다,난 그냥 더운 날씨가 싫어
SP,278,나 뱀 무섭다,나는 뱀이 무서워
SP,279,나 오랜만 오빠 만나다 기쁘다,오랜만에 형님을 뵙게되어 반가웠습니다
SP,280,나 할머니 돌아가다 슬프다,나는 할머니의 죽음에 한없이 슬펐다.
SP,281,나무 이용 만들다 집 벌레 많다,목조주택에는 벌레가 많다
SP,282,나 -보다 일 잘하다 질투,나보다 잘하니까 질투난다
SP,283,나쁘다 버릇 치료하다,나쁜 습관을 고치다
SP,284,나사렛 가다,나사렛대학교로 가십시오.
SP,285,나사렛 내리다,나사렛대학교로 가십시오.
SP,286,나사렛 차내리다,나사렛대학교로 가십시오.
SP,287,나사렛 도착,나사렛대학교로 가십시오.
SP,288,나사렛 목적,나사렛대학교로 가십시오.
SP,289,나사렛 곳,나사렛대학교로 가십시오.
SP,290,나 대하여 소문 무엇 궁금하다,나에 대한 소문이 궁금해
SP,291,나 돈 1000 있다,1000원이 있어요
SP,292,나 남편 자녀 있다,남편과 아이들이 있어요
SP,293,비행기  안  낚시대  가지다  가능,낚싯대를 기내에 반입할 수 있나요?
SP,294,낚시대  비행기  안  가지다  가능,낚싯대를 기내에 반입할 수 있나요?
SP,295,낚시대  짐  맡기다  가능,낚싯대를 위탁 수하물로 보낼 수 있습니까?
SP,296,나 너 포기 불가능,나는 당신을 포기할 수 없습니다
SP,297,나 너 너무 좋다,나는 당신이 너무 좋아
SP,298,가능,저 할 수 있어요
SP,299,날 춥다 따뜻하다 입다 가다,추우니까 따뜻하게 입고 다니세요
SP,300,춥다 때문에 따뜻하다 입다 약속,추우니까 따뜻하게 입고 다니세요
SP,301,남동생 공 가지다 학교 장소 가다,남동생은 공을 가지고 학교에 갔다
SP,302,다르다 사람 믿다 속다,남의 말을 믿고 뒤통수를 맞았다
SP,303,남편 높다 추락 머리 피흐르다,남편이 높은 곳에서 떨어져 머리에서 피를 흘립니다.
SP,304,남편 술 마시다 때문에 고생,남편이 술을 마시기 때문에 힘들어요
SP,305,낳다,출산하다
SP,306,나 말 듣다 제발,내 말을 들어
SP,307,나 삶 불행,내 인생은 불행하다
SP,308,보다 부족 답답하다,내 자신이 부족해서 미안했다
SP,309,나 너 -보다 키크다,나는 너보다 크다
SP,310,너 -보다 나 더 예쁘다,난 너보다 예뻐
SP,311,저 방 갇히다,나는 방에 갇혔다.
SP,312,내리다,내리다
SP,313,내리다 시간 알려주다,내가 내릴 때 알려줄 수 있니?
SP,314,내리다 곳 알려주다,어디서 내려야 하는지 알려주실 수 있나요?
SP,315,내리다 곳 알려받다,어느 역에서 내릴지 알려주세요.
SP,316,내리다,우리 내릴까요?
SP,317,내일 괜찮다 아마,내일은 괜찮을거야
SP,318,너 저기 남자 친하다,당신은 그 남자와 친구입니까?
SP,319,너 때문에 못하다,너 때문에 못했어
SP,320,너 계속 반복 데려가다 안하다,계속 이러시면 안 데려가겠습니다.
SP,321,너 나 피 귀잡다 같다,너와 나는 혈액형이 같다
SP,322,너무 기쁘다 눈물 흘리다,너무 행복해서 눈물이 흘렀다
SP,323,덥다 아이스크림 먹다 원하다,너무 더워 아이스크림이 먹고 싶어
SP,324,심심하다,너무 지루해
SP,325,너무 춥다,너무 춥다
SP,326,너무 춥다 옷 두껍다 입다,너무 추워서 두꺼운 옷을 입었어요
SP,327,힘들다 위로 원하다,너무 힘들어 위로받고 싶어
SP,328,너 -보다 여자 더 마르다,그녀는 너보다 날씬해
SP,329,나 너 비교 나 빠르다,나는 너보다 빠르다
SP,330,너 믿다,나는 당신을 믿을 것입니다
SP,331,너 마음 궁금,어떻게 생각하는지 궁금하다
SP,332,너 오다 그렇다면 감사,와주시면 감사하겠습니다
SP,333,비행기  안  노트북  가지다  가능,노트북을 기내에 반입할 수 있나요?
SP,334,노트북  비행기  안  가지다  가능,노트북을 기내에 반입할 수 있나요?
SP,335,노트북  짐  맡기다  가능,노트북을 위탁 수하물로 보낼 수 있습니까?
SP,336,노트북 잃어버리다,노트북을 잃어버렸어요.
SP,337,노트북 없다 잃어버리다,노트북을 잃어버렸어요.
SP,338,노트북 실종,노트북을 잃어버렸어요.
SP,339,노트북 없다 실종,노트북을 잃어버렸어요.
SP,340,노트북 찾다 실종,노트북을 잃어버렸어요.
SP,341,노트북 사라지다 실종,노트북을 잃어버렸어요.
SP,342,노트북 잃어버리다 실종,노트북을 잃어버렸어요.
SP,343,노트북 실종 잃어버리다,노트북을 잃어버렸어요.
SP,344,놀다 원하다 많다 놀다,놀고 싶을 때 열심히 놀아
SP,345,너 데려가다 누구,누가 널 데려왔어
SP,346,만나다 누구,누군가를 만나다
SP,347,누구,누구야?
SP,348,누나 동생 심부름 시키다 시장 보내다,누나가 동생에게 시장에 심부름을 시켰다
SP,349,눈 물건 더럽다 들어오다,이물질이 눈에 들어갔습니다.
SP,350,눈 -중 눈 사람 만들다 놀다,눈이 와서 눈사람을 만든다
SP,351,항상,항상 그런가요?
SP,352,항상,항상 그렇습니다.
SP,353,카드 다르다 또 없다,다른 카드가 있습니까?
SP,354,카드 또 다르다 없다,다른 카드가 있습니까?
SP,355,다시 만나다 기쁘다,다시 만나서 너무 기뻐
SP,356,다시  수어  부탁,다시 수화를 부탁드립니다.
SP,357,다시,다시 시도하십시오.
SP,358,다시,다시 시도해 볼까요?
SP,359,또 헤어지다 하지마,다시는 헤어지지 말자
SP,360,다음 몇분,다음 역까지 몇 분이 걸리나요?
SP,361,하나 다음 내리다,다음 역에서 내리나요?
SP,362,다음  또  오다  부탁,다음에 또 이용해주세요.
SP,363,담배 몸 나쁘다,담배는 건강에 해롭다
SP,364,한국  항공  표  어디  곳,대한항공 카운터는 어디인가요?
SP,365,한국  항공  표  곳  어디,대한항공 카운터는 어디인가요?
SP,366,한국  항공  표  어디,대한항공 카운터는 어디인가요?
SP,367,한국  항공  표  곳,대한항공 카운터는 어디인가요?
SP,368,궁금  또  있다,더 궁금한 사항이 있으신가요?
SP,369,또 궁금하다 있다 물어보다,더 질문하세요
SP,370,너무 덥다 공부 못하다,더워서 공부 못해요
SP,371,읽다 장소 오다 그렇지만 공부 못하다,도서관에 갔는데 공부를 못했어요
SP,372,도움받다 가능,도울 수 있니?
SP,373,돕다본인 감사,당신의 도움을 주셔서 감사합니다
SP,374,도착 시간 알려받다,도착 시간을 알려주세요.
SP,375,도착 시간 알려주다,도착 시간을 말씀해 주시겠습니까?
SP,376,도착 시간 저녁 9시 정도,도착 시간은 오후 9시입니다
SP,377,도착 몇분,도착하려면 몇 분 남았습니까?
SP,378,도착 알려받다,언제 도착하는지 알려주실 수 있나요?
SP,379,도착 알려받다 가능,언제 도착하는지 알려주실 수 있나요?
SP,380,도착,도착 했니?
SP,381,나 돈 때문에 걱정 -중,나는 돈에 대해 많이 걱정한다
SP,382,부서 만들다 끝,나는 클럽을 만들었다
SP,383,둘 성격 원인 헤어지다,두 사람은 성격 차이로 결별했다.
SP,384,따뜻하다,따뜻한
SP,385,비행기  안  담배  라이터  가지다  가능,라이터를 기내에 반입할 수 있나요?
SP,386,담배  라이터  비행기  안  가지다  가능,라이터를 기내에 반입할 수 있나요?
SP,387,담배  라이터  짐  맡기다  가능,라이터를 위탁 수하물로 보낼 수 있습니까?
SP,388,차  빌리다  어디  곳,어디에서 렌터카를 빌릴 수 있나요?
SP,389,차  빌리다  곳  어디,어디에서 렌터카를 빌릴 수 있나요?
SP,390,차  빌리다  어디,어디에서 렌터카를 빌릴 수 있나요?
SP,391,차  빌리다  곳,어디에서 렌터카를 빌릴 수 있나요?
SP,392,차  빌리다  방법,렌터카는 어떻게 이용하나요?
SP,393,다르다  나라  인터넷  신청  어디  곳,로밍센터는 어디에 있나요?
SP,394,다르다  나라  인터넷  신청  곳  어디,로밍센터는 어디에 있나요?
SP,395,다르다  나라  인터넷  신청  어디,로밍센터는 어디에 있나요?
SP,396,다르다  나라  인터넷  신청  곳,로밍센터는 어디에 있나요?
SP,397,로밍,로밍센터는 어디에 있나요?
SP,398,마음에들다 있다 가지다 되다,좋아하는 것이 있으면 하나 가질 수 있습니다.
SP,399,마음 아프다,내 마음이 아파
SP,400,마포대교 가다,마포대교를 건너주세요.
SP,401,막차 시간,마지막 기차는 몇 시입니까?
SP,402,만나다 반갑다,만나서 반가워요
SP,403,충분하다,당신은 만족합니까?
SP,404,시간 급하다,바쁘세요?
SP,405,벌 크다 침 팔 주사,나는 말벌에게 쏘였다.
SP,406,맞다,예.
SP,407,맡다,~을 책임지다
SP,408,매일 살다 여전히 지겹다,일상이 지겹다
SP,409,매일 씻다 너무 귀찮다,매일 씻기 귀찮아
SP,410,멀리 오다 수고 많다,먼길 오시느라 고생 많으셨습니다
SP,411,세금  공짜  어디  곳,면세점은 어디에 있나요?
SP,412,세금  공짜  곳  어디,면세점은 어디에 있나요?
SP,413,세금  공짜  어디,면세점은 어디에 있나요?
SP,414,세금  공짜  곳,면세점은 어디에 있나요?
SP,415,명동 가다,명동역으로 가세요.
SP,416,명동 내리다,명동역으로 가세요.
SP,417,명동 차내리다,명동역으로 가세요.
SP,418,명동 도착,명동역으로 가세요.
SP,419,명동 목적,명동역으로 가세요.
SP,420,명동 곳,명동역으로 가세요.
SP,421,지하철 곳 명동 맞다,명동역인가?
SP,422,지하철 곳 명동 맞다,명동역 맞습니다.
SP,423,몇사람,몇 명입니까?
SP,424,도착 가능 몇분,몇 분에 도착할 예정입니까?
SP,425,시간 지연되다 몇분,몇 분 지연 되었습니까?
SP,426,4사람,모두 4명.
SP,427,사람 모두 기쁘다 나 만나다,모두가 나를 기쁘게 맞이했다
SP,428,모두 일 쉽다 아니다,모든 것이 쉽지는 않다
SP,429,모르다,모르겠어요.
SP,430,핸드폰  비행기  표  충전  싶다  방법,모바일 탑승권을 사용하고 싶습니다. 어떻게 해야 하나요?
SP,431,모임 끝 친구 헤어지다 섭섭,모임 후 친구들과 헤어지는 것이 슬프다
SP,432,음성 작다 안들리다,내 목소리가 너무 작아 잘 들리지 않아
SP,433,도착 곳 명동 지하철,목적지가 명동역입니까?
SP,434,도착 곳 국립박물관,목적지는 국립 박물관입니까?
SP,435,몸 힘들다 빨리 가다 쉬다,몸이 좋지 않으니 일찍가서 쉬세요.
SP,436,몸 병 뜨겁다 머리 진통,몸에 열이 많이 나고 두통이 심합니다.
SP,437,몸 힘들다 마음 편하다,몸은 힘들지만 마음은 편하다
SP,438,몸 움직이다 몸 마르다 가능,체중 감량을 위해 몸을 자주 움직여라
SP,439,몸 손묶다 갇히다,내 몸이 묶여 있습니다.
SP,440,몸 병 아프다,나 아파
SP,441,무섭다 이야기 하지마 제발,무서운 얘기 그만해
SP,442,무섭다 눈감다,무서워서 눈을 감았다.
SP,443,고민 있다 말하다 해보다,무슨 일이야
SP,444,문 열다 동시에 문자,문을 열자마자 문자가 왔다.
SP,445,문제 나다 나 말해 약속,문제가 있으면 말해줘
SP,446,문제 쉽다,문제는 쉬웠다
SP,447,물건 잃어버리다 보관 곳곳,물건을 잃어버렸는데 어디서 찾을 수 있나요?
SP,448,물건 잃어버리다 찾다 방법,물건을 잃어버렸는데 어디서 찾을 수 있나요?
SP,449,물건 잃어버리다,나는 무언가를 잃었다.
SP,450,비행기  안  물  병  가지다  가능,물병을 기내에 반입할 수 있습니까?
SP,451,물  병  비행기  안  가지다  가능,물병을 기내에 반입할 수 있습니까?
SP,452,물어보다,물어보기
SP,453,보다 무엇,지금 뭘보고있어
SP,454,미래 위해 미리 준비 필요하다,우리는 미래를 준비해야 합니다
SP,455,미안,죄송합니다
SP,456,미안 잊다 듣다 못하다,잠시 잊고 있었네요 죄송합니다
SP,457,불편하다 신고 곳,어디에 불만을 제기합니까?
SP,458,밖 싸움 경찰 부르다 부탁,밖에서 싸움이 벌어졌다. 경찰을 불러주세요.
SP,459,밖 춥다 나오다 하지마 집 계시다,밖이 추우니 외출하지 말고 집에 있으세요
SP,460,반갑다,만나서 반가워
SP,461,지하철 반대 건너다 가다,맞은편 버스정류장으로 가겠습니다.
SP,462,지하철 반대 건너다 방법,반대편 버스 정류장까지 어떻게 가나요?
SP,463,비행기  안  강아지  가지다  가능,반려견을 동반할 수 있나요?
SP,464,강아지  비행기  안  가지다  가능,반려견을 동반할 수 있나요?
SP,465,반 안 일등 하다,수업에서 1등을 차지하다
SP,466,반지 잃어버리다,반지를 잃어버렸어요.
SP,467,반지 없다 잃어버리다,반지를 잃어버렸어요.
SP,468,반지 실종,반지를 잃어버렸어요.
SP,469,반지 없다 실종,반지를 잃어버렸어요.
SP,470,반지 찾다 실종,반지를 잃어버렸어요.
SP,471,반지 사라지다 실종,반지를 잃어버렸어요.
SP,472,반지 잃어버리다 실종,반지를 잃어버렸어요.
SP,473,반지 실종 잃어버리다,반지를 잃어버렸어요.
SP,474,반지 하다 원하다 돈 얼마,반지를 갖고 싶은데 가격은 얼마인가요?
SP,475,항공  표  받다  어디  곳,매표소는 어디에 있습니까?
SP,476,항공  표  받다  곳  어디,매표소는 어디에 있습니까?
SP,477,항공  표  받다  어디,매표소는 어디에 있습니까?
SP,478,항공  표  받다  곳,매표소는 어디에 있습니까?
SP,479,발권,매표소는 어디에 있습니까?
SP,480,발 발목 발바닥,발목을 삐었습니다.
SP,481,밤 다니다 -면 위험 빨리 오다,밤늦게 가면 위험하니 일찍 오세요.
SP,482,방 -안에 사람 없다,아무도 방에 없다
SP,483,방 따뜻하다 기분 좋다,방이 따뜻해서 기분이 좋다
SP,484,방 너무 넓다 혼자 밤 무섭다,혼자 쓰기엔 방이 너무 커서 밤에 무서움
SP,485,방학 시작 심심하다,방학이 시작되고 난 지루해
SP,486,배 위쪼이다 아프다,배가 꼬인 것처럼 아파요.
SP,487,배 침몰,배가 가라앉고 있다.
SP,488,배고프다 먹다 뭐,배고파서 뭐먹을까
SP,489,배고프다 힘 없다,배고프고 기운이 없다
SP,490,배고프다,굶주린
SP,491,배고프다 먹다 무엇,배고픈데 뭐먹을까
SP,492,버스,버스 정류장이 어디에 있는가?
SP,493,버스 오다 기다리다 되다,버스가 올 때까지 기다려야 한다
SP,494,버스 곳 다음 여기,버스 정류장을 지나서 내려주실 수 있습니까?
SP,495,버스 곳 다음 내리다,버스 정류장을 지나서 내려주실 수 있습니까?
SP,496,버스 곳 다음 차내리다,버스 정류장을 지나서 내려주실 수 있습니까?
SP,497,버스 곳 저기 다음 곳,버스 정류장을 지나서 내려주실 수 있습니까?
SP,498,버스 곳 저기 다음 도착 내리다,버스 정류장을 지나서 내려주실 수 있습니까?
SP,499,버스 곳 저기 다음 도착 차내리다,버스 정류장을 지나서 내려주실 수 있습니까?
SP,500,버스 타다 곳곳,버스 정류장이 어디에 있는가?
SP,501,병원 다음 여기,병원 지나서 내려줄까요?
SP,502,병원 다음 내리다,병원 지나서 내려줄까요?
SP,503,병원 다음 차내리다,병원 지나서 내려줄까요?
SP,504,병원 저기 다음 곳,병원 지나서 내려줄까요?
SP,505,병원 저기 다음 도착 내리다,병원 지나서 내려줄까요?
SP,506,병원 저기 다음 도착 차내리다,병원 지나서 내려줄까요?
SP,507,병원 주차,병원에 차를 주차하겠습니다.
SP,508,병원 주차,병원에 차를 주차하시겠습니까?
SP,509,배 아프다,나는 심한 복통이 있다
SP,510,부모 나 함께 살다 -중,나는 부모님과 함께 산다.
SP,511,부탁,요구
SP,512,부탁상대방 괜찮다,물어봐도 되나요
SP,513,분당 첫차 시간,분당선의 첫 열차는 몇 시입니까?
SP,514,물건  잃어버리다  찾다  가능,분실물을 확인할 수 있나요?
SP,515,불가능 변하다 가능,불가능한 것은 없다
SP,516,불편하다,불편한
SP,517,불편하다,불편해?
SP,518,불편하다 있다 신고,불편한 사항이 있으시면 민원을 제출해 주십시오.
SP,519,불행 기억 잊다 새롭다 시작,나쁜 기억은 잊고 다시 시작하자
SP,520,비 같다 아마,비가 올거야
SP,521,가난 그렇지만 행복,가난하지만 행복하다.
SP,522,비행기  취소  가능,항공편을 취소할 수 있습니까?
SP,523,비행기  지각  방법,비행기 시간을 놓쳤어요. 어떻게 해야 하나요?
SP,524,빠르다,빠른
SP,525,가다 빨리,빨리 데려다 드릴까요?
SP,526,빨리,빨리 데려다 드릴까요?
SP,527,빨리 끝 좋다,빨리 끝나길 바래
SP,528,빠르다위-반복,빨리 해
SP,529,빨리 시작,시작하자
SP,530,빨리 오다 부탁,빨리 오십시오.
SP,531,사거리 전 버스 곳 차내리다,교차로 전에 버스 정류장 앞에서 정차하십시오.
SP,532,사거리 건너다 신호등  차내리다,교차로를 지나 횡단보도 앞에서 정지해 주십시오.
SP,533,사거리 우회전,교차로에서 우회전하세요.
SP,534,발생하다,사고가 있었습니다.
SP,535,사람 각각 성격 다르다,사람들은 다른 성격을 가지고 있습니다
SP,536,사람 혼자 살다 불가능,사람은 혼자 살 수 없다
SP,537,사람 물건 무겁다 깔리다,사람이 무거운 물건에 짓눌립니다.
SP,538,사랑 사람 잊다 쉽다 어렵다,사랑하는 사람을 잊는 것은 어렵다
SP,539,사슴 달리다 빠르다,사슴은 빨리 달린다
SP,540,사춘기 아들 턱 수염 나다,사춘기 아들의 턱에 수염이 나기 시작한다
SP,541,산 뱀 물다,나는 산에서 뱀에게 물렸다.
SP,542,산 동물 만나다 공격,나는 산에서 야생 동물을 만났습니다. 그들이 나를 공격할 것이라고 생각합니다.
SP,543,살다 너무 힘들다,인생은 너무 힘들다
SP,544,상처 받다 미안,내가 당신을 아프게 했다면 미안해요
SP,545,상처 심하다 아니다 괜찮다,상처가 깊지 않아서 괜찮아
SP,546,웃다 모습 귀엽다,웃을 때 귀엽다
SP,547,서로 생각 다르다 싸우다 많다,생각이 달라 많이 싸웠어
SP,548,생각,생각이 달라 많이 싸웠어
SP,549,서대문농아인복지관,서대문 청각장애인복지관에 내려주실 수 있나요?
SP,550,서대문농아인복지관 내리다,서대문 청각장애인복지관에 내려주실 수 있나요?
SP,551,서대문농아인복지관 차내리다,서대문 청각장애인복지관에 내려주실 수 있나요?
SP,552,서대문농아인복지관 오케이,서대문 청각장애인복지관에 내려주실 수 있나요?
SP,553,서대문농아인복지관 가다,서대문 청각장애인복지관에 내려주실 수 있나요?
SP,554,서대문농아인복지관 내리다 오케이,서대문 청각장애인복지관에 내려주실 수 있나요?
SP,555,서대문농아인복지관 차내리다 오케이,서대문 청각장애인복지관에 내려주실 수 있나요?
SP,556,서울 지하철 정기권 사다 무엇 곳,서울에서 정기권은 어디에서 살 수 있나요?
SP,557,서울 지하철 정기권 사다 원하다,서울에서 정기권을 사고 싶어요.
SP,558,서울  버스  어디  곳,서울 시내로 가는 버스 정류장이 어디인가요?
SP,559,서울  버스  곳  어디,서울 시내로 가는 버스 정류장이 어디인가요?
SP,560,서울  버스  어디,서울 시내로 가는 버스 정류장이 어디인가요?
SP,561,서울  버스  곳,서울 시내로 가는 버스 정류장이 어디인가요?
SP,562,서울대학교 가다 목적 길 무엇,서울대학교에 어떻게 가나요?
SP,563,서울대학교 찾다 목적 길 무엇,서울대학교에 어떻게 가나요?
SP,564,서울대학교 곳 목적 가다 방법,서울대학교에 어떻게 가나요?
SP,565,서울대학교 길 목적 가다 방법,서울대학교에 어떻게 가나요?
SP,566,서울대학교 가다 목적 가다 방법,서울대학교에 어떻게 가나요?
SP,567,서울대학교 찾다 목적 가다 방법,서울대학교에 어떻게 가나요?
SP,568,서울대학교 곳 목적 길 가다 방법,서울대학교에 어떻게 가나요?
SP,569,서울대학교 길 목적 길 가다 방법,서울대학교에 어떻게 가나요?
SP,570,서울대학교 가다 목적 길 가다 방법,서울대학교에 어떻게 가나요?
SP,571,서울대학교 찾다 목적 길 가다 방법,서울대학교에 어떻게 가나요?
SP,572,서울대학교 찾다 가다 길 무엇,서울대학교에 어떻게 가나요?
SP,573,서울대학교 목적 가다 길 무엇,서울대학교에 어떻게 가나요?
SP,574,서울대학교 곳 가다 길 가다 방법,서울대학교에 어떻게 가나요?
SP,575,서울대학교 가다 원하다 길 가다 방법,서울대학교에 어떻게 가나요?
SP,576,서울대학교 찾다 가다 길 가다 방법,서울대학교에 어떻게 가나요?
SP,577,서울대학교 목적 가다 길 가다 방법,서울대학교에 어떻게 가나요?
SP,578,서울대학교 곳 찾다 무엇,서울대학교에 어떻게 가나요?
SP,579,서울대학교 길 찾다 무엇,서울대학교에 어떻게 가나요?
SP,580,서울대학교 곳 찾다 방법,서울대학교에 어떻게 가나요?
SP,581,서울대학교 길 찾다 방법,서울대학교에 어떻게 가나요?
SP,582,서울역,서울역까지 어떻게 가나요?
SP,583,서울역 가다 목적 지하철 갈아타다 몇호,서울역에 가려면 어떤 노선으로 갈아타야 하나요?
SP,584,서울역 내리다 가다,서울역으로 가세요.
SP,585,서울역 차내리다 가다,서울역으로 가세요.
SP,586,서울역 도착 가다,서울역으로 가세요.
SP,587,서울역 목적 가다,서울역으로 가세요.
SP,588,서울역 곳 가다,서울역으로 가세요.
SP,589,서울역 가다 내리다,서울역으로 가세요.
SP,590,서울역 가다 차내리다,서울역으로 가세요.
SP,591,책  어디  곳,서점이 어디 있습니까?
SP,592,책  곳  어디,서점이 어디 있습니까?
SP,593,책  어디,서점이 어디 있습니까?
SP,594,책  곳,서점이 어디 있습니까?
SP,595,선생님 학생 뜨겁다 마음 가르치다 열심히,선생님은 열정으로 학생을 가르치고 있습니다
SP,596,미리 카드,사전 승인하겠습니다.
SP,597,미리 카드,사전 승인하시겠습니까?
SP,598,설명 어렵다,설명하기 어렵습니다.
SP,599,점수 나쁘다 우울하다,성적이 안 좋아서 우울해
SP,600,세금  되돌리다  돈받다  어디  곳,세금 환급은 어디서 받을 수 있나요?
SP,601,세금  되돌리다  돈받다  곳  어디,세금 환급은 어디서 받을 수 있나요?
SP,602,세금  되돌리다  돈받다  어디,세금 환급은 어디서 받을 수 있나요?
SP,603,세금  되돌리다  돈받다  곳,세금 환급은 어디서 받을 수 있나요?
SP,604,표  직접  누르다  어디  곳,어디에서 셀프 체크인을 할 수 있나요?
SP,605,표  직접  누르다  곳  어디,어디에서 셀프 체크인을 할 수 있나요?
SP,606,표  직접  누르다  어디,어디에서 셀프 체크인을 할 수 있나요?
SP,607,표  직접  누르다  곳,어디에서 셀프 체크인을 할 수 있나요?
SP,608,소 키우다,소를 기르다
SP,609,119 곳 다음 여기,소방서 지나서 내려줄까요?
SP,610,119 곳 다음 내리다,소방서 지나서 내려줄까요?
SP,611,119 곳 다음 차내리다,소방서 지나서 내려줄까요?
SP,612,119 곳 저기 다음 곳,소방서 지나서 내려줄까요?
SP,613,119 곳 저기 다음 도착 내리다,소방서 지나서 내려줄까요?
SP,614,119 곳 저기 다음 도착 차내리다,소방서 지나서 내려줄까요?
SP,615,119 곳 다음 여기,소방서에서 내려주세요.
SP,616,119 곳 다음 내리다,소방서에서 내려주세요.
SP,617,119 곳 다음 차내리다,소방서에서 내려주세요.
SP,618,119 곳 저기 다음 곳,소방서에서 내려주세요.
SP,619,119 곳 저기 다음 도착 내리다,소방서에서 내려주세요.
SP,620,119 곳 저기 다음 도착 차내리다,소방서에서 내려주세요.
SP,621,비행기  안  손톱깍이  가지다  가능,손톱깎이를 기내에 반입할 수 있나요?
SP,622,손톱깍이  비행기  안  가지다  가능,손톱깎이를 기내에 반입할 수 있나요?
SP,623,손톱깍이  짐  맡기다  가능,손톱깎이를 위탁 수하물로 보낼 수 있습니까?
SP,624,송파 지하철 가다 방법,송파역까지 어떻게 가나요?
SP,625,송파 지하철 곳 방법 무엇,송파역까지 어떻게 가나요?
SP,626,송파 지하철 길 방법 무엇,송파역까지 어떻게 가나요?
SP,627,송파 지하철 목적 방법 무엇,송파역까지 어떻게 가나요?
SP,628,송파 지하철 가다 방법 무엇,송파역까지 어떻게 가나요?
SP,629,송파 지하철 가다 원하다 방법 무엇,송파역까지 어떻게 가나요?
SP,630,송파 지하철 찾다 방법 무엇,송파역까지 어떻게 가나요?
SP,631,송파 지하철 곳 무엇 방법,송파역까지 어떻게 가나요?
SP,632,송파 지하철 길 무엇 방법,송파역까지 어떻게 가나요?
SP,633,송파 지하철 목적 무엇 방법,송파역까지 어떻게 가나요?
SP,634,송파 지하철 목적 길 가다 방법,송파역까지 어떻게 가나요?
SP,635,송파 지하철 가다 길 가다 방법,송파역까지 어떻게 가나요?
SP,636,송파 지하철 가다 원하다 길 가다 방법,송파역까지 어떻게 가나요?
SP,637,송파 지하철 찾다 길 가다 방법,송파역까지 어떻게 가나요?
SP,638,송파 지하철 곳 목적 무엇,송파역까지 어떻게 가나요?
SP,639,송파 지하철 길 목적 무엇,송파역까지 어떻게 가나요?
SP,640,송파 지하철 가다 목적 무엇,송파역까지 어떻게 가나요?
SP,641,송파 지하철 찾다 목적 무엇,송파역까지 어떻게 가나요?
SP,642,송파 지하철 곳 목적 방법,송파역까지 어떻게 가나요?
SP,643,송파 지하철 길 목적 방법,송파역까지 어떻게 가나요?
SP,644,수고,노력
SP,645,수어  느리다  부탁,천천히 수화를 해주세요.
SP,646,수업 시작,수업 시작
SP,647,수영 장소 물 깨끗하다 아니다,수영장 물이 깨끗하지 않습니다
SP,648,짐  무게  초과  추가  돈주다  어디  곳,추가 수하물 요금은 어디에서 지불합니까?
SP,649,짐  무게  초과  추가  돈주다  곳  어디,추가 수하물 요금은 어디에서 지불합니까?
SP,650,짐  무게  초과  추가  돈주다  어디,추가 수하물 요금은 어디에서 지불합니까?
SP,651,짐  무게  초과  추가  돈주다  곳,추가 수하물 요금은 어디에서 지불합니까?
SP,652,항공  짐  맡기다  어디  곳,수하물 보관소는 어디에 있습니까?
SP,653,항공  짐  맡기다  곳  어디,수하물 보관소는 어디에 있습니까?
SP,654,항공  짐  맡기다  어디,수하물 보관소는 어디에 있습니까?
SP,655,항공  짐  맡기다  곳,수하물 보관소는 어디에 있습니까?
SP,656,항공  짐  검사  두다  어디  곳,수하물 보관소는 어디에 있습니까?
SP,657,항공  짐  검사  두다  곳  어디,수하물 보관소는 어디에 있습니까?
SP,658,항공  짐  검사  두다  어디,수하물 보관소는 어디에 있습니까?
SP,659,항공  짐  검사  두다  곳,수하물 보관소는 어디에 있습니까?
SP,660,수화물,짐을 잃어버렸어요. 어떻게 해야 하나요?
SP,661,수화 더 배우다 원하다,수화를 더 배우고 싶어요
SP,662,수화  통역  필요  신청  방법,수화 통역사를 요청하고 싶습니다.
SP,663,숙제 잊다,숙제가 뭔지 잊었어
SP,664,술 취하다 나무 막대 사람 때리다 ,술 취한 남자가 방망이로 사람들을 때리고 있습니다.
SP,665,숨 안되다,숨을 쉴 수가 없어요.
SP,666,쉬다 -하다가 다시 시작,쉬고 다시 시작하자
SP,667,쉽다,쉬운
SP,668,비행기  안  스케이트  가지다  가능,스케이트를 기내에 반입할 수 있나요?
SP,669,스케이트  비행기  안  가지다  가능,스케이트를 기내에 반입할 수 있나요?
SP,670,스케이트  짐  맡기다  가능,스케이트를 위탁 수하물로 보낼 수 있습니까?
SP,671,스키 넘어지다 서다 불가능,스키를 타다가 넘어져서 일어나지 못해요.
SP,672,슬프다,슬퍼
SP,673,표,티켓이 있습니까?
SP,674,표 사다,티켓을 구매하셔야 합니다.
SP,675,표 사다,티켓을 샀니?
SP,676,표,티켓입니다.
SP,677,시간 지키다 철저하다 중요,시간을 지키는 것이 중요하다
SP,678,시간 부족,충분하지 않은 시간
SP,679,시계 잃어버리다,시계를 잃어버렸어요.
SP,680,시계 없다 잃어버리다,시계를 잃어버렸어요.
SP,681,시계 실종,시계를 잃어버렸어요.
SP,682,시계 없다 실종,시계를 잃어버렸어요.
SP,683,시계 찾다 실종,시계를 잃어버렸어요.
SP,684,시계 사라지다 실종,시계를 잃어버렸어요.
SP,685,시계 잃어버리다 실종,시계를 잃어버렸어요.
SP,686,시계 실종 잃어버리다,시계를 잃어버렸어요.
SP,687,버스  어디  곳,시내버스 정류장이 어디인가요?
SP,688,버스  곳  어디,시내버스 정류장이 어디인가요?
SP,689,버스  어디,시내버스 정류장이 어디인가요?
SP,690,버스  곳,시내버스 정류장이 어디인가요?
SP,691,지방  버스  어디  곳,시외버스정류장이 어디인가요?
SP,692,지방  버스  곳  어디,시외버스정류장이 어디인가요?
SP,693,지방  버스  어디,시외버스정류장이 어디인가요?
SP,694,지방  버스  곳,시외버스정류장이 어디인가요?
SP,695,시청,시청에 내려주실 수 있습니까?
SP,696,시청 내리다,시청에 내려주실 수 있습니까?
SP,697,시청 차내리다,시청에 내려주실 수 있습니까?
SP,698,시청 오케이,시청에 내려주실 수 있습니까?
SP,699,시청 차두다,시청에 내려주실 수 있습니까?
SP,700,시청 내리다 오케이,시청에 내려주실 수 있습니까?
SP,701,시청 차내리다 오케이,시청에 내려주실 수 있습니까?
SP,702,시험 합격 기쁘다 불면증,시험에 합격해서 너무 기뻐서 잠을 못자
SP,703,먹다  어디  곳,레스토랑이 어디 있니?
SP,704,먹다  곳  어디,레스토랑이 어디 있니?
SP,705,먹다  어디,레스토랑이 어디 있니?
SP,706,먹다  곳,레스토랑이 어디 있니?
SP,707,먹다 중간 목 실수 삼키다,식사를 하는 동안 목에 음식이 걸렸습니다.
SP,708,신분당 곳 무엇,신분당선은 어디서 타나요?
SP,709,엄지손가락 자르다,신체 일부가 절단되었습니다.
SP,710,실수하다,실수야
SP,711,싫다,싫어하다
SP,712,심심하다,난 지루해
SP,713,밤 12시 후 돈 추가,심야할증료가 적용되나요?
SP,714,밤 12시 후 돈 추가,심야할증료가 적용됩니다.
SP,715,싸우다 하지마 친하다,싸우지 말고 친하게 지내라
SP,716,쌍둥이 성격 다르다,쌍둥이는 성격이 다르다
SP,717,쌍둥이 낳다 그렇다면 행복 고생 더 2배,쌍둥이를 낳으면 행복도 고난도 두 배로
SP,718,기분 좋다,오 기분이 좋아
SP,719,맞다 더럽다,아 너무 더럽다
SP,720,아기 갑자기 토하다,아기가 갑자기 토합니다.
SP,721,아기 숨 힘들다,아기가 숨을 쉬지 않습니다.
SP,722,아기 장난감 먹다 삼키다,아기가 장난감을 삼켰습니다.
SP,723,아니다,아니요.
SP,724,아빠 일 생기다 모두 기억,아버지는 그것을 기억했다
SP,725,아빠 딸 미국 보내다 위하여 일 열심히,아버지는 딸을 미국으로 유학 보내려고 열심히 일했습니다.
SP,726,아버지 키우다 했었다 소 팔다 학교 아들 보내다,아버지는 소를 팔고 아들을 학교에 보냈습니다.
SP,727,아버지 늙다 건강 돌보다 필요,아버지도 늙어서 건강을 돌봐야 한다.
SP,728,아빠 아들 데려가다 박물관 가다,아빠는 아들을 박물관에 데려갔다
SP,729,아시아  항공  표  어디  곳,아시아나항공 카운터는 어디인가요?
SP,730,아시아  항공  표  곳  어디,아시아나항공 카운터는 어디인가요?
SP,731,아시아  항공  표  어디,아시아나항공 카운터는 어디인가요?
SP,732,아시아  항공  표  곳,아시아나항공 카운터는 어디인가요?
SP,733,어린이교통카드 되다,어린이 교통카드를 사용할 수 있습니까?
SP,734,아이 지금 5 되다,아이는 다섯 살이다
SP,735,아기 독 약 삼키다,아이는 독을 삼켰다.
SP,736,아기 벌 크다 침 팔 주사 쓰러지다,아이는 말벌에 쏘여 쓰러졌다.
SP,737,아기 방 갇히다,아이는 방에 갇혔습니다.
SP,738,아기 장남감 삼키다,아이가 장난감을 삼켰습니다.
SP,739,아이 혼자 방황,아이는 혼자 방황하고 있습니다.
SP,740,아이 놀다 곳 실종,나는 공원에서 아이를 잃었다.
SP,741,아이 잃어버리다,나는 내 아이를 잃었다.
SP,742,아이 없다 잃어버리다,나는 내 아이를 잃었다.
SP,743,아이 실종,나는 내 아이를 잃었다.
SP,744,아이 없다 실종,나는 내 아이를 잃었다.
SP,745,아이 찾다 실종,나는 내 아이를 잃었다.
SP,746,아이 사라지다 실종,나는 내 아이를 잃었다.
SP,747,아이 잃어버리다 실종,나는 내 아이를 잃었다.
SP,748,아이 실종 잃어버리다,나는 내 아이를 잃었다.
SP,749,아이 잃어버리다,아이를 잃었나요?
SP,750,아이 없다 잃어버리다,아이를 잃었나요?
SP,751,아이 실종,아이를 잃었나요?
SP,752,아이 없다 실종,아이를 잃었나요?
SP,753,아이 찾다 실종,아이를 잃었나요?
SP,754,아이 사라지다 실종,아이를 잃었나요?
SP,755,아이 잃어버리다 실종,아이를 잃었나요?
SP,756,아이 실종 잃어버리다,아이를 잃었나요?
SP,757,도착 아직,아직 도착하지 않았습니까?
SP,758,도착 아직,아직 도착하지 않았습니다.
SP,759,아프다 참다 불가능,나는 고통을 참을 수 없습니다.
SP,760,몸 아프다 병원 가다 오다,나는 아파서 병원에 갔다
SP,761,아프다 원인 병원 입원,아파서 입원했어요
SP,762,아파트 가다,아파트 단지 안으로 들어가시기 바랍니다.
SP,763,아파트 저기,아파트 단지 안으로 들어가시기 바랍니다.
SP,764,아파트 저기 가다,아파트 단지 안으로 들어가시기 바랍니다.
SP,765,아파트 저기 곳,아파트 단지 안으로 들어가시기 바랍니다.
SP,766,아파트 안 곳,아파트 단지 안으로 들어가시기 바랍니다.
SP,767,아파트 안 도착,아파트 단지 안으로 들어가시기 바랍니다.
SP,768,아파트 안 가다,아파트 단지 안으로 들어가시기 바랍니다.
SP,769,저기 아파트 가다,아파트 단지 안으로 들어가시기 바랍니다.
SP,770,아파트 문 가다,아파트 단지 안으로 들어가시기 바랍니다.
SP,771,아파트 저기,아파트 단지 안으로 들어가 볼까요?
SP,772,아파트 저기 가다,아파트 단지 안으로 들어가 볼까요?
SP,773,아파트 저기 곳,아파트 단지 안으로 들어가 볼까요?
SP,774,아파트 안 곳,아파트 단지 안으로 들어가 볼까요?
SP,775,아파트 안 도착,아파트 단지 안으로 들어가 볼까요?
SP,776,아파트 안 가다,아파트 단지 안으로 들어가 볼까요?
SP,777,아프다,아픈
SP,778,안되다,불가능합니다.
SP,779,바쁘다 아니다 만나다,바쁘지 않으면 보자
SP,780,안경 찾다 실종,안경을 잃어버렸어요.
SP,781,안경 사라지다 실종,안경을 잃어버렸어요.
SP,782,안경 잃어버리다 실종,안경을 잃어버렸어요.
SP,783,안경 실종 잃어버리다,안경을 잃어버렸어요.
SP,784,안내소 무엇,안내데스크는 어디에 있나요?
SP,785,안내소 곳,안내데스크는 어디에 있나요?
SP,786,안내소 곳 무엇,안내데스크는 어디에 있나요?
SP,787,안내소 곳곳,안내데스크는 어디에 있나요?
SP,788,안내소 무엇 곳,안내데스크는 어디에 있나요?
SP,789,안내소 뼈곳,안내데스크는 어디에 있나요?
SP,790,안되다,그럴 순 없어?
SP,791,안전벨트,안전벨트를 매십시오.
SP,792,안전벨트 꼿다,안전벨트를 매십시오.
SP,793,꼿다,안전벨트를 매십시오.
SP,794,알다,괜찮아.
SP,795,미래 학생 가르치다 고민 많다,앞으로 학생들을 어떻게 가르칠지 막막합니다.
SP,796,애인 만나다 위하다 명동 가다,나는 연인을 만나러 명동에 갔다.
SP,797,물  짐  맡기다  가능,액체류를 위탁 수하물로 보낼 수 있습니까?
SP,798,약 보다 차내리다,약국에 들러주세요.
SP,799,약 무엇,약국은 어디에 있습니까?
SP,800,약 곳,약국은 어디에 있습니까?
SP,801,약 곳 무엇,약국은 어디에 있습니까?
SP,802,약 곳곳,약국은 어디에 있습니까?
SP,803,약 무엇 곳,약국은 어디에 있습니까?
SP,804,약 뼈곳,약국은 어디에 있습니까?
SP,805,약속 늦다,약속 시간에 늦었습니까?
SP,806,약속 지키다 중요,약속을 지키는 것이 중요하다
SP,807,살다 어디 ?,어디 살아요
SP,808,어디 연기 불 느끼다,어딘가에 연기가 있습니다. 불이 난 것 같아요.
SP,809,누가 건물 추락,누군가 건물에서 떨어졌습니다.
SP,810,누가 교통사고,누군가 교통사고를 당했습니다.
SP,811,누가 거리 곳 피 머리 흐르다,누군가 거리에서 피를 많이 흘리고 있습니다.
SP,812,누가 바다 빠지다 헤엄치다,누군가가 바다에 빠졌습니다.
SP,813,누가 벼락 엄지손가락,누군가가 번개를 맞았습니다.
SP,814,누가 자살 중,누군가가 자살을 시도하고 있습니다.
SP,815,누가 나 죽이다,누군가 나를 죽이려고 합니다.
SP,816,누가 칼 협박 가지다,누군가가 칼로 위협하고 있습니다.
SP,817,누가 칼 살인 피 흐르다,누군가 칼에 찔려 피를 흘리고 있습니다.
SP,818,누가 잡다,누군가에게 납치되었습니다.
SP,819,무엇,어느 것?
SP,820,어떻게,어떻게 해야 하나요?
SP,821,어렵다,어렵네
SP,822,어른 만나다 예의 말하다 필요,어른 앞에서는 정중하게 말해야 합니다.
SP,823,어린이집 보다 차내리다,어린이집에 들러주세요.
SP,824,어린이집 주차,어린이집에 차를 주차하겠습니다.
SP,825,감사 잘 먹다,감사합니다 잘먹겠습니다
SP,826,어제 -보다 오늘 춥다 아니다,오늘은 어제보다 춥지 않다
SP,827,언덕 다음 여기,언덕 너머로 내려줄까요?
SP,828,언덕 저기 곳 다음 내리다,언덕 너머로 내려줄까요?
SP,829,언덕 저기 곳 다음 차내리다,언덕 너머로 내려줄까요?
SP,830,언덕 저기 곳 다음,언덕 너머로 내려줄까요?
SP,831,언덕 저기 곳 다음 도착 내리다,언덕 너머로 내려줄까요?
SP,832,언덕 저기 곳 다음 도착 차내리다,언덕 너머로 내려줄까요?
SP,833,돈 얼마,얼마예요?
SP,834,돈주다 얼마,얼마예요?
SP,835,돈얼마,얼마예요?
SP,836,돈주다 돈얼마,얼마예요?
SP,837,엄마 헤어지다 슬프다,어머니와 헤어지는 것이 슬프다
SP,838,없다,없음
SP,839,에어컨 끄다,에어컨을 꺼주세요.
SP,840,춥다 끄다,에어컨을 꺼주세요.
SP,841,에어컨 켜다,에어컨을 켜주세요.
SP,842,에어컨,에어컨을 켜주세요.
SP,843,춥다 켜다,에어컨을 켜주세요.
SP,844,에어컨 끄다,에어컨을 끌까요?
SP,845,춥다 끄다,에어컨을 끌까요?
SP,846,엘리베이터 안내하다 도와주다,엘리베이터 타는 것을 도와드릴까요?
SP,847,엘리베이터 안내하다 도움받다,엘리베이터에 타도록 도와주세요.
SP,848,엘리베이터 갑자기 멈추다,엘리베이터가 중간에 갑자기 멈췄다.
SP,849,엘리베이터 무엇,엘리베이터는 어디에 있습니까?
SP,850,엘리베이터 곳,엘리베이터는 어디에 있습니까?
SP,851,엘리베이터 곳 무엇,엘리베이터는 어디에 있습니까?
SP,852,엘리베이터 곳곳,엘리베이터는 어디에 있습니까?
SP,853,엘리베이터 무엇 곳,엘리베이터는 어디에 있습니까?
SP,854,엘리베이터 뼈곳,엘리베이터는 어디에 있습니까?
SP,855,비자  책  잃어버리다  방법,여권을 잃어버렸어요. 어떻게 해야 하나요?
SP,856,비자  책  없다  방법,여권이 없어요. 어떻게 해야 하나요?
SP,857,여기 곳 서대문구 홍제동 한양 아파트 집 위 곳 사람 추락 목적 서다,서대문구 홍제동 한양아파트인데 지붕에서 사람이 떨어지려고 합니다.
SP,858,여기 명동 지하철,명동역입니다.
SP,859,여기 서울 지하철,서울역입니다.
SP,860,여기 송파 지하철 맞다,송파역입니다.
SP,861,여기 신촌 지하철,신촌역입니다.
SP,862,여기 1호 되다,여기서 1호선을 탈 수 있습니까?
SP,863,여기 1호 되다,여기서 1호선을 타시면 됩니다.
SP,864,내리다 갈아타다 가능,여기서 환승하시면 됩니다.
SP,865,여기 기차 되다,여기에서 기차를 탈 수 있습니다.
SP,866,여기 맞다,여기에서 내려드릴까요?
SP,867,여기 내리다 맞다,여기에서 내려드릴까요?
SP,868,여기 차내리다 맞다,여기에서 내려드릴까요?
SP,869,여기 맞다,여기에서 내려줘
SP,870,여기 내리다 맞다,여기에서 내려줘
SP,871,여기 차내리다 맞다,여기에서 내려줘
SP,872,지금 내리다,여기서 하차하겠습니다.
SP,873,여기 내리다 맞다,여기서 내리는게 맞나요?
SP,874,여기 내리다 맞다,여기에서 내리는 것이 맞습니다.
SP,875,택시 여기 되다,여기에서 택시를 탈 수 있습니까?
SP,876,택시 여기 되다,여기에서 택시를 탈 수 있습니다.
SP,877,여기 있다,여기 있어
SP,878,여기 있다,여기 있을래?
SP,879,여의도 방법,여의도까지 어떻게 가나요?
SP,880,여의도 곳 방법,여의도까지 어떻게 가나요?
SP,881,여의도 길 방법,여의도까지 어떻게 가나요?
SP,882,여의도 목적 방법,여의도까지 어떻게 가나요?
SP,883,여의도 가다 원하다 방법,여의도까지 어떻게 가나요?
SP,884,여의도 찾다 방법,여의도까지 어떻게 가나요?
SP,885,여의도 무엇,여의도까지 어떻게 가나요?
SP,886,여의도 곳 무엇,여의도까지 어떻게 가나요?
SP,887,여의도 길 무엇,여의도까지 어떻게 가나요?
SP,888,여의도 목적 무엇,여의도까지 어떻게 가나요?
SP,889,여의도 가다 무엇,여의도까지 어떻게 가나요?
SP,890,여의도 가다 원하다 무엇,여의도까지 어떻게 가나요?
SP,891,여의도 찾다 무엇,여의도까지 어떻게 가나요?
SP,892,여의도 방법 무엇,여의도까지 어떻게 가나요?
SP,893,여의도 무엇 방법,여의도까지 어떻게 가나요?
SP,894,여의도 가다 방법,여의도까지 어떻게 가나요?
SP,895,여의도 길 가다 방법,여의도까지 어떻게 가나요?
SP,896,여행  보험  가입  어디  곳,여행자보험에 가입하고 싶은데 어디서 할 수 있나요?
SP,897,여행  보험  가입  곳  어디,여행자보험에 가입하고 싶은데 어디서 할 수 있나요?
SP,898,여행  보험  가입  어디,여행자보험에 가입하고 싶은데 어디서 할 수 있나요?
SP,899,여행  보험  가입  곳,여행자보험에 가입하고 싶은데 어디서 할 수 있나요?
SP,900,지하철 곳 옷가게 있다,역사에 옷가게가 있습니다.
SP,901,지하철 곳 카페 있다,역에 커피숍이 있습니까?
SP,902,지하철 곳 카페 있다,역 안에 커피숍이 있습니다.
SP,903,지하철 곳 편의점 있다,역에 편의점이 있습니까?
SP,904,지하철 곳 편의점 있다,역 안에 편의점이 있습니다.
SP,905,열쇠 잃어버리다,열쇠를 잃어버렸어요.
SP,906,열쇠 없다 잃어버리다,열쇠를 잃어버렸어요.
SP,907,열쇠 실종,열쇠를 잃어버렸어요.
SP,908,열쇠 없다 실종,열쇠를 잃어버렸어요.
SP,909,열쇠 찾다 실종,열쇠를 잃어버렸어요.
SP,910,열쇠 사라지다 실종,열쇠를 잃어버렸어요.
SP,911,열쇠 잃어버리다 실종,열쇠를 잃어버렸어요.
SP,912,열쇠 실종 잃어버리다,열쇠를 잃어버렸어요.
SP,913,열쇠 잃어버리다,열쇠를 분실하셨나요?
SP,914,열쇠 없다 잃어버리다,열쇠를 분실하셨나요?
SP,915,열쇠 실종,열쇠를 분실하셨나요?
SP,916,열쇠 없다 실종,열쇠를 분실하셨나요?
SP,917,열쇠 찾다 실종,열쇠를 분실하셨나요?
SP,918,열쇠 사라지다 실종,열쇠를 분실하셨나요?
SP,919,열쇠 잃어버리다 실종,열쇠를 분실하셨나요?
SP,920,열쇠 실종 잃어버리다,열쇠를 분실하셨나요?
SP,921,지하철 시간 일정하다 위아래,열차 배차 시간이 정확하지 않습니다.
SP,922,지하철 시간 딱,열차 배차 시간은 일정합니까?
SP,923,지하철오다 중,기차가 오고 있다.
SP,924,지하철오다 아직,기차는 아직 안오나요?
SP,925,영등포 곳 찾다 방법 무엇,영등포까지 어떻게 가나요?
SP,926,영등포 길 찾다 방법 무엇,영등포까지 어떻게 가나요?
SP,927,영등포 곳 길 방법 무엇,영등포까지 어떻게 가나요?
SP,928,영등포 길 곳 방법 무엇,영등포까지 어떻게 가나요?
SP,929,영등포 곳 찾다 무엇 방법,영등포까지 어떻게 가나요?
SP,930,영등포 길 찾다 무엇 방법,영등포까지 어떻게 가나요?
SP,931,영등포 곳 길 무엇 방법,영등포까지 어떻게 가나요?
SP,932,영등포 길 곳 무엇 방법,영등포까지 어떻게 가나요?
SP,933,영등포 곳 찾다 곳 방법,영등포까지 어떻게 가나요?
SP,934,영등포 길 찾다 곳 방법,영등포까지 어떻게 가나요?
SP,935,영등포 곳 찾다 길 방법,영등포까지 어떻게 가나요?
SP,936,영등포 길 찾다 길 방법,영등포까지 어떻게 가나요?
SP,937,영등포 곳 찾다 길 무엇,영등포까지 어떻게 가나요?
SP,938,영등포 길 찾다 길 무엇,영등포까지 어떻게 가나요?
SP,939,영등포 곳 찾다 가다 방법,영등포까지 어떻게 가나요?
SP,940,영등포 곳 찾다 길 가다 방법,영등포까지 어떻게 가나요?
SP,941,영등포 길 찾다 길 가다 방법,영등포까지 어떻게 가나요?
SP,942,영수증 필요,영수증이 필요하세요?
SP,943,영수증 원하다,영수증이 필요하세요?
SP,944,영수증,영수증 주세요.
SP,945,영수증 받다,영수증 주세요.
SP,946,영수증 주세요,영수증 주세요.
SP,947,영어 배우다 원하다,나는 영어를 배우고 싶다
SP,948,영화 보다,영화를 감상
SP,949,영화 보다 슬프다,영화보고 슬펐다
SP,950,예의 지키다,에티켓을 지키다
SP,951,오늘 만나다 가능,오늘 만날 수 있어요
SP,952,오늘 사랑 깨지다 위로 부탁,오늘 헤어졌어요 위로해주세요
SP,953,오늘 하루 수고,오늘 고생하셨습니다.
SP,954,예전 일 때문에 기억 애매,오래전 일이라 기억이 잘 안나네요
SP,955,오른쪽,오른쪽?
SP,956,오른쪽,오른쪽.
SP,957,오천원,5천원인가요?
SP,958,오천원,5천원입니다.
SP,959,착하다 사람 화 더 무섭다,온유한 사람이 화나면 더 무섭다
SP,960,옷 더럽다 심하다 빨래,옷이 너무 더러워서 세탁했어요
SP,961,옷 크다 입다 불가능,옷이 너무 커서 입기 힘들다
SP,962,와이파이,Wi-Fi 신청이 가능한가요?
SP,963,와이파이1  빌리다  어디  곳,와이파이는 어디서 빌릴 수 있나요?
SP,964,와이파이1  빌리다  곳  어디,와이파이는 어디서 빌릴 수 있나요?
SP,965,와이파이1  빌리다  어디,와이파이는 어디서 빌릴 수 있나요?
SP,966,와이파이1  빌리다  곳,와이파이는 어디서 빌릴 수 있나요?
SP,967,와이파이2  빌리다  어디  곳,와이파이는 어디서 빌릴 수 있나요?
SP,968,와이파이2  빌리다  곳  어디,와이파이는 어디서 빌릴 수 있나요?
SP,969,와이파이2  빌리다  어디,와이파이는 어디서 빌릴 수 있나요?
SP,970,와이파이2  빌리다  곳,와이파이는 어디서 빌릴 수 있나요?
SP,971,나 말 듣다 아니다 왜,왜 내 말을 안 들어?
SP,972,헤어지다 아니다 왜,왜 헤어지지 않니?
SP,973,왼쪽,왼쪽?
SP,974,왼쪽,왼쪽.
SP,975,돈 얼마 맞다 확인,요금을 확인하시기 바랍니다.
SP,976,돈 얼마 맞다 확인,요금은 확인하셨나요?
SP,977,돈 계산 틀리다,가격이 안 맞나요?
SP,978,요즘 날 따뜻하다 자다,요즘 날씨가 따뜻해져서 졸려요
SP,979,용산역 접근 주차,나는 용산역 근처에 주차할 것이다.
SP,980,나 가족 행복 살다,우리 가족은 행복하게 살고 있습니다
SP,981,우리 2 만나다 대화 부탁,만나서 이야기하자
SP,982,어머니 자녀 독하다 키우다,어머니는 자식을 엄하게 키웠다.
SP,983,나 집 소 오늘 아침 낳다,우리 소가 오늘 아침에 새끼를 낳았어요
SP,984,나 집 불,저희 집에 불이 났어요.
SP,985,우리 둘 학교 같다,우리는 같은 학교에 간다
SP,986,아기 갑자기 머리 우산,아이가 갑자기 의식을 잃었습니다.
SP,987,우산 실종,우산을 잃어버렸어요.
SP,988,우산 없다 실종,우산을 잃어버렸어요.
SP,989,우산 찾다 실종,우산을 잃어버렸어요.
SP,990,우산 사라지다 실종,우산을 잃어버렸어요.
SP,991,우산 잃어버리다 실종,우산을 잃어버렸어요.
SP,992,우산 실종 잃어버리다,우산을 잃어버렸어요.
SP,993,우산 잃어버리다,우산을 잃어버렸어요.
SP,994,우산 없다 잃어버리다,우산을 잃어버렸어요.
SP,995,편지  어디  곳,우체국은 어디에있어?
SP,996,편지  곳  어디,우체국은 어디에있어?
SP,997,편지  어디,우체국은 어디에있어?
SP,998,편지  곳,우체국은 어디에있어?
SP,999,우회전 맞다,우회전 하시나요?
SP,1000,우회전 확인 맞다,우회전 하시나요?
SP,1001,우회전 확인 맞다,우회전할까요?
SP,1002,우회전 맞다,우회전할까요?
SP,1003,우회전 맞다,우회전 맞습니다.
SP,1004,우회전 확인 맞다,우회전 맞습니다.
SP,1005,우회전 차내리다,우회전하여 내리시기 바랍니다.
SP,1006,위로 필요 같다,위로가 필요할 것 같아
SP,1007,가방  맡기다  가능  개수  몇,위탁 수하물은 몇 개까지 보낼 수 있나요?
SP,1008,가방  맡기다  무게  한계  몇,위탁 수하물의 무게 제한은 어떻게 됩니까?
SP,1009,가방  짐들다  무게  한계  몇,위탁 수하물의 무게 제한은 어떻게 됩니까?
SP,1010,가방  맡기다  무게  최고  가능  몇,위탁 수하물의 무게 제한은 어떻게 됩니까?
SP,1011,가방  짐들다  무게  최고  가능  몇,위탁 수하물의 무게 제한은 어떻게 됩니까?
SP,1012,위하다,~을위한
SP,1013,위험,위험한.
SP,1014,위 집 불,위층에 불이 났어요.
SP,1015,유리 고장 발 밟다 발바닥 상처,유리가 깨져 발을 다쳤습니다.
SP,1016,아기  유모차  빌리다  어디  곳,유모차 대여는 어디에서 하나요?
SP,1017,아기  유모차  빌리다  곳  어디,유모차 대여는 어디에서 하나요?
SP,1018,아기  유모차  빌리다  어디,유모차 대여는 어디에서 하나요?
SP,1019,아기  유모차  빌리다  곳,유모차 대여는 어디에서 하나요?
SP,1020,물건  잃어버리다  검사  두다  어디  곳,분실물 센터는 어디에 있습니까?
SP,1021,물건  잃어버리다  검사  두다  곳  어디,분실물 센터는 어디에 있습니까?
SP,1022,물건  잃어버리다  검사  두다  어디,분실물 센터는 어디에 있습니까?
SP,1023,물건  잃어버리다  검사  두다  곳,분실물 센터는 어디에 있습니까?
SP,1024,유실물,분실물 센터는 어디에 있습니까?
SP,1025,아기  모유  어디  곳,영유아 수유실은 어디에 있습니까?
SP,1026,아기  모유  곳  어디,영유아 수유실은 어디에 있습니까?
SP,1027,아기  모유  어디,영유아 수유실은 어디에 있습니까?
SP,1028,아기  모유  곳,영유아 수유실은 어디에 있습니까?
SP,1029,아기  젖병  어디  곳,영유아 수유실은 어디에 있습니까?
SP,1030,아기  젖병  곳  어디,영유아 수유실은 어디에 있습니까?
SP,1031,아기  젖병  어디,영유아 수유실은 어디에 있습니까?
SP,1032,아기  젖병  곳,영유아 수유실은 어디에 있습니까?
SP,1033,아기  쉬다  어디  곳,베이비 라운지는 어디에 있습니까?
SP,1034,아기  쉬다  곳  어디,베이비 라운지는 어디에 있습니까?
SP,1035,아기  쉬다  어디,베이비 라운지는 어디에 있습니까?
SP,1036,아기  쉬다  곳,베이비 라운지는 어디에 있습니까?
SP,1037,육교 곳 다음 내리다,육교 통과 후 내려주실 수 있나요?
SP,1038,육교 곳 다음 차내리다,육교 통과 후 내려주실 수 있나요?
SP,1039,육교 곳 다음,육교 통과 후 내려주실 수 있나요?
SP,1040,육교 곳 다음 도착 내리다,육교 통과 후 내려주실 수 있나요?
SP,1041,육교 곳 다음 도착 차내리다,육교 통과 후 내려주실 수 있나요?
SP,1042,육교 곳 다음 여기,육교 통과 후 내려주실 수 있나요?
SP,1043,은행 무엇 길,은행은 어디에 있습니까?
SP,1044,은행 길 무엇,은행은 어디에 있습니까?
SP,1045,은행 길 곳,은행은 어디에 있습니까?
SP,1046,은행 곳 길,은행은 어디에 있습니까?
SP,1047,은행 길,은행은 어디에 있습니까?
SP,1048,은행 곳 무엇,은행은 어디에 있습니까?
SP,1049,먹다 음식 베다,밥을 먹다가 칼로 손가락을 베었다.
SP,1050,음악 듣다 중에,나는 음악을 듣는 중이다
SP,1051,의자 무엇,의자는 어디에 있습니까?
SP,1052,의자 곳,의자는 어디에 있습니까?
SP,1053,의자 곳 무엇,의자는 어디에 있습니까?
SP,1054,의자 곳곳,의자는 어디에 있습니까?
SP,1055,의자 무엇 곳,의자는 어디에 있습니까?
SP,1056,의자 뼈곳,의자는 어디에 있습니까?
SP,1057,일 많다 혼자 불가능,이 모든 것을 혼자 하는 것은 불가능합니다
SP,1058,손바닥찍다 가다,이 주소로 이동하십시오.
SP,1059,손바닥찍다 내리다,이 주소로 이동하십시오.
SP,1060,손바닥찍다 차내리다,이 주소로 이동하십시오.
SP,1061,손바닥찍다 도착,이 주소로 이동하십시오.
SP,1062,손바닥찍다 목적,이 주소로 이동하십시오.
SP,1063,손바닥찍다 곳,이 주소로 이동하십시오.
SP,1064,손바닥찍다 내리다 가다,이 주소로 가볼까요?
SP,1065,손바닥찍다 차내리다 가다,이 주소로 가볼까요?
SP,1066,손바닥찍다 도착 가다,이 주소로 가볼까요?
SP,1067,손바닥찍다 목적 가다,이 주소로 가볼까요?
SP,1068,손바닥찍다 곳 가다,이 주소로 가볼까요?
SP,1069,손바닥찍다 가다 내리다,이 주소로 가볼까요?
SP,1070,손바닥찍다 가다 차내리다,이 주소로 가볼까요?
SP,1071,저기 나 가지다 괜찮다,내가 이것을 가질 수 있습니까?
SP,1072,이름 무엇,당신의 이름은 무엇입니까?
SP,1073,지하철 빨리 오다오다,이 기차는 급행열차입니까?
SP,1074,지하철 빨리 오다오다,이 열차는 급행열차입니다.
SP,1075,오늘 일 나 맡다,이 작업은 내가 직접 담당합니다.
SP,1076,남자 불편 어색,이상하게도 그는 특히 불편하다.
SP,1077,낯선 뒤 쫓아오다,이상한 사람이 나를 쫓고있다
SP,1078,지금 움직이다 괜찮다,지금 움직여도 될까요
SP,1079,나 미래 친하다,이제부터 나랑 친구하자
SP,1080,이화여대 가다 목적 방법,이화여자대학교에 어떻게 가나요?
SP,1081,이화여대 찾다 목적 방법,이화여자대학교에 어떻게 가나요?
SP,1082,이화여대 곳 목적 방법 무엇,이화여자대학교에 어떻게 가나요?
SP,1083,이화여대 길 목적 방법 무엇,이화여자대학교에 어떻게 가나요?
SP,1084,이화여대 가다 목적 방법 무엇,이화여자대학교에 어떻게 가나요?
SP,1085,이화여대 찾다 목적 방법 무엇,이화여자대학교에 어떻게 가나요?
SP,1086,이화여대 곳 목적 무엇 방법,이화여자대학교에 어떻게 가나요?
SP,1087,이화여대 길 목적 무엇 방법,이화여자대학교에 어떻게 가나요?
SP,1088,이화여대 가다 목적 무엇 방법,이화여자대학교에 어떻게 가나요?
SP,1089,이화여대 찾다 목적 무엇 방법,이화여자대학교에 어떻게 가나요?
SP,1090,이화여대 곳 목적 곳 방법,이화여자대학교에 어떻게 가나요?
SP,1091,이화여대 길 목적 곳 방법,이화여자대학교에 어떻게 가나요?
SP,1092,이화여대 가다 목적 곳 방법,이화여자대학교에 어떻게 가나요?
SP,1093,이화여대 찾다 목적 곳 방법,이화여자대학교에 어떻게 가나요?
SP,1094,이화여대 곳 목적 길 방법,이화여자대학교에 어떻게 가나요?
SP,1095,이화여대 길 목적 길 방법,이화여자대학교에 어떻게 가나요?
SP,1096,이화여대 가다 목적 길 방법,이화여자대학교에 어떻게 가나요?
SP,1097,이화여대 찾다 목적 길 방법,이화여자대학교에 어떻게 가나요?
SP,1098,이화여대 곳 목적 길 무엇,이화여자대학교에 어떻게 가나요?
SP,1099,이화여대 길 목적 길 무엇,이화여자대학교에 어떻게 가나요?
SP,1100,사람 관계 중요,인간관계가 중요하다
SP,1101,인생 대하여 생각,삶에 대해 생각하다
SP,1102,사람 계산 잘못하다,인원수가 일치하지 않습니다.
SP,1103,인천  항공  장소  가다  방법,인천공항까지 어떻게 가나요?
SP,1104,일 너무 느리다,너무 느리게 일하다
SP,1105,일본  먹다  어디  곳,일식당이 어디있나요?
SP,1106,일본  먹다  곳  어디,일식당이 어디있나요?
SP,1107,일본  먹다  어디,일식당이 어디있나요?
SP,1108,일본  먹다  곳,일식당이 어디있나요?
SP,1109,일 끝 집 가다,나는 일을 끝내고 집에 갔다.
SP,1110,일 복수 힘들다,동시에 일하기 힘들다
SP,1111,일 끝 쉬다 원하다,빨리 일 끝내고 쉬고싶다
SP,1112,일 두 가지 일이 겹치다 바쁘다,나는 많은 일로 너무 바쁩니다.
SP,1113,일 어렵다,일이 어렵다
SP,1114,핸드폰 잃어버리다 찾다,잃어버린 전화를 찾으십시오.
SP,1115,입 모습 읽다 어렵다,입 모양을 제대로 읽지 못해서 어려웠다.
SP,1116,옷 없다 어떻게,입을 옷이 없어요
SP,1117,있다,있다.
SP,1118,차 타다,차를 타다
SP,1119,나 여행 자유 원하다,자유롭게 여행하고 싶다
SP,1120,자유 못하다 가두다 답답하다,자유롭지 못해서 답답하다
SP,1121,자유 살다,자유를 즐기다
SP,1122,나 자유 느끼다 원하다,나는 자유롭고 싶다
SP,1123,자전거 있다,나는 자전거를 가지고 있다.
SP,1124,자전거 있다,자전거가 있습니까?
SP,1125,자판기 어디 길,자판기는 어디에 있습니까?
SP,1126,자판기 길 무엇,자판기는 어디에 있습니까?
SP,1127,자판기 길 곳,자판기는 어디에 있습니까?
SP,1128,자판기 곳 길,자판기는 어디에 있습니까?
SP,1129,자판기 길,자판기는 어디에 있습니까?
SP,1130,자판기 곳 무엇,자판기는 어디에 있습니까?
SP,1131,작다,작은
SP,1132,잠깐 기다리다,기다리세요.
SP,1133,잠깐 기다리다 괜찮다,잠시만 기다려 주시겠습니까?
SP,1134,잠깐  기다리다  부탁,기다리세요.
SP,1135,잠실대교 가다,잠실대교로 건너갈까요?
SP,1136,잠실대교 가다,잠실대교로 건너주세요.
SP,1137,놀다 물건 가지다 놀다,장난감으로 놀다
SP,1138,표지판 보다 찾다,저 표지판을 따라가시면 됩니다.
SP,1139,신호등 곳 차내리다,저기 신호등 앞에서 멈춰주세요.
SP,1140,저기 방 안에 사람 있다,거기에 누군가가있다
SP,1141,나,나?
SP,1142,점심 먹다 아니다 배고프다 아니다 이상하다,이상하게도 점심을 거르는데도 배가 고프지 않았다.
SP,1143,한달 누적사용 내역 보여주다,정기권 사용 이력을 보여주시겠습니까?
SP,1144,한달 누적사용 내역 보다 원하다,정기권의 사용 이력을 알고 싶습니다.
SP,1145,지하철 정기권 사다 무엇 곳,정기권은 어디에서 구입할 수 있습니까?
SP,1146,지하철 정기권 사다 원하다,정기권을 사고 싶습니다.
SP,1147,맞다 반갑다,만나서 반가워요
SP,1148,미안  정보  찾다  없다,정보가 없습니다.
SP,1149,주차  1번  어디  곳,제1주차장은 어디인가요?
SP,1150,주차  1번  곳  어디,제1주차장은 어디인가요?
SP,1151,주차  1번  어디,제1주차장은 어디인가요?
SP,1152,주차  1번  곳,제1주차장은 어디인가요?
SP,1153,주차  2번  어디  곳,제2주차장은 어디인가요?
SP,1154,주차  2번  곳  어디,제2주차장은 어디인가요?
SP,1155,주차  2번  어디,제2주차장은 어디인가요?
SP,1156,주차  2번  곳,제2주차장은 어디인가요?
SP,1157,경찰 부르다,경찰에 전화했어요.
SP,1158,시간 급하다,나는 매우 급하다.
SP,1159,약속 늦다,약속 시간에 늦었어요.
SP,1160,역무원 부르다,나는 역무원에게 전화를 걸었다.
SP,1161,역무원 부르다 나,나는 역무원에게 전화를 걸었다.
SP,1162,급하다,좀 급해요.
SP,1163,택시 문자보내다 맞다,나는 택시를 불렀다.
SP,1164,도착 시간 딱,정시에 도착할 것인가?
SP,1165,제주  홍보  어디  곳,제주홍보관은 어디에 있나요?
SP,1166,제주  홍보  곳  어디,제주홍보관은 어디에 있나요?
SP,1167,제주  홍보  어디,제주홍보관은 어디에 있나요?
SP,1168,제주  홍보  곳,제주홍보관은 어디에 있나요?
SP,1169,조심,조심 해요.
SP,1170,종로 곳 가다 무엇,종로에 어떻게 가나요?
SP,1171,종로 찾다 가다 무엇,종로에 어떻게 가나요?
SP,1172,종로 목적 가다 무엇,종로에 어떻게 가나요?
SP,1173,종로 곳 가다 방법,종로에 어떻게 가나요?
SP,1174,종로 찾다 가다 방법,종로에 어떻게 가나요?
SP,1175,종로 목적 가다 방법,종로에 어떻게 가나요?
SP,1176,종로 곳 가다 방법 무엇,종로에 어떻게 가나요?
SP,1177,종로 찾다 가다 방법 무엇,종로에 어떻게 가나요?
SP,1178,종로 목적 가다 방법 무엇,종로에 어떻게 가나요?
SP,1179,종로 곳 가다 무엇 방법,종로에 어떻게 가나요?
SP,1180,종로 찾다 가다 무엇 방법,종로에 어떻게 가나요?
SP,1181,종로 목적 가다 무엇 방법,종로에 어떻게 가나요?
SP,1182,종로 곳 가다 곳 방법,종로에 어떻게 가나요?
SP,1183,종로 찾다 가다 곳 방법,종로에 어떻게 가나요?
SP,1184,종로 곳 가다 길 방법,종로에 어떻게 가나요?
SP,1185,종로 찾다 가다 길 방법,종로에 어떻게 가나요?
SP,1186,종로 목적 가다 길 방법,종로에 어떻게 가나요?
SP,1187,종로 곳 가다 길 무엇,종로에 어떻게 가나요?
SP,1188,종로 곳 가다 원하다 길 무엇,종로에 어떻게 가나요?
SP,1189,종로 가다 방법,종로역까지 어떻게 가나요?
SP,1190,종로 가다,종로역.
SP,1191,좋다,좋은
SP,1192,좋다,좋은.
SP,1193,좋다 일 있다 아마,좋은 일이 생길거야
SP,1194,좌회전 맞다,좌회전 하시나요?
SP,1195,좌회전 확인 맞다,좌회전 하시나요?
SP,1196,미안 다시 일 생기다 아니다 주의,죄송합니다. 다시는 이런 일이 발생하지 않도록 하겠습니다.
SP,1197,신분증,주민등록증이 있습니까?
SP,1198,군청 곳 다음 내리다,커뮤니티 센터를 지나쳐 내려드릴까요?
SP,1199,군청 곳 다음 차내리다,커뮤니티 센터를 지나쳐 내려드릴까요?
SP,1200,군청 곳 다음 곳,커뮤니티 센터를 지나쳐 내려드릴까요?
SP,1201,군청 곳 다음 도착 내리다,커뮤니티 센터를 지나쳐 내려드릴까요?
SP,1202,군청 곳 다음 도착 차내리다,커뮤니티 센터를 지나쳐 내려드릴까요?
SP,1203,군청 곳 다음 여기,커뮤니티 센터를 지나쳐 내려드릴까요?
SP,1204,물건 깔리다 몸 움직 불가능,주변 구조물이 무너져 갇혔습니다. 나는 내 몸을 움직일 수 없습니다.
SP,1205,차  맡기다  어디  곳,발렛 차량은 어디에서 찾을 수 있나요?
SP,1206,차  맡기다  곳  어디,발렛 차량은 어디에서 찾을 수 있나요?
SP,1207,차  맡기다  어디,발렛 차량은 어디에서 찾을 수 있나요?
SP,1208,차  맡기다  곳,발렛 차량은 어디에서 찾을 수 있나요?
SP,1209,주차  미리  돈주다  가능,주차료를 정산할 수 있습니까?
SP,1210,중국  먹다  어디  곳,중국집은 어디에 있나요?
SP,1211,중국  먹다  곳  어디,중국집은 어디에 있나요?
SP,1212,중국  먹다  어디,중국집은 어디에 있나요?
SP,1213,중국  먹다  곳,중국집은 어디에 있나요?
SP,1214,중요 잊다 하지마,중요하니까 잊지마
SP,1215,약속 중요 있다 나 먼저 가다,중요한 약속이 있어서 먼저 갈게.
SP,1216,여행  편안  반갑다  부탁,즐거운 여행 되시기 바랍니다.
SP,1217,지갑 잃어버리다,지갑을 잃어 버렸다.
SP,1218,지갑 잃어버리다 없다,지갑을 잃어 버렸다.
SP,1219,지갑 실종,지갑을 잃어 버렸다.
SP,1220,지갑 실종 없다,지갑을 잃어 버렸다.
SP,1221,지갑 찾다 실종,지갑을 잃어 버렸다.
SP,1222,지갑 사라지다 실종,지갑을 잃어 버렸다.
SP,1223,지갑 잃어버리다 실종,지갑을 잃어 버렸다.
SP,1224,지갑 실종 잃어버리다,지갑을 잃어 버렸다.
SP,1225,지금 맞다,지금 내려줄까요?
SP,1226,지금 내리다 맞다,지금 내려줄까요?
SP,1227,지금 차내리다 맞다,지금 내려줄까요?
SP,1228,오늘 사랑 받다 중에 행복,지금 사랑받고 있어 행복해
SP,1229,지금 카드 충전,이제 카드를 충전하겠습니다.
SP,1230,지금 카드 충전 가능,지금 카드를 충전할 수 있습니까?
SP,1231,지금 시작 해라,지금 시작
SP,1232,길 지도 보다 찾다 가능,지도를 보고 찾을 수 있습니까?
SP,1233,지름길 내리다 가다,지름길로 가볼까요?
SP,1234,지름길 차내리다 가다,지름길로 가볼까요?
SP,1235,지름길 도착 가다,지름길로 가볼까요?
SP,1236,지름길 목적 가다,지름길로 가볼까요?
SP,1237,지름길 곳 가다,지름길로 가볼까요?
SP,1238,지름길 가다 내리다,지름길로 가볼까요?
SP,1239,지름길 가다 차내리다,지름길로 가볼까요?
SP,1240,지하철 곳 안내하다,지하철 환승 구역으로 안내해 주시겠습니까?
SP,1241,지하철 안 불 피해 심하다,지하철역 내부에 화재가 발생했습니다.
SP,1242,지하철 문 틈 물건 떨어지다,지하철 틈 사이로 물건이 떨어졌다.
SP,1243,지하철 문 틈 이어폰 떨어지다,이어폰이 지하철 틈으로 떨어졌다.
SP,1244,지하철 문 틈 핸드폰 떨어지다,전화기는 지하철 틈으로 떨어졌다.
SP,1245,지하철 가방 위로올리다 까먹다,나는 지하철에 가방을 두고 내렸다.
SP,1246,지하철 곳 다음 내리다,지하철역을 지나서 내리시기 바랍니다.
SP,1247,지하철 곳 다음 차내리다,지하철역을 지나서 내리시기 바랍니다.
SP,1248,지하철 곳 다음 곳,지하철역을 지나서 내리시기 바랍니다.
SP,1249,지하철 곳 다음 도착 내리다,지하철역을 지나서 내리시기 바랍니다.
SP,1250,지하철 곳 다음 도착 차내리다,지하철역을 지나서 내리시기 바랍니다.
SP,1251,지하철 곳 다음 여기,지하철역을 지나서 내리시기 바랍니다.
SP,1252,진짜 미안,정말 죄송합니다
SP,1253,짐 없다,짐이 있나요?
SP,1254,짐 없다,수하물이 없습니다.
SP,1255,짐 있다,짐이 있어요.
SP,1256,짐 있다,수하물이 있습니까?
SP,1257,집 벽 넘어지다,집의 벽이 무너지려고 합니다.
SP,1258,집 계시다 누구,집에 누가 있어
SP,1259,집 도둑 넘어오다,도둑이 집에 들어왔습니다.
SP,1260,집 낯선 넘어오다,모르는 사람이 집에 침입했습니다.
SP,1261,집 가다 엄마 계시다 아니다,"내가 집에 도착했을 때, 어머니는 거기에 없었다."
SP,1262,집 전기 그치다,집에 전기가 나갔습니다.
SP,1263,집 너무 더럽다 청소 보람 불가능,집이 너무 더러워서 청소해도 소용없다
SP,1264,집 크다 놀라다,집이 커서 놀랐어요.
SP,1265,집 흔들리다,집이 흔들리고 있다.
SP,1266,짜장 먹다 가다,짜장면 먹으러 가자
SP,1267,유리 올리다,창문을 닫겠습니다.
SP,1268,차 유리 올리다,창문을 닫겠습니다.
SP,1269,차 올리다,창문을 닫겠습니다.
SP,1270,올리다,창문을 닫겠습니다.
SP,1271,유리 내리다,창문을 좀 열겠습니다.
SP,1272,차 유리 내리다,창문을 좀 열겠습니다.
SP,1273,차 내리다,창문을 좀 열겠습니다.
SP,1274,내리다,창문을 좀 열겠습니다.
SP,1275,찾다,찾기
SP,1276,처음 가다 먹다 괜찮다,처음 갔을 때 음식 맛이 괜찮았습니다.
SP,1277,천안아산역 가다,천안아산역으로 가세요.
SP,1278,천안아산역 내리다,천안아산역으로 가세요.
SP,1279,천안아산역 차내리다,천안아산역으로 가세요.
SP,1280,운전 천천히,천천히 가주세요
SP,1281,천호 지하철 8호 갈아타다,저는 천호역에서 8호선으로 갈아타려고 합니다.
SP,1282,천호 지하철 8호 갈아타다 방법,천호역에서 8호선으로 갈아타려면 어디로 갑니까?
SP,1283,철수 오늘 학교 장소 1등 하다,철수가 이번에 학교에서 1등을 했다.
SP,1284,첫차 시간,첫 열차는 몇 시입니까?
SP,1285,청소 귀찮다,청소하기 귀찮다
SP,1286,초밥 먹다 위하다 일본 가다,스시를 먹으러 일본에 갔다
SP,1287,지하철 지하위 곳곳,출구는 어디입니까?
SP,1288,춥다,추운
SP,1289,닭 먹다 원하다,치킨 먹고싶다
SP,1290,친구 전기 몸 자극 ,친구가 감전을 당했습니다.
SP,1291,친구 쉼쉬다 안되다,친구가 숨을 쉬지 않는 것 같아요.
SP,1292,친구 먹다 중간 흰 네모 자르다 먹다 실수,친구가 먹다가 실수로 방부제를 먹었어요.
SP,1293,친구 심심하다 시간 나 부르다,친구는 심심할 때 전화한다
SP,1294,친구 놀다 저녁 되다,친구들과 놀고 나니 벌써 저녁 시간이 되었다.
SP,1295,친구 만나다 끝,친구를 만났다
SP,1296,친하다 애인 가능,친한 친구가 연인이 될 수 있다
SP,1297,칭찬 듣다 기분 좋다,칭찬을 들으면 기분이 좋다
SP,1298,카드,카드로 결제할 수 있나요?
SP,1299,카드 되다,카드로 결제할 수 있나요?
SP,1300,카드 가능,카드로 결제할 수 있나요?
SP,1301,단말기터치 불량,카드가 인식되지 않습니까?
SP,1302,단말기터치 고장,카드가 인식되지 않습니까?
SP,1303,단말기터치 안되다,카드가 인식되지 않습니까?
SP,1304,단말기터치 잘 안되다,카드가 인식되지 않습니까?
SP,1305,단말기터치 사용 안되다,카드가 인식되지 않습니까?
SP,1306,단말기터치 사용 불가능,카드가 인식되지 않습니까?
SP,1307,단말기터치 불량 죽다,카드가 인식되지 않습니까?
SP,1308,단말기터치 고장 죽다,카드가 인식되지 않습니까?
SP,1309,단말기터치 안되다 죽다,카드가 인식되지 않습니까?
SP,1310,단말기터치 잘 안되다 죽다,카드가 인식되지 않습니까?
SP,1311,카드 사용 안되다 고장,카드가 인식되지 않습니까?
SP,1312,카드 사용 불가능 고장,카드가 인식되지 않습니까?
SP,1313,카드 불량 안되다,카드가 인식되지 않습니까?
SP,1314,카드 고장 안되다,카드가 인식되지 않습니까?
SP,1315,카드 사용 불가능 안되다,카드가 인식되지 않습니까?
SP,1316,카드 불량 잘 안되다,카드가 인식되지 않습니까?
SP,1317,카드 고장 잘 안되다,카드가 인식되지 않습니까?
SP,1318,카드 사용 잘 안되다,카드가 인식되지 않습니까?
SP,1319,카드 불량 사용 안되다,카드가 인식되지 않습니까?
SP,1320,카드 고장 사용 안되다,카드가 인식되지 않습니까?
SP,1321,단말기터치 사용 안되다 고장,카드가 인식되지 않습니다.
SP,1322,단말기터치 사용 불가능 고장,카드가 인식되지 않습니다.
SP,1323,단말기터치 불량 안되다,카드가 인식되지 않습니다.
SP,1324,단말기터치 고장 안되다,카드가 인식되지 않습니다.
SP,1325,단말기터치 사용 불가능 안되다,카드가 인식되지 않습니다.
SP,1326,단말기터치 불량 잘 안되다,카드가 인식되지 않습니다.
SP,1327,단말기터치 고장 잘 안되다,카드가 인식되지 않습니다.
SP,1328,단말기터치 사용 잘 안되다,카드가 인식되지 않습니다.
SP,1329,단말기터치 불량 사용 안되다,카드가 인식되지 않습니다.
SP,1330,단말기터치 고장 사용 안되다,카드가 인식되지 않습니다.
SP,1331,카드 사용 안되다 고장,카드가 인식되지 않습니다.
SP,1332,카드 사용 불가능 고장,카드가 인식되지 않습니다.
SP,1333,카드 불량 안되다,카드가 인식되지 않습니다.
SP,1334,카드 고장 안되다,카드가 인식되지 않습니다.
SP,1335,카드 사용 불가능 안되다,카드가 인식되지 않습니다.
SP,1336,카드 불량 잘 안되다,카드가 인식되지 않습니다.
SP,1337,카드 고장 잘 안되다,카드가 인식되지 않습니다.
SP,1338,카드 사용 잘 안되다,카드가 인식되지 않습니다.
SP,1339,카드 불량 사용 안되다,카드가 인식되지 않습니다.
SP,1340,카드 고장 사용 안되다,카드가 인식되지 않습니다.
SP,1341,카드 되다,카드를 받을 수 있습니까?
SP,1342,비행기  안  카메라  가지다  가능,카메라를 기내에 반입할 수 있습니까?
SP,1343,카메라  비행기  안  가지다  가능,카메라를 기내에 반입할 수 있습니까?
SP,1344,사진기 잃어버리다,카메라를 잃어버렸어요.
SP,1345,사진기 없다 잃어버리다,카메라를 잃어버렸어요.
SP,1346,사진기 실종,카메라를 잃어버렸어요.
SP,1347,사진기 없다 실종,카메라를 잃어버렸어요.
SP,1348,사진기 찾다 실종,카메라를 잃어버렸어요.
SP,1349,사진기 사라지다 실종,카메라를 잃어버렸어요.
SP,1350,사진기 잃어버리다 실종,카메라를 잃어버렸어요.
SP,1351,사진기 실종 잃어버리다,카메라를 잃어버렸어요.
SP,1352,카메라  짐  맡기다  가능,카메라를 위탁 수하물로 보낼 수 있습니까?
SP,1353,비행기  안  칼  가지다  가능,칼을 가지고 탈 수 있습니까?
SP,1354,칼  비행기  안  가지다  가능,칼을 가지고 탈 수 있습니까?
SP,1355,칼  짐  맡기다  가능,칼을 위탁 수하물로 보낼 수 있습니까?
SP,1356,비행기  안  캠코더  가지다  가능,캠코더를 기내에 반입할 수 있습니까?
SP,1357,캠코더  비행기  안  가지다  가능,캠코더를 기내에 반입할 수 있습니까?
SP,1358,캠코더  짐  맡기다  가능,캠코더를 위탁 수하물로 보낼 수 있습니까?
SP,1359,미래 의사 원하다,나는 커서 의사가 되고 싶다
SP,1360,물건  검사  두다  어디  곳,코인 로커는 어디에 있습니까?
SP,1361,물건  검사  두다  곳  어디,코인 로커는 어디에 있습니까?
SP,1362,물건  검사  두다  어디,코인 로커는 어디에 있습니까?
SP,1363,물건  검사  두다  곳,코인 로커는 어디에 있습니까?
SP,1364,크다,큰
SP,1365,키 작다 힘 세다,키는 작지만 강하다.
SP,1366,타다 곳 맞다,타는 곳 맞나요?
SP,1367,항공  가다  검사  어디  곳,어디에서 체크인할 수 있나요?
SP,1368,항공  가다  검사  곳  어디,어디에서 체크인할 수 있나요?
SP,1369,항공  가다  검사  어디,어디에서 체크인할 수 있나요?
SP,1370,항공  가다  검사  곳,어디에서 체크인할 수 있나요?
SP,1371,탑승,어디에서 체크인할 수 있나요?
SP,1372,터널 다음 내리다,터널을 지나 하차합니다.
SP,1373,터널 다음 차내리다,터널을 지나 하차합니다.
SP,1374,터널 다음 곳,터널을 지나 하차합니다.
SP,1375,터널 다음 도착 내리다,터널을 지나 하차합니다.
SP,1376,터널 다음 도착 차내리다,터널을 지나 하차합니다.
SP,1377,터널 다음 여기,터널을 지나 하차합니다.
SP,1378,동굴 무너지다 감히다,터널이 무너져 갇혔습니다.
SP,1379,토요일 -때 쉬다 원하다,나는 토요일에 쉬고 싶다
SP,1380,뒤 트렁크닫다,트렁크를 닫아주세요.
SP,1381,차 트렁크열다,트렁크를 열어주세요.
SP,1382,뒤 트렁크열다,트렁크를 열어주세요.
SP,1383,엉덩이 트렁크열다,트렁크를 열어주세요.
SP,1384,뒤 들어올리다,트렁크를 열어주세요.
SP,1385,뒤 엉덩이 들어올리다,트렁크를 열어주세요.
SP,1386,차 뒤 트렁크열다,트렁크를 열어주세요.
SP,1387,차 엉덩이 트렁크열다,트렁크를 열어주세요.
SP,1388,차 뒤 들어올리다,트렁크를 열어주세요.
SP,1389,차 뒤 엉덩이 들어올리다,트렁크를 열어주세요.
SP,1390,트렁크열다 물건 나르다,제 짐을 트렁크에 넣는 것을 도와주세요.
SP,1391,짐 차 트렁크열다 나르다,짐은 트렁크에 넣어둘게요.
SP,1392,짐 차 트렁크열다 나르다,짐을 트렁크에 넣을까요?
SP,1393,틀리다,잘못된.
SP,1394,파리바게트 다음 곳 도착 차내리다,파리바게뜨 지나서 내려주세요.
SP,1395,파리바게트 다음 곳 저기,파리바게뜨 지나서 내려주세요.
SP,1396,파리바게트 다음 저기 내리다,파리바게뜨 지나서 내려주세요.
SP,1397,파리바게트 다음 저기 차내리다,파리바게뜨 지나서 내려주세요.
SP,1398,파리바게트 다음 저기 곳,파리바게뜨 지나서 내려주세요.
SP,1399,파리바게트 다음 저기 도착 내리다,파리바게뜨 지나서 내려주세요.
SP,1400,파리바게트 다음 저기 도착 차내리다,파리바게뜨 지나서 내려주세요.
SP,1401,파리바게트 다음 저기 곳 내리다,파리바게뜨 지나서 내려주세요.
SP,1402,파리바게트 다음 저기 곳 차내리다,파리바게뜨 지나서 내려주세요.
SP,1403,파리바게트 다음 저기 곳 도착 내리다,파리바게뜨 지나서 내려주세요.
SP,1404,파리바게트 다음 저기 곳 도착 차내리다,파리바게뜨 지나서 내려주세요.
SP,1405,편의점 무엇,편의점은 어디에 있습니까?
SP,1406,편의점 곳,편의점은 어디에 있습니까?
SP,1407,편의점 곳 무엇,편의점은 어디에 있습니까?
SP,1408,편의점 곳곳,편의점은 어디에 있습니까?
SP,1409,편의점 무엇 곳,편의점은 어디에 있습니까?
SP,1410,편의점 뼈곳,편의점은 어디에 있습니까?
SP,1411,보통 느끼다 대하여 말하다,평소에 어떻게 느끼는지 말해줘
SP,1412,포기,포기하다
SP,1413,포기 원하다,나는 포기하고 싶다
SP,1414,포기 마음 크다 그렇지만 참다 필요,포기하고 싶은 마음이 강하지만 참아야 합니다.
SP,1415,포기 안되다,포기하지마
SP,1416,폭발,폭탄이 터졌습니다.
SP,1417,필요없다,필요 없음.
SP,1418,필요없다,필요하지 않습니까?
SP,1419,필요,필요해?
SP,1420,하늘 보다 마음 편하다,하늘을 보면 마음이 편해집니다
SP,1421,학교 보다 차내리다,학교에 들러주세요.
SP,1422,학교 주차,나는 학교에 차를 주차할 것이다.
SP,1423,학교 주차 되다,학교에 차를 주차할 수 있나요?
SP,1424,학생 맡다 무엇 공부,학생들은 공부해야 한다
SP,1425,하나 물어보다,한 가지만 더 여쭤보겠습니다
SP,1426,한국  먹다  어디  곳,한식당은 어디에 있나요?
SP,1427,한국  먹다  곳  어디,한식당은 어디에 있나요?
SP,1428,한국  먹다  어디,한식당은 어디에 있나요?
SP,1429,한국  먹다  곳,한식당은 어디에 있나요?
SP,1430,항공  쉬다  서비스  어디  곳,항공사 라운지는 어디인가요?
SP,1431,항공  쉬다  서비스  곳  어디,항공사 라운지는 어디인가요?
SP,1432,항공  쉬다  서비스  어디,항공사 라운지는 어디인가요?
SP,1433,항공  쉬다  서비스  곳,항공사 라운지는 어디인가요?
SP,1434,바다 가깝다 곳 상어 오다,해안에 상어가 나타났습니다.
SP,1435,바다 가깝다 곳 해파리 오다,해파리가 해안에 나타났습니다.
SP,1436,해파리 팔 주사,나는 해파리에 쏘였다.
SP,1437,비행기  안  핸드폰  충전  네모  가지다  가능,휴대전화 보조 배터리를 기내에 반입할 수 있습니까?
SP,1438,핸드폰  충전  네모  비행기  안  가지다  가능,휴대전화 보조 배터리를 기내에 반입할 수 있습니까?
SP,1439,핸드폰  충전  네모  짐  맡기다  가능,휴대전화 보조 배터리를 위탁 수하물로 보낼 수 있습니까?
SP,1440,허리 아프다 일어서다 불가능,허리가 아파서 못 일어납니다.
SP,1441,요즘 사람 모두 바쁘다 살다 중에,현대인은 바쁘다
SP,1442,지금 그녀 건강 너무 좋다,지금 그녀의 건강은 매우 좋습니다.
SP,1443,화나다,화났어?
SP,1444,화장실 가다 짐 맡다 부탁,화장실에 갈 테니까 잠시 짐 좀 들어주세요.
SP,1445,화장실  어디  곳,화장실이 어디예요?
SP,1446,화장실  곳  어디,화장실이 어디예요?
SP,1447,화장실  어디,화장실이 어디예요?
SP,1448,화장실  곳,화장실이 어디예요?
SP,1449,확인 가능,확인 할수 있어요?
SP,1450,확인,내가 확인 할게요.
SP,1451,회의실 무엇,회의실은 어디에 있습니까?
SP,1452,회의실 곳,회의실은 어디에 있습니까?
SP,1453,회의실 곳 무엇,회의실은 어디에 있습니까?
SP,1454,회의실 곳곳,회의실은 어디에 있습니까?
SP,1455,회의실 무엇 곳,회의실은 어디에 있습니까?
SP,1456,신호등 횡단보도 여기,횡단보도를 건너?
SP,1457,수레  빌리다  어디  곳,휠체어 대여소는 어디에 있습니까?
SP,1458,수레  빌리다  곳  어디,휠체어 대여소는 어디에 있습니까?
SP,1459,수레  빌리다  어디,휠체어 대여소는 어디에 있습니까?
SP,1460,수레  빌리다  곳,휠체어 대여소는 어디에 있습니까?
SP,1461,휠체어  빌리다  어디  곳,휠체어 대여소는 어디에 있습니까?
SP,1462,휠체어  빌리다  곳  어디,휠체어 대여소는 어디에 있습니까?
SP,1463,휠체어  빌리다  어디,휠체어 대여소는 어디에 있습니까?
SP,1464,휠체어  빌리다  곳,휠체어 대여소는 어디에 있습니까?
SP,1465,핸드폰 번호 필요,휴대폰 번호를 알려주실 수 있나요?
SP,1466,핸드폰 잃어버리다,휴대폰을 잃어버렸어요.
SP,1467,핸드폰 없다 잃어버리다,휴대폰을 잃어버렸어요.
SP,1468,핸드폰 실종,휴대폰을 잃어버렸어요.
SP,1469,핸드폰 없다 실종,휴대폰을 잃어버렸어요.
SP,1470,핸드폰 찾다 실종,휴대폰을 잃어버렸어요.
SP,1471,핸드폰 사라지다 실종,휴대폰을 잃어버렸어요.
SP,1472,핸드폰 잃어버리다 실종,휴대폰을 잃어버렸어요.
SP,1473,핸드폰 실종 잃어버리다,휴대폰을 잃어버렸어요.
SP,1474,핸드폰  충전  어디  곳,어디에서 휴대폰을 충전할 수 있나요?
SP,1475,핸드폰  충전  곳  어디,어디에서 휴대폰을 충전할 수 있나요?
SP,1476,핸드폰  충전  어디,어디에서 휴대폰을 충전할 수 있나요?
SP,1477,핸드폰  충전  곳,어디에서 휴대폰을 충전할 수 있나요?
SP,1478,쉬다 날 때문에 공원 장소 사람 많다,휴일이라 공원에 사람이 많다.
SP,1479,난방 켜다,히터를 켜주세요.
SP,1480,난방,히터를 켜주세요.
SP,1481,따뜻하다 켜다,히터를 켜주세요.
SP,1482,난방 사용 안되다 불가능,히터가 작동하지 않습니다.
SP,1483,난방 불량 사용 불가능,히터가 작동하지 않습니다.
SP,1484,난방 고장 사용 불가능,히터가 작동하지 않습니다.
SP,1485,난방 안되다 사용 불가능,히터가 작동하지 않습니다.
SP,1486,난방 잘 안되다 사용 불가능,히터가 작동하지 않습니다.
SP,1487,난방 끄다,히터를 끌까요?
SP,1488,따뜻하다 끄다,히터를 끌까요?
SP,1489,따뜻하다 그만,히터를 끌까요?
SP,1490,힘들다,힘드시죠?
SP,1491,힘들다 위로 힘,힘들 때 위로 받으면 강해진다
SP,1492,힘들다 그렇지만  참다 필요,힘들어도 참아야지
SP,1493,힘들다 쉬다 원하다,피곤하고 쉬고싶다
SP,1494,힘들다,어렵다
